Area,Time period,FAO_Avg Population in Severe Food Insecurity (thousands),Level of water stress: freshwater withdrawal as a proportion of available freshwater resources,Access to electricity (% of population),CO2 emissions (metric tons per capita),"Agriculture, forestry, and fishing, value added (% of GDP)",Renewable electricity output (% of total electricity output),Political Stability and Absence of Violence/Terrorism: Estimate,Adjusted savings: energy depletion (% of GNI),CO2 emissions from liquid fuel consumption (% of total),"Electricity production from renewable sources, excluding hydroelectric (% of total)",GDP growth (annual %),Renewable energy consumption (% of total final energy consumption),"Water productivity, total (constant 2015 US$ GDP per cubic meter of total freshwater withdrawal)",CPIA policy and institutions for environmental sustainability rating (1=low to 6=high),Nitrous oxide emissions in energy sector (thousand metric tons of CO2 equivalent),Trade (% of GDP),"Access to electricity, rural (% of rural population)",Alternative and nuclear energy (% of total energy use),CPIA business regulatory environment rating (1=low to 6=high),"Electricity production from oil, gas and coal sources (% of total)","Annual freshwater withdrawals, total (% of internal resources)",final_sentiment_score
Afghanistan,2013.0,,54.7570194384,68.0408782958984,0.29808781267706,22.8106627361766,78.6364080993837,-2.51934909820557,0.121906983917408,56.2330787309048,,5.60074465808174,16.86,0.905249149901747,2.5,0.0,,60.2391977225107,,2.5,,43.0159066808059,
Afghanistan,2014.0,,54.7570194384,89.5,0.283692395910162,22.1370413719574,85.3235490326885,-2.41106843948364,0.0966641446262806,48.3142509603073,,2.72454336394887,18.93,0.929913055542599,2.5,0.1,,86.5005116269173,,2.5,,43.0159066808059,
Afghanistan,2015.0,4973.2,54.7570194384,71.5,0.297971774718822,20.6343227166798,86.0501112508465,-2.56262516975403,0.0559867833285066,59.3420650813517,,1.45131466009762,17.53,0.94340902004385,2.5,0.0,,64.5733543829493,,2.5,,43.0159066808059,
Afghanistan,2016.0,5243.9,54.7570194384,97.7,0.268358772656602,25.7403140364582,,-2.6621561050415,0.0763640841889861,47.0408119079838,,2.26031420130457,19.92,0.96473302810029,2.5,0.0,,97.0993598284929,,2.5,,43.0159066808059,
Afghanistan,2017.0,6181.2,54.7570194384,97.7,0.281195815732375,26.4201990834448,,-2.79497361183167,0.121057624440334,,,2.6470032019574,19.21,0.990269542244445,2.5,0.0,,97.0919732482142,,2.0,,43.0159066808059,
Afghanistan,2018.0,6338.1,54.7570194384,93.4308776855469,0.299082634225993,22.0428967527575,,-2.75326204299927,0.163438299892063,,,1.18922812838036,17.96,1.0020461061876,2.5,0.1,,91.6060600230095,,2.0,,43.0159066808059,
Afghanistan,2019.0,7472.8,54.7570194384,97.7,0.297563650500103,25.7739707394105,,-2.65240693092346,0.100777601807337,,,3.91160341942292,18.51,1.04124217594143,2.5,0.1,,97.0756269501314,,2.0,,43.0159066808059,
Afghanistan,2020.0,8792.3,54.7570194384,97.7,0.223478872007068,29.9755825210461,,-2.70263171195984,0.0057101927768849,,,-2.3511006734461,17.58,1.01676152413066,2.5,0.0,46.7098945514103,97.0667125932952,,2.0,,43.0159066808059,
Albania,2013.0,,6.6085336538,99.8903121948242,1.65638950333875,19.5651578123229,100.0,0.0919297859072685,2.00870671397852,69.5887891440501,0.0,1.00201754071108,41.14,9.95350561694687,,54.1,75.8737138467897,99.8423370630002,26.0687850119228,,0.0,4.08795539033457,
Albania,2014.0,,6.4602163462,99.95,1.79571244233506,19.9901813581977,100.0,0.485986232757568,2.20813212068149,73.9722413793103,0.0,1.77444885260394,38.56,10.3626986444515,,60.0,75.4078455964825,99.8970949705824,24.5480502099359,,0.0,3.99620817843866,
Albania,2015.0,288.3,5.5288461538,99.98,1.66521852478371,19.7802144171366,100.0,0.341639041900635,1.00934614136604,65.8902761341223,0.0,2.21872637517804,38.49,12.3770142532814,,60.7,71.801006339647,99.9530141412494,,,0.0,3.42007434944238,
Albania,2016.0,302,6.5625,99.89,1.5900693334483,19.8499944651163,,0.337447881698608,0.570880309529029,68.2076876267749,,3.31498068384137,39.44,10.7731914782169,,67.4,74.809862823171,99.73544336516,,,,4.05947955390335,
Albania,2017.0,316.7,6.5564903846,99.89,1.88055711291312,19.0221266422351,,0.373769819736481,0.7089990468508,,,3.80259872019053,36.94,11.193102813643,,67.9,78.1942495319136,99.7291774311292,,,,4.05576208178439,
Albania,2018.0,288.9,5.7572115385,100.0,1.85464154039805,18.4294953023634,,0.366642981767654,0.904367761075784,,,4.01934561695576,37.83,13.2593993740856,,74.8,76.8081841283291,100.0,,,,3.56133828996283,
Albania,2019.0,251.5,6.796875,100.0,1.74946245713759,18.3893323354028,,0.110049679875374,0.918745098838545,,,2.08771199649604,40.11,11.4656908158899,,74.2,76.2791946495763,100.0,,,,4.20446096654275,
Albania,2020.0,220.3,4.7235576923,100.0,1.54455011524574,19.2252227057273,,0.0885764509439468,0.348288636459883,,,-3.30208203862541,44.58,15.9535525979695,,60.2,59.8297294321628,100.0,,,,2.92193308550186,
Algeria,2013.0,,115.1634538718,99.1879272460938,3.65846867891071,9.85111712761217,0.55101018533979,-1.20237147808075,14.880160593141,39.9979909167885,0.0,2.8,0.13,18.8398146319671,,3575.1,63.6108236711147,97.7620127432167,0.0429831625830771,,99.4489898146602,72.7719984591447,
Algeria,2014.0,,120.5759579757,99.2745513916016,3.81152114717356,10.2863970707309,0.395379969490365,-1.19053518772125,14.1340441100446,38.1097485771918,0.0,3.79999999836768,0.07,18.6778954096616,,3656.9,62.4143160110881,97.9023321043283,0.0301060361261635,,99.6046200305096,76.1921697634925,
Algeria,2015.0,5155.3,125.9884620796,99.3561935424805,3.95196093867474,11.5787073364509,0.322683798947644,-1.09078657627106,8.97535141974415,38.0642488182503,0.111921858193552,3.70000000138755,0.06,18.5368801503385,,3721.3,59.6951285987184,98.0713100180177,,,99.6773162010524,79.6123410687294,
Algeria,2016.0,5103.2,129.8719572253,99.4336929321289,3.83383422168475,12.22009479501,,-1.09974193572998,7.7387610213418,37.3350994070457,,3.20000000173945,0.08,18.5580238423331,,3699.1,55.9256678771781,98.2675567857337,,,,82.0663287987908,
Algeria,2017.0,4691,137.9203602082,99.5300216674805,3.83368112626665,11.7560887332265,,-0.919614136219025,9.28763213557326,,,1.29999999827666,0.14,17.702238047605,,3672.8,55.3214030214594,98.5686334393736,,,,87.152129456744,
Algeria,2018.0,3904.2,137.9203602082,99.6377410888672,3.92429872230088,11.8743717360924,,-0.842121779918671,12.5813612827782,,,1.20000000102394,0.19,17.9146649043575,,3690.1,58.0655601049354,98.9468531826338,,,,87.152129456744,
Algeria,2019.0,2966,137.9203602082,99.5,3.99440182789199,12.3369528102165,,-1.05582988262177,11.0477620909706,,,0.999999998155587,0.16,18.0938115530707,,3689.3,51.8097384415762,98.6810562619086,,,,87.152129456744,
Algeria,2020.0,2705.2,137.9203602082,99.7187728881836,3.7182233703076,13.78423869805,,-0.847814321517944,7.59935248951115,,,-5.09999999763123,0.15,17.1710271642927,,3576.8,45.3306561165563,99.1210908229458,,,,87.152129456744,
Angola,2013.0,,1.8718832891,38.3981781005859,1.0310436355189,6.50749231982044,58.0209347614411,-0.39123347401619,24.3688347106459,53.1837903717245,0.0,4.95461303112738,47.95,121.193090090597,2.5,360.7,86.8119327587926,,2.54660688169104,2.0,41.9790652385589,0.476824324324324,
Angola,2014.0,,1.8718832891,32.0,1.0914970571178,7.5470567791822,53.1751054852321,-0.333232045173645,18.2266101064466,81.6206641640196,0.0,4.82255926962156,48.27,127.037698690902,,374.0,79.3329227828897,,2.54884001929019,,46.8248945147679,0.476824324324324,
Angola,2015.0,5922.1,1.8718832891,42.0,1.12518536428885,9.12253437222206,53.1749283080705,-0.50538581609726,10.3962758441423,48.580449374289,0.0,0.943571561325001,47.84,128.236390287911,,375.4,62.8885160890192,3.81506733203609,,,46.8250716919295,0.476824324324324,
Angola,2016.0,,1.8718832891,41.7850341796875,1.01255212444657,9.83116886032956,,-0.321580082178116,16.0534120649211,50.640016944366,,-2.5801112218828,49.03,124.927748791555,,369.0,53.3701580675988,,,,,0.476824324324324,
Angola,2017.0,,1.8718832891,42.9062423706055,0.829723216824015,10.0169959653141,,-0.38913482427597,20.8526426986846,,,-0.147149825449205,56.25,124.743917827271,,344.9,52.2568222278462,,,,,0.476824324324324,
Angola,2018.0,7516.4,1.8718832891,45.29,0.755827619476188,8.60774180183334,,-0.347750902175903,25.9955371825433,,,-1.31636168896895,55.94,123.101836683674,,351.3,66.3780133263399,7.33344823653539,,,,0.476824324324324,
Angola,2019.0,8706.5,1.8718832891,45.6338806152344,0.753638205444169,7.88262506936516,,-0.370094686746597,23.4362491065546,,,-0.702272957616017,54.39,122.237325774316,,371.2,57.8295381183036,,,,,0.476824324324324,
Angola,2020.0,10177.7,1.8718832891,46.9554443359375,0.592742967779037,9.94654357144815,,-0.600726008415222,15.5911671226567,,,-5.63821471714934,61.02,115.345322882659,,330.2,65.9420289304636,,,,,0.476824324324324,
Antigua and Barbuda,2013.0,,8.4615384615,100.0,5.34368396668814,1.48407919187403,0.0,0.958863377571106,0.0,111.570425531915,,0.485932080790846,0.11,315.138531230082,,0.0,,100.0,,,,8.46153846153846,
Antigua and Barbuda,2014.0,,8.4615384615,100.0,5.34089380967323,1.44110410331897,0.0,0.984550714492798,0.0,110.01,,2.21145251322996,0.11,322.107670199125,,0.0,141.533614122552,100.0,,,,8.46153846153846,
Antigua and Barbuda,2015.0,,8.4615384615,100.0,5.45023960151655,1.44541131496108,0.0,0.987564265727997,0.0,111.506734693878,,1.44515529873077,0.36,326.762626262626,,0.0,130.047089857133,100.0,,,,8.46153846153846,
Antigua and Barbuda,2016.0,,8.4615384615,100.0,5.5264785124332,1.45841672530002,,0.859249651432037,0.0,111.4768,,4.09976553877765,0.45,340.159127807746,,0.0,132.018040013227,100.0,,,,8.46153846153846,
Antigua and Barbuda,2017.0,,8.4615384615,100.0,5.48842722154545,1.66492908993713,,0.732059717178345,0.0,,,2.46333336590416,0.45,348.538381100203,,0.0,127.973130855251,100.0,,,,8.46153846153846,
Antigua and Barbuda,2018.0,,8.4615384615,100.0,5.5508261847074,1.62679191195975,,0.822919726371765,0.0,,,6.95318609219737,0.7,372.772903340832,,0.0,130.655152659419,100.0,,,,8.46153846153846,
Antigua and Barbuda,2019.0,,8.4615384615,100.0,5.52558159731646,1.64775837456665,,0.937967896461487,0.0,,,3.10044514982847,0.69,384.330522742338,,0.0,137.625175755884,100.0,,,,8.46153846153846,
Antigua and Barbuda,2020.0,<100,8.4615384615,100.0,5.12173012173012,2.28029875431527,,0.929504930973053,0.0,,,-18.8803992026325,0.74,311.76738579102,,0.0,94.3457201737921,100.0,,,,8.46153846153846,
Argentina,2013.0,,10.4566640772,99.285774230957,4.34225013023383,6.05291843670451,31.4844907174391,0.0653142631053925,2.38630562435735,49.3669875,2.11535972619681,2.40532378079436,8.91,15.7564066412087,,1256.06,29.3339290021037,95.4264642484105,5.67143015652958,,64.0525460532938,12.9075342465753,
Argentina,2014.0,,10.4566640772,100.0,4.20911189491323,6.71270351428559,31.5762041956827,-0.0051218713633716,2.21103916447582,48.6833944750153,1.96826453938701,-2.51261532081394,9.79,15.360508753932,,1228.06,28.4067936452275,100.0,5.50150364266138,,64.2570688132501,12.9075342465753,
Argentina,2015.0,2487.3,10.4566640772,99.6890335083008,4.30191380564475,5.1566859021408,28.1400691239471,0.0087641347199678,0.78997913166528,49.2362093610619,1.89849403616245,2.73115982828944,9.4,15.7800287984402,,1290.86,22.4862260889792,97.6160575199843,,,66.935022110005,12.9075342465753,
Argentina,2016.0,3771.7,10.4566640772,99.8997421264648,4.20181586904703,6.26456582010254,,0.197749897837639,0.568187363007616,48.1835999565878,,-2.08032784377811,9.38,15.4517524655901,,1308.96,26.0938878488799,99.2730691798647,,,,12.9075342465753,
Argentina,2017.0,4937.8,10.4566640772,100.0,4.07011168693629,5.23162237725058,,0.162541434168816,0.676135028048864,,,2.81850297775918,10.37,15.8872605689487,,1372.86,25.2896011376779,100.0,,,,12.9075342465753,
Argentina,2018.0,5721.6,10.4566640772,99.9937362670898,3.97565074444479,4.53787889681146,,0.0068099140189588,1.43730115442118,,,-2.61739646282038,10.52,15.471427972778,,1374.16,30.7625359549926,99.9229553144899,,,,12.9075342465753,
Argentina,2019.0,5652.8,10.4566640772,100.0,3.74202981162433,5.3185559967348,,-0.0978643074631691,1.53656088925892,,,-2.00086100285785,10.74,15.1618662038854,,1364.76,32.6306150458499,100.0,,,,12.9075342465753,
Argentina,2020.0,5846,10.4566640772,100.0,3.4056175404138,6.35703367575527,,-0.0720262452960014,0.805650721774117,,,-9.9004848136464,9.84,13.6607679429044,,1034.56,30.203698807416,100.0,,,,12.9075342465753,
Armenia,2013.0,,59.612668953,99.42,1.896163384039,18.4347628834968,28.2360570687419,0.11038514226675,0.0,15.5347454545455,0.0518806744487678,3.3,6.77,3.34035704374151,3.0,28.9,77.5550481598824,99.4371473603841,25.7297412632428,4.5,41.1543450064851,43.0820819361423,
Armenia,2014.0,,57.69618721,99.71,1.89589367216507,18.0720363470662,25.7548387096774,-0.297135800123215,0.0,15.6583576642336,0.0516129032258065,3.60000000058993,7.08,3.57556022609358,,37.2,75.778866962639,99.7955454829429,25.7182641321184,,42.4387096774194,41.6970403848958,
Armenia,2015.0,,66.007665927,100.0,1.85625278998956,17.2231200318056,28.3369662777279,-0.256798654794693,0.0,15.3821722846442,0.0512886267470189,3.19999999896625,10.74,3.22534765232702,,38.6,71.6820743427575,100.0,,,35.9148608795999,47.7037469018807,
Armenia,2016.0,,64.1920516441,99.8,1.7679664042068,16.39047353385,,-0.667951107025146,0.0,16.3459960552268,,0.199999999825991,13.15,3.32320684897312,,38.8,76.0779674593548,99.8,,,,46.391602274384,
Armenia,2017.0,<100,57.7970546702,99.7,1.88339587008485,14.9942601242776,,-0.626211225986481,4.09358326137727e-09,,,7.50000000164144,12.56,3.96772338852128,,40.3,87.202376539837,99.5289752478917,,,,41.7699373086456,
Armenia,2018.0,<100,54.7508573734,99.9,2.01377938113001,13.9423116554146,,-0.451120525598526,6.9336091218544606e-09,,,5.19999999965324,11.13,4.40627816451583,,39.9,92.473107021212,99.9,,,,39.5684502114011,
Armenia,2019.0,<100,57.7970546702,100.0,2.1965523671897,11.5256107379588,,-0.420044243335724,4.65711934681501e-09,,,7.59999999853918,10.34,4.49127242500766,,43.9,96.1141541288708,100.0,,,,41.7699373086456,
Armenia,2020.0,,57.0909824491,100.0,2.40468376195106,11.3498051554549,,-0.77164226770401,4.3661940875878206e-09,,,-7.19999999920631,8.38,4.219447286897,,47.6,69.4888075396076,100.0,,,,41.2596588423969,
Australia,2013.0,,7.6992360273,100.0,16.7945880965987,2.28528500206511,13.2641083883167,1.03107297420502,0.627432347452262,32.5395852558863,5.98467276391009,2.60619844706027,9.22,67.3196378275633,,3193.794791,41.2501910637454,100.0,2.13883076334763,,86.7358916116833,3.89186991869919,
Australia,2014.0,,7.4238037797,100.0,16.1557451398864,2.22036075626916,14.9067122095833,1.03219199180603,0.755451088942237,32.4961949821564,7.50088615344955,2.60740103188527,9.33,71.6376956167576,,3148.002299,42.4430282022511,100.0,2.37342249684338,,85.0932877904167,3.75264227642276,
Australia,2015.0,671.6,3.7072778448,100.0,16.1984582210401,2.37528258489241,13.6378410946741,0.873180687427521,0.567565619466884,31.1671104077453,8.34165754966783,2.20181015336807,9.32,146.612683854568,,3254.405039,41.5942804140742,100.0,2.15439420000884,,86.3621589053259,1.8739837398374,-0.2
Australia,2016.0,820.5,4.271411339,100.0,16.3203306101751,2.40425188192914,,1.0334244966507,0.591410295226177,30.9693220647984,,2.77914262537222,9.36,130.78570385861,,3315.30765,40.7946418668351,100.0,,,,2.15914634146341,-0.4
Australia,2017.0,897.5,4.8486696301,100.0,16.1491503049618,2.70396697014513,,0.876146674156189,0.760358992143208,,,2.31870938698817,9.65,117.886515160244,,3364.40765,41.9422091216328,100.0,,,,2.45094336788618,0.1333333333333333
Australia,2018.0,957.6,4.9577804584,100.0,15.8657135218488,2.45710555762775,,0.97081196308136,1.14049132500834,,,2.90636311509867,9.6,118.642874993322,,3377.50765,43.3470784937935,100.0,,,,2.50609756097561,0.0
Australia,2019.0,832.3,4.2340168878,100.0,15.5990453615115,2.1130826925779,,0.917313098907471,1.31732811944483,,,2.1811091061096,10.06,141.953785978346,,3348.60765,45.7489633556611,100.0,,,,2.14024390243902,-0.0571428571428571
Australia,2020.0,933.6,3.4740651387,100.0,14.7761369066259,2.00927341456557,,0.861676931381226,1.1162720977283,,,-0.33468635945016,10.89,172.427148586819,,3152.60765,44.1430455941203,100.0,,,,1.75609756097561,-0.1333333333333333
Austria,2013.0,,9.6435479414,100.0,7.754017978913,1.25472121594195,78.0247869868319,1.36410057544708,0.102807587041594,48.1311178707224,12.8923315259489,0.0255047121972183,34.58,107.636357024355,,849.805391,104.066414086373,100.0,12.2986608351995,,20.8350116189001,6.34545454545455,
Austria,2014.0,,9.6435479414,100.0,7.26093085754911,1.20074056404147,81.0568683458842,1.27070045471191,0.0920033862680556,49.1693886110663,14.4994806543755,0.661272848852605,35.67,108.348127028851,,840.105391,103.503535251069,100.0,13.2072371508149,,17.7210464814334,6.34545454545455,
Austria,2015.0,<100,9.6435479414,100.0,7.3188595368183,1.1297901935645,76.4907792691417,1.12933051586151,0.0499583558453872,48.9397878068092,16.493693635348,1.01450158590511,34.82,109.447320495858,,863.805391,102.42731538918,100.0,12.2128791477895,,22.2220423230737,6.34545454545455,
Austria,2016.0,102.5,9.6435479414,100.0,7.29077721621103,1.11031647926172,,0.8921759724617,0.0308944650482151,49.3966130304464,,1.98943716230463,34.63,111.624706162949,,856.505391,100.982078278741,100.0,,,,6.34545454545455,
Austria,2017.0,<100,9.6435479414,100.0,7.48703675539348,1.21053643138638,,1.02962338924408,0.041704775264542,,,2.25857243250671,33.97,114.145831004212,,852.505391,104.938844932748,100.0,,,,6.34545454545455,0.0
Austria,2018.0,<100,9.6435479414,100.0,7.14114021108032,1.13060289104829,,0.884671747684479,0.0556757566159948,,,2.42538536088061,34.08,116.914307279443,,844.505391,107.923639505579,100.0,,,,6.34545454545455,
Austria,2019.0,<100,9.6435479414,100.0,7.26333120118199,1.05241585619679,,0.892080426216125,0.0436795105299308,,,1.45052918393192,33.98,118.610183426724,,843.205391,107.892514611522,100.0,,,,6.34545454545455,
Austria,2020.0,111.4,9.6435479414,100.0,6.63264573733546,1.06808171610135,,0.887528836727142,0.0193128338329958,,,-6.63299143662553,35.77,110.742780117063,,769.505391,99.7082951791188,100.0,,,,6.34545454545455,
Azerbaijan,2013.0,,52.9653345109,100.0,3.28557436862051,5.3662644804235,6.67123404984157,-0.412859916687012,19.4088954955607,37.9783912073909,0.295452599126488,5.80980084268208,2.52,4.26016889182712,,166.0,74.6758447629851,100.0,0.660788427016893,,93.0418771944849,147.800369685767,
Azerbaijan,2014.0,,51.1901081917,100.0,3.3815556221401,5.31940671805552,5.62924619864122,-0.559909522533417,14.9648844609039,35.2427581979773,0.372047880944678,2.75050681535518,2.12,4.52914746892205,,172.4,69.4832251953347,100.0,0.572046301627223,,94.0189259139437,142.846580406654,
Azerbaijan,2015.0,,51.6184588209,100.0,3.29279481365619,6.17745494667157,7.0398574206092,-0.733916640281677,9.25342184378796,36.0886602424619,0.409105638366818,1.09397591627469,2.33,4.54069940582993,,160.5,72.6015079073189,100.0,,,92.5915424497732,144.041897720271,
Azerbaijan,2016.0,,52.4530801501,100.0,3.30395789547903,5.60494628069084,,-0.808908820152283,9.82405177022655,37.4896295162278,,-3.09999988037266,1.94,4.32992693401604,,150.9,90.0773187345677,100.0,,,,146.370918052988,
Azerbaijan,2017.0,,53.5217487304,100.0,3.24303764763118,5.60736901068842,,-0.751900970935822,12.4047793985182,,,0.199999938958655,1.91,4.25195823721889,,168.5,90.4023156823216,100.0,,,,149.353049907579,
Azerbaijan,2018.0,,53.7293000662,100.0,3.29264124897847,5.21250561853868,,-0.711426675319672,17.4994748635612,,,1.49999999999999,1.93,4.29906631401491,,176.9,91.6725765369825,100.0,,,,149.932224276032,
Azerbaijan,2019.0,,55.5972620888,100.0,3.54349533028946,5.6952581438455,,-0.693412125110626,14.5273087635285,,,2.50000006743734,1.62,4.25849153089429,,181.8,85.8181454084561,100.0,,,,155.144793592113,
Azerbaijan,2020.0,,55.5972620888,100.0,3.39884957289227,6.7389474235341,,-0.852247476577759,7.39145535375744,,,-4.30000010230737,1.23,4.07537639070908,,156.4,72.0178676487811,100.0,,,,155.144793592113,
Bahamas,2013.0,,,100.0,7.27447167120446,0.935019960559858,0.0,1.13482463359833,0.0,92.2055948553055,,-2.86250547778705,1.43,,,0.0,86.8404598143427,100.0,,,,,
Bahamas,2014.0,,,100.0,6.47314143566049,0.851040565659511,0.0,0.956470131874084,0.0,89.575572519084,,1.84710719180123,1.4,,,0.0,85.1796843678245,100.0,,,,,
Bahamas,2015.0,,,100.0,5.62112773970771,0.826701162521738,0.0,0.89498245716095,0.0,84.7897046413502,,0.996230704298327,1.45,,,0.0,73.4847381541862,100.0,,,,,
Bahamas,2016.0,,,100.0,5.15359516738388,0.886748136297103,,0.959943354129791,0.0,81.3772602739726,,-0.762973444883031,1.33,,,0.0,70.7202913844164,100.0,,,,,
Bahamas,2017.0,,,100.0,5.43882512154779,0.782633533276207,,0.976761102676392,0.0,,,2.52416173981204,1.15,,,0.0,72.478067490921,100.0,,,,,
Bahamas,2018.0,,,100.0,6.955357720462,0.686761079850793,,0.84756064414978,0.0,,,2.91830692650552,1.2,,,0.0,76.1727887715749,100.0,,,,,
Bahamas,2019.0,,,100.0,6.48289363427156,0.545230382809927,,0.801466107368469,0.0,,,-0.743661882784338,1.18,,,0.0,72.3992434162665,100.0,,,,,
Bahamas,2020.0,<100,,100.0,6.04225147673512,0.827301990855596,,0.830237448215485,0.0,,,-23.5081014371591,1.41,,,0.0,59.036762142989,100.0,,,,,
Bahrain,2013.0,,159.0673981191,100.0,22.8688416095137,0.274789045054941,0.0,-1.33541774749756,24.4213739310829,15.8486821974965,0.0,5.41683981012071,0.0,157.353126332285,,81.9,191.872554115951,100.0,0.0,,100.0,4612.954545,
Bahrain,2014.0,,154.3965517241,100.0,23.0965713649406,0.299909668641636,0.0,-0.907474875450134,22.6364434649594,7.75384844473858,0.0,4.35039085252969,0.0,169.165983021002,,85.5,175.567836938356,100.0,0.0,,100.0,4477.5,
Bahrain,2015.0,,137.1551724138,100.0,22.3856249935763,0.316230179939426,0.0,-1.06826269626617,12.7366999872645,13.0142549019608,0.0,2.48537855758804,0.0,195.164288484427,,88.9,154.931374967452,100.0,,,100.0,3977.5,
Bahrain,2016.0,,133.7068965517,100.0,21.4953098652797,0.332168625493488,,-0.792700231075287,9.72074812619969,12.5916523178808,,3.55812811897778,0.0,207.320823921799,,89.7,139.620555512011,100.0,,,,3877.5,
Bahrain,2017.0,,133.7068965517,100.0,20.9460377778113,0.29059524041583,,-0.958746016025543,11.2405234774314,,,4.29094977756338,0.0,216.216856354714,,91.9,143.086667256454,100.0,,,,3877.5,
Bahrain,2018.0,,133.7068965517,100.0,20.7379617303374,0.288059552171118,,-0.846307814121246,14.7601652894125,,,2.11113047304872,0.0,220.781476297086,,95.1,150.806054558909,100.0,,,,3877.5,
Bahrain,2019.0,,133.7068965517,100.0,22.063354812112,0.281212267731055,,-0.62683516740799,13.8343792408379,,,2.1669646688237,0.0,225.565732883752,,95.6,141.700834964514,100.0,,,,3877.5,
Bahrain,2020.0,,133.7068965517,100.0,21.9769078065259,0.31379189218897,,-0.610109269618988,11.2381718823925,,,-4.64463735878491,0.0,215.089022585616,,85.5,140.218012418796,100.0,,,,3877.5,
Bangladesh,2013.0,,5.7233394816,61.5,0.408788178786231,15.4932779975908,1.94653614457831,-1.62785887718201,0.71429524081818,23.0625123803235,0.26355421686747,6.01360565834344,36.96,4.81235901423435,3.0,684.8,46.2964027228174,48.5877629251502,0.218257250206309,3.5,98.0534638554217,34.1619047619048,
Bangladesh,2014.0,,5.7233394816,62.4,0.42518945677671,15.3516208986344,1.31972423672665,-0.895563185214996,0.666762846058404,24.7608714733542,0.266809920315158,6.0610593588495,35.34,5.10403895064804,3.0,701.5,44.5140801968096,48.1211989711293,0.153500381699064,3.5,98.6802757632734,34.1619047619048,
Bangladesh,2015.0,20926.5,5.7233394816,74.0024719238281,0.46351707533422,14.7829964369364,1.2268899018827,-1.20977377891541,0.564822186828127,20.5063509555029,0.267746691294843,6.55263987816197,31.12,5.43848824232512,3.0,723.4,42.0859963070382,63.7815958556997,,3.0,98.7731100981173,34.1619047619048,
Bangladesh,2016.0,19861.8,5.7233394816,75.92,0.50773927054082,13.4647923176039,,-1.25973296165466,0.452783577656485,20.9507336588012,,7.11347821270093,30.23,5.82535391854322,3.0,743.7,31.3341501346142,66.1436475784573,,3.0,,34.1619047619048,
Bangladesh,2017.0,18782.6,5.7233394816,88.0,0.541787825904309,12.957275485905,,-1.253626704216,0.491954808881409,,,6.5902548153114,28.01,6.20925958566894,3.0,783.9,29.9997293817388,81.57102983522,,3.0,,34.1619047619048,
Bangladesh,2018.0,17398.8,5.7233394816,86.915283203125,0.586157624560863,12.4800786042144,,-0.985568642616272,0.507953435071236,,,7.31940777981607,25.79,6.66374061485137,3.0,841.3,32.514635419986,81.3262437908116,,3.0,,34.1619047619048,
Bangladesh,2019.0,17313.9,5.7233394816,92.2,0.559733655592985,11.9753219186585,,-0.928613364696503,0.505144042220117,,,7.8819067286135,26.37,7.18897043475069,3.0,800.5,31.5780512814675,88.8535985163401,,3.0,,34.1619047619048,
Bangladesh,2020.0,17842,5.7233394816,96.2,0.510647559277094,11.9996868602485,,-0.915807783603668,0.427212723517809,,,3.44802562762527,27.96,7.4368479777033,3.0,763.8,26.271447376215,95.2119664318479,,3.0,,34.1619047619048,
Bangladesh,2021.0,18657.7,,98.9910278320313,,11.6328584271282,,-1.03663277626038,0.464798446132852,,,6.93867912442445,,,3.0,,27.7240047036631,98.5442117423545,,3.0,,,
Barbados,2013.0,,87.5,100.0,5.19917649395915,1.59639743466615,0.0,1.26692914962769,0.334267192914382,89.1972972972973,,-1.29920820787332,2.37,66.0275861742917,,0.0,92.0350865960239,100.0,,,,87.5,
Barbados,2014.0,,87.5,100.0,4.62018861737053,1.58998215651287,0.0,1.2779198884964,0.269342468158313,88.6902325581395,,-0.0011298796678147,2.33,66.0268401420203,,0.0,89.5488146826408,100.0,,,,87.5,
Barbados,2015.0,,87.5,100.0,4.56543549947318,1.49873257287706,0.0,1.11682772636414,0.100377754965678,88.405968992248,,2.42587905631385,2.13,67.6285714285714,,0.0,87.1704689480355,100.0,,,,87.5,
Barbados,2016.0,,87.5,100.0,4.63224343170081,1.50620444738092,,0.960008144378662,0.0727943898915939,88.4558778625954,,2.53499685607439,2.4,69.3429535880937,,0.0,78.4754196518902,100.0,,,,87.5,
Barbados,2017.0,,87.5,100.0,4.22645037197291,1.51132744426417,,0.95252388715744,0.106194049006617,,,0.462619285844923,3.46,69.6637474647668,,0.0,76.2824750115177,100.0,,,,87.5,
Barbados,2018.0,,87.5,100.0,4.54138182546266,1.6789785235556,,0.900504648685455,0.177022601387152,,,-0.871716338791373,4.15,69.056477195902,,0.0,81.0390881072355,100.0,,,,87.5,
Barbados,2019.0,,87.5,100.0,4.16614319366122,1.59236861320702,,1.03281283378601,0.206741246302281,,,0.26359855236862,2.79,69.2385090701072,,0.0,80.8550673082324,100.0,,,,87.5,
Barbados,2020.0,<100,87.5,100.0,3.90487115816925,1.93192369376213,,1.12057745456696,0.114685397120306,,,-12.7379887726406,4.57,60.4189155584132,,0.0,65.299231873048,100.0,,,,87.5,
Belarus,2013.0,,4.9901120633,96.1838531494141,6.34224947425193,6.80912226763989,0.844256831815152,0.00595916621387,0.674665253485934,30.5573135324545,0.406258926587742,1.0034707715852,6.97,38.1155053266369,,383.500008,119.815965235724,90.7489521880043,0.066229574788993,,98.9811787856667,4.45294117647059,
Belarus,2014.0,,5.1779828609,96.7810592651367,6.29006780430576,7.30339170255277,0.722614078019289,0.179782152175903,0.582752214875627,30.2757188498403,0.374262271484094,1.7262099894002,6.69,37.3666562103519,,367.600006,110.651658620732,91.8895587529438,0.0539210619709001,,99.0960126673384,4.62058823529412,
Belarus,2015.0,,4.7725774555,97.3732833862305,5.799689168547,6.28294961628295,0.815679830995834,0.110905699431896,0.360540198229026,30.5572198943341,0.501731119065782,-3.82966307070085,6.82,38.9881831122989,,337.00001,115.913691469247,93.0986852782119,,,98.929053459304,4.25882352941176,
Belarus,2016.0,,4.7857613711,98.0430068969727,5.82946357939628,6.89528062433517,,0.135706260800362,0.31270290026627,30.4930211918131,,-2.52583140897062,6.72,37.8987147552646,,340.900008,125.209322899662,94.7412413212531,,,,4.27058823529412,
Belarus,2017.0,,4.6044825313,98.7420120239258,5.94640716888454,7.56610054090858,,-0.057209238409996,0.402399785871238,,,2.53162368036521,7.28,40.3880167103804,,357.300008,133.368006959943,96.6147437159814,,,,4.10882352941177,
Belarus,2018.0,,4.581410679,99.348762512207,6.27957941620664,6.59009156311315,,0.353457748889923,0.658180369708939,,,3.14963949909348,7.21,41.8698926702983,,372.900008,139.393394375409,98.1559972067045,,,,4.08823529411765,
Belarus,2019.0,,4.475939354,100.0,6.12342695003417,6.79497075676157,,0.344906747341156,0.515174521131171,,,1.44620667102681,7.81,43.4763113499518,,380.000008,130.850132114123,100.0,,,,3.99411764705882,
Belarus,2020.0,,4.3770599868,100.0,5.84240729590088,7.07716352415493,,-0.887608170509338,0.292100099087634,,,-0.672904125264921,8.39,44.1592941469139,,353.100008,118.933883690331,100.0,,,,3.90588235294118,
Belgium,2013.0,,59.3243243243,100.0,8.65194718679944,0.681174913459581,14.2093861058371,0.940082728862762,0.0305097718461498,50.5963254321499,13.7468964510004,0.459242192907709,8.26,92.3679935542749,,730.064191,157.850845041743,100.0,21.4255025060909,,31.936127744511,40.2416666666667,
Belgium,2014.0,,55.9705159705,100.0,8.06155236787537,0.637835968092569,17.0806411009482,0.701269447803497,0.0371836239263636,55.0822770629991,16.6722609157786,1.57853314322614,9.13,99.4482022997146,,722.886045,158.783215919076,100.0,18.5896310222015,,33.4773852479651,37.9666666666667,
Belgium,2015.0,,49.0663390663,100.0,8.43483650630165,0.6864147804639,20.8000230056939,0.577092111110687,0.0122176335911277,55.3401144957983,20.3427848392477,2.04145900919961,9.42,115.757530005379,,734.193078,154.192546509323,100.0,15.110327401377,,39.2146431241732,33.2833333333333,
Belgium,2016.0,,51.5115519042,100.0,8.3106603919614,0.628433475870949,,0.429606109857559,0.0089238621835328,53.4848589906701,,1.26668640902095,9.2,111.65929264753,,767.17731,157.66502598438,100.0,,,,34.9420027083333,
Belgium,2017.0,,53.956764742,100.0,8.13943859065518,0.665093660241847,,0.417606323957443,0.0158735180931264,,,1.6195802783878,9.66,108.325574731982,,759.27731,165.32583634966,100.0,,,,36.6006720833333,
Belgium,2018.0,,51.2899262899,100.0,8.18436667928584,0.603042098829086,,0.39363044500351,0.0227467682979001,,,1.79294519302076,10.65,116.001207087126,,761.47731,166.494787097425,100.0,,,,34.7916666666667,
Belgium,2019.0,130.5,51.5847665848,100.0,8.09379074556662,0.670014510853057,,0.45831623673439,0.0209474232743029,,,2.24083533103139,10.2,117.92272398805,,755.27731,164.166215073989,100.0,,,,34.9916666666667,0.8
Belgium,2020.0,145.8,51.5847665848,100.0,7.39813065774681,0.679156944245191,,0.521023035049438,0.0112790265270654,,,-5.2607791859752,12.28,111.719069868951,,716.77731,155.263433762122,100.0,,,,34.9916666666667,
Belize,2013.0,,1.2602944847,91.1333618164063,1.32699716845379,10.1462576845226,55.8130131931025,0.176189258694649,2.19716607166851,101.2092,,4.43764383676776,40.99,20.2401216466443,,0.0,109.394713895001,85.9391658585515,,,,0.661861074705111,
Belize,2014.0,,1.2602944847,91.4706268310547,1.37284118807385,10.2423786794558,50.7054753739704,0.0485830754041672,1.49761454544722,100.281224489796,,4.00531831673186,37.43,21.0508029462861,,0.0,107.773632947903,86.4101230607236,,,,0.661861074705111,
Belize,2015.0,,1.2602944847,91.8,1.875949993192,9.60691056189697,45.2399304748245,0.0372595116496086,0.424025525860762,87.2301515151515,,3.22549309143569,30.32,21.7297951410103,,0.0,103.994418450856,87.5583153490645,,,,0.661861074705111,
Belize,2016.0,,1.2602944847,93.2606887817383,1.77314715242858,7.7002960018715,,0.0521895512938499,0.264678472219995,86.8796923076923,,-0.0110344145780772,33.27,21.7273973853275,,0.0,96.4572600628323,89.4292953200675,,,,0.661861074705111,
Belize,2017.0,,1.2602944847,94.1503295898438,1.71633844240485,8.5596086702865,,0.0304035153239965,0.294744236650473,,,-1.81336514835535,37.24,21.3334003334973,,0.0,97.6798171423072,90.9467328797664,,,,0.661861074705111,
Belize,2018.0,<100,1.2602944847,91.72,1.64892976606136,7.13676771111774,,-0.0022222048137337,0.369265959079055,,,1.05559823069711,35.53,21.5585953299653,,0.0,100.686512848596,86.5137441288518,,,,0.661861074705111,
Belize,2019.0,<100,1.2602944847,92.72,1.89208291034323,6.53394684079885,,0.0619343854486942,0.23498223434768,,,4.23623453555723,30.43,22.4718679907143,,0.0,102.201303476517,87.8397527452963,,,,0.661861074705111,
Belize,2020.0,<100,1.2602944847,96.8076248168945,1.74110771521393,8.34849168006754,,0.518612146377563,0.078950463297207,,,-13.7316910831405,30.2,19.3861004976182,,0.0,81.6254724466865,95.5379401388217,,,,0.661861074705111,
Benin,2013.0,,0.975243811,34.6536293029785,0.453634928841865,25.2754046390823,0.0,0.301189363002777,0.0,86.3425099601594,0.0,7.19143372144946,51.97,80.9257694015886,3.5,150.0,59.2001918331875,13.3714628390915,0.0,3.5,100.0,1.2621359223301,
Benin,2014.0,,0.975243811,34.1,0.488570533867478,25.6184529738008,0.0,0.027139762416482,0.0,81.5924137931034,0.0,6.35767909791932,51.05,86.0707701276638,3.5,157.6,65.2682749404551,16.2260160562312,0.0,3.5,100.0,1.2621359223301,
Benin,2015.0,1142.8,0.975243811,29.62,0.503586323811604,26.3920850925037,5.55555555555556,-0.0204964224249125,0.0364671303689086,84.4818030050083,1.46198830409357,1.77815106030278,49.94,87.6012384392996,3.5,168.7,56.7563131849476,11.0660053632715,,3.5,94.4444444444444,1.2621359223301,
Benin,2016.0,1473.7,0.975243811,37.0262756347656,0.598485713029697,27.7536354980493,,-0.0087835025042295,0.0363644198885848,72.7313692946058,,3.33967342629693,45.42,90.5268337205639,3.5,201.0,58.9869283378276,15.1605577237993,,3.0,,1.2621359223301,
Benin,2017.0,1664.8,0.975243811,34.5,0.592940505290305,28.4890165273264,,0.0262518860399723,0.0618964640118426,,,5.67156195150444,45.38,95.6611191777611,3.5,206.3,61.4765969588474,17.192182770127,,3.5,,1.2621359223301,
Benin,2018.0,1701,0.975243811,39.0094223022461,0.636814493777282,28.0647739127077,,-0.1470747590065,0.0813960890703062,,,6.69725362180888,43.97,102.067786946557,3.5,223.1,61.7951944903448,16.3231560093481,,3.5,,1.2621359223301,
Benin,2019.0,1699,0.975243811,39.9980926513672,0.60823677321991,26.8758016258337,,-0.42025950551033,0.0679965430244873,,,6.86568662848335,46.47,109.075441346935,3.5,212.4,63.68133231423,16.8906882115949,,3.5,,1.2621359223301,
Benin,2020.0,1740.5,0.975243811,40.9859313964844,0.631204805964476,27.1091750361118,,-0.443083792924881,0.030002195419226,,,3.84879240030133,46.2,113.273528644091,3.5,220.6,44.8332333768726,17.4474673758129,,3.5,,1.2621359223301,
Benin,2021.0,1986.1,,41.9736328125,,28.5289506098592,,-0.396347790956497,0.0,,,7.1554516457574,,,3.5,,48.0548608324409,17.9942154433107,,4.0,,,
Bhutan,2013.0,,1.4138075314,87.4204635620117,1.24573151741898,14.0912157774554,99.9934556173054,0.784624874591827,0.0,52.2008235294118,,2.11997263298187,86.7,5.25658564144505,4.0,0.0,105.199306422113,80.2769199648576,,3.5,,0.433205128205128,
Bhutan,2014.0,,1.4138075314,91.3926010131836,1.37487658839394,14.5144485329975,99.9928610794619,1.06803858280182,0.0,47.2028723404255,,5.77649568013734,86.54,5.56023208394584,4.0,0.0,96.3256143683133,86.4306543825341,,3.5,,0.433205128205128,
Bhutan,2015.0,,1.4138075314,95.3597640991211,1.40204016284708,14.4368680116704,99.9935464335397,0.960772633552551,0.0,47.7473958333333,,6.64223210535519,86.68,5.92955560455795,4.0,0.0,97.88095484199,92.6235479726084,,3.5,,0.433205128205128,
Bhutan,2016.0,,1.4138075314,99.3227767944336,1.63838876655361,14.3946237291342,,1.1060882806778,0.0,39.0550406504065,,8.12703353838936,85.02,6.41145257721782,4.0,0.0,83.4088850323327,98.9696458068343,,3.5,,0.433205128205128,
Bhutan,2017.0,,1.4138075314,97.7,1.73186566700303,12.9297911158502,,1.10279309749603,0.0,,,4.65183467529613,83.63,6.70970275139501,4.0,0.0,76.7883977356702,96.760154726907,,3.5,,0.433205128205128,
Bhutan,2018.0,,1.4138075314,99.9576721191406,1.90828976926791,13.550919686139,,1.07745289802551,0.0,,,3.50187183723874,82.61,6.94466794240854,4.0,0.0,79.7397210045159,99.9342131059476,,3.5,,0.433205128205128,
Bhutan,2019.0,,1.4138075314,100.0,1.86720072342627,12.9339527190609,,1.0653510093689,0.0,,,5.75514850618227,82.85,7.34434389575538,4.0,0.0,76.1235174155789,100.0,,3.5,,0.433205128205128,
Bhutan,2020.0,,1.4138075314,100.0,1.34005431673023,15.7030745143919,,1.01341140270233,0.0,,,-10.2183974073689,88.39,6.59386964952326,4.0,0.0,71.8303557600359,100.0,,3.5,,0.433205128205128,
Bhutan,2021.0,,,100.0,,15.7947790371636,,0.797127723693848,0.0,,,4.42136740220592,87.45,,4.0,,77.582451447788,100.0,,3.5,,,
"Bolivia, Plurinational State of",2013.0,,1.1770011274,89.505686,1.68698792155035,9.9669794768463,32.1760694358338,-0.32859343290329,7.52166261614094,54.3727586206897,0.743955362678239,6.79601142810841,16.02,14.2921557012163,3.5,203.68,81.2309075267174,68.5167310164241,2.41602925946948,2.5,67.8239305641661,0.687973640856672,
"Bolivia, Plurinational State of",2014.0,,1.1770011274,90.038729,1.78421940046278,9.74021753770169,28.0068532267276,-0.333112090826035,6.61485355630154,52.6688101140307,2.29583095374072,5.46056950635136,15.03,15.0725887972372,3.5,217.28,85.2644695625131,70.2928656645319,1.97497927438316,2.5,71.9931467732724,0.687973640856672,
"Bolivia, Plurinational State of",2015.0,,1.1770011274,91.522822,1.8036741828399,10.2394941144455,31.4024390243902,-0.270498692989349,2.84414419763062,49.6060117589417,2.52110694183865,4.85718717971413,14.22,15.8046926479476,3.5,225.48,67.9328451905248,74.3384969422006,,2.5,68.5975609756098,0.687973640856672,
"Bolivia, Plurinational State of",2016.0,,1.1770011274,91.8,1.8936936513003,11.1718754150532,,-0.25367596745491,1.3664426917306,49.8549097639982,,4.26392086382113,13.62,16.4785922352263,,236.58,56.4010345026573,74.8694598817851,,,,0.687973640856672,
"Bolivia, Plurinational State of",2017.0,,1.1770011274,91.8,1.89131542884796,11.5893359382153,,-0.280111223459244,1.69523614326406,,,4.19520633360395,14.29,17.1699031803672,,249.58,56.7046527566598,74.8204412100342,,,,0.687973640856672,
"Bolivia, Plurinational State of",2018.0,,1.1770011274,92.8,1.88518817031758,11.4819241519851,,-0.286690950393677,2.88776918350293,,,4.22362365271844,14.33,17.8950952722421,,258.68,57.1099646119643,77.5866708596203,,,,0.687973640856672,
"Bolivia, Plurinational State of",2019.0,,1.1770011274,95.08,1.85346150629409,12.2217575824891,,-0.728338599205017,2.31226139607013,,,2.21670563961031,13.52,18.2917768583555,,266.08,56.3973067281247,84.9234776648635,,,,0.687973640856672,
"Bolivia, Plurinational State of",2020.0,,1.1770011274,97.2218170166016,1.53946469560316,14.0009305366582,,-0.453478872776031,1.21484398945188,,,-8.7378843576993,16.86,16.693462549504,,229.98,45.5032626166675,90.9025890464327,,,,0.687973640856672,
Bosnia and Herzegovina,2013.0,,2.8937583001,99.5,6.03937627554934,6.84139112671187,41.4646725116039,-0.404944121837616,0.0514150467138928,18.3433913043478,0.0,2.3498566632458,19.48,35.6733278460285,3.5,131.0,87.9312413116757,99.0650886671729,6.04069362212977,3.5,58.5353274883961,1.22760563380282,
Bosnia and Herzegovina,2014.0,,2.7383798141,99.922607421875,5.46245548950622,5.95105769918674,36.7264851485149,-0.0191790424287319,0.0342330862638445,21.0161056952283,0.0,1.15385109200403,23.65,38.1324418041452,,131.2,90.5522806874185,99.8544157865234,4.27387135851599,,63.2735148514851,1.16169014084507,
Bosnia and Herzegovina,2015.0,<100,2.7788844622,99.7,5.56957873339682,6.03756695112693,35.5173075692623,-0.404167622327805,0.0261163818425156,21.7102855685875,0.0,4.31475061116335,25.25,39.1979662400089,,138.6,88.2919898407608,99.4321086908065,,,64.4826924307377,1.17887323943662,
Bosnia and Herzegovina,2016.0,<100,2.786188579,99.996711730957,6.42249063914649,6.16558905049231,,-0.402664005756378,0.0314883208032492,21.6671441360788,,3.24225521171914,23.0,40.3627734215364,,155.9,88.2440351685547,99.9937344819681,,,,1.18197183098592,
Bosnia and Herzegovina,2017.0,<100,2.6620185923,100.0,6.59666334014239,5.43104998511606,,-0.351470172405243,0.0407444347386291,,,3.24410095889466,18.49,43.6159835227307,,154.0,96.6458791411189,100.0,,,,1.12929577464789,
Bosnia and Herzegovina,2018.0,<100,2.0717131474,100.0,6.65145351838121,5.71878249130791,,-0.400912255048752,0.0434298030572453,,,3.82749920546897,35.36,58.1888167457027,,190.0,98.4320911961869,100.0,,,,0.87887323943662,
Bosnia and Herzegovina,2019.0,<100,2.0285524568,100.0,6.28566395622831,5.45004218122409,,-0.4248306453228,0.0294234699513077,,,2.88734334414875,36.84,61.1427346448157,,189.1,94.5161278874242,100.0,,,,0.86056338028169,
Bosnia and Herzegovina,2020.0,<100,2.0005312085,100.0,6.31230587447531,5.91443990580606,,-0.447489053010941,0.0247446332541281,,,-3.01509514759861,37.71,60.1298215362324,,187.6,82.1112652572898,100.0,,,,0.848676056338028,
Botswana,2013.0,,1.9988497333,57.972297668457,2.44513272580164,1.99354322327234,0.108342361863489,1.10234701633453,0.272118689792654,51.9051978417266,0.108342361863489,11.1028237779771,26.36,70.386813696151,,79.7,125.78303991122,25.9459999201168,0.003465085835414,,99.8916576381365,7.96458333333333,
Botswana,2014.0,,1.9648645822,60.0222434997559,3.09192452937034,1.81959835253259,0.0432338953739732,1.01184713840485,0.212808410158003,42.1216409537167,0.0432338953739732,5.69477738185952,25.38,75.6819574879807,,88.1,119.497541791464,26.8203688825313,0.0031658057638279,,99.956766104626,7.82916666666667,
Botswana,2015.0,425.4,1.9648645822,62.13,3.01483577574071,1.94776486758829,0.0337040781934614,1.03136825561523,0.211765557217116,34.9407628294036,0.0337040781934614,-4.85133564036167,25.59,72.0103717110429,,90.1,112.900891016005,26.4516408477771,,,99.9662959218065,7.82916666666667,
Botswana,2016.0,506.3,2.1049879745,64.2029647827148,2.81808659692843,1.97588757367029,,0.979198038578033,0.204050341148379,38.7301123595506,,7.20442475914267,26.13,72.0594210847287,,88.5,100.464689766026,28.7705592601237,,,,8.3875,
Botswana,2017.0,548.5,2.0181951271,67.4,3.05495453485661,1.8419939490754,,1.00929439067841,0.301815015340725,,,4.1143636634186,26.11,78.2506373804155,,92.5,81.9239513763494,30.9648618737496,,,,8.04166666666667,
Botswana,2018.0,565,2.1332217923,68.2547378540039,3.28847103849256,2.11731083204729,,0.958273768424988,0.381733366545836,,,4.18809355373698,25.11,77.1317378681296,,98.1,87.4551039946493,29.0969154215957,,,,8.5,
Botswana,2019.0,592.6,2.1123078532,70.095085144043,2.8796632558601,2.08342949351655,,1.09520745277405,0.230326030985477,,,3.0322025744566,25.74,80.2573653244356,,92.7,83.0929813601175,27.9205371486466,,,,8.41666666666667,
Botswana,2020.0,647.3,2.3050047056,71.8291244506836,2.2634631138367,2.20806322830287,,1.01309037208557,0.187699537305002,,,-8.72875252639037,27.21,67.1280887749766,,82.5,77.6632128124716,26.2467196569312,,,,9.18448333333333,
Brazil,2013.0,,3.1870153664,99.575151,2.4134465369818,4.5068861822272,76.6892081191253,-0.258553296327591,1.33361465390865,67.5121082715487,8.22576239371314,3.00482266944432,42.32,27.5808047706158,,9350.9,25.7859573255328,97.5020335215565,11.4981042378909,,20.5461078347598,1.19069731496202,
Brazil,2014.0,,3.0743262411,99.650247,2.51459195963426,4.32561053706441,73.0820738473312,-0.070290133357048,1.39876331607307,67.6337838904456,9.85708988895304,0.503955740242247,41.71,28.7358663491709,,9733.3,24.6854058183204,97.910077020264,10.8090873277871,,24.253239222485,1.14859565447801,
Brazil,2015.0,3959.7,3.0193853428,99.710902,2.36536062099671,4.31914942775652,73.9669080481113,-0.331864446401596,0.857685698468755,66.0720101256329,12.1184144471265,-3.54576339269425,43.62,28.2212998262555,,9653.5,26.9536259360114,98.2324092529854,,,23.4329117754259,1.1280692457163,0.4
Brazil,2016.0,3652.8,3.1352245863,99.7,2.16125984748939,4.89135358685971,,-0.381035059690475,0.686699294180488,67.2060668461904,,-3.27591690782192,45.46,26.2882405746321,,9558.7,24.5336820804399,98.4671299664121,,,,1.17134781840664,
Brazil,2017.0,3587.2,3.1054373522,99.8,2.18548661863967,4.60059169424122,,-0.480093955993652,0.934976537711634,,,1.32286905404399,45.33,26.8914910437733,,9826.8,24.3197343746749,99.1695931615088,,,,1.16021904257198,0.4
Brazil,2018.0,3421.3,1.4641127257,99.7,2.06426147881772,4.42039930378329,,-0.459640145301819,1.5802963493344,,,1.783666761634,46.95,27.0336367678062,,9713.1,28.8762033745466,98.4109076033192,,,,1.17470411588059,0.4
Brazil,2019.0,7498.3,1.4848084544,99.8,2.05077012882977,4.20501409570354,,-0.714393615722656,1.44608781006584,,,1.22077782360842,47.58,26.9822541190752,,9922.5,28.8902578692948,98.4820886457358,,,,1.19130895601484,-0.1333333333333333
Brazil,2020.0,15472.1,1.4793042712,99.7027130126953,1.94252335631484,5.71148511675454,,-0.445607244968414,0.949585951805012,,,-3.2767587964736,50.05,26.1952163697504,,9869.2,32.3020785410844,98.6721959416221,,,,1.18689277512807,0.4
Brunei Darussalam,2013.0,,3.4664657121,100.0,17.5097521994064,0.684659216396484,0.0454338936846888,1.07402229309082,14.2371072710815,23.6108831908832,0.0454338936846888,-2.12602851740175,0.01,144.730656395004,,31.6,110.936878837404,100.0,0.005653881225104,,99.9545661063153,1.08235294117647,
Brunei Darussalam,2014.0,,3.4664657121,100.0,16.9931550247686,0.86273749515316,0.0443852640923213,1.26150703430176,14.4443500783641,24.2537589670014,0.0443852640923213,-2.50835256644561,0.01,141.100301260887,,32.2,102.420968814048,100.0,0.0048396677174185,,99.9556147359077,1.08235294117647,
Brunei Darussalam,2015.0,,3.4664657121,100.0,15.1806794372587,1.10248621892226,0.0476190476190476,1.23371255397797,12.2018763505715,27.5331605351171,0.0476190476190476,-0.392383749502031,0.01,140.546646608241,,32.0,89.893790077624,100.0,,,99.9523809523809,1.08235294117647,
Brunei Darussalam,2016.0,,3.4664657121,100.0,16.358211618004,1.20363347726695,,1.14201784133911,9.78572607865503,28.1460842433697,,-2.47791771833224,0.01,137.064016349413,,32.0,87.3182670815342,100.0,,,,1.08235294117647,
Brunei Darussalam,2017.0,,3.4664657121,100.0,16.9430783961922,1.08644948261552,,1.1534252166748,10.658933761159,,,1.32860255161715,0.01,138.88505236798,,32.1,85.1767490461377,100.0,,,,1.08235294117647,
Brunei Darussalam,2018.0,,3.4664657121,100.0,17.3623104307419,1.01763976241346,,1.2358136177063,14.752902797832,,,0.0522377907767719,0.01,138.957602851057,,32.8,93.8978590982859,100.0,,,,1.08235294117647,
Brunei Darussalam,2019.0,,3.4664657121,100.0,16.111932938856,0.986055130118515,,1.11096370220184,13.8632700577566,,,3.86910986506845,0.01,144.334025171229,,34.5,108.509658357959,100.0,,,,1.08235294117647,
Brunei Darussalam,2020.0,,3.4664657121,100.0,21.7058124398664,1.21750283610591,,1.18799841403961,9.19382458700127,,,1.1335733495246,0.01,145.970157214867,,41.3,110.291003658452,100.0,,,,1.08235294117647,
Bulgaria,2013.0,,40.4168822529,95.3332061767578,5.45906018005221,4.51541694501881,16.0788502170935,0.170710384845734,0.120358166929023,25.1311978905073,6.60567925886368,-0.542751313085674,18.24,8.90273674305143,,301.02172,129.688682986482,89.4121097547224,24.7897641056311,,50.9809840024147,26.0380952380952,
Bulgaria,2014.0,,39.7368615567,95.9347076416016,5.82153390574504,4.55871704995626,15.7436017644426,0.0785408988595009,0.0834928411892959,26.0849348804168,5.93048777889062,0.949448520821818,17.15,9.1410635440641,,318.381955,130.267991439052,90.6875233271563,25.8257119437689,,50.4144735440152,25.6,
Bulgaria,2015.0,138.1,41.6098750832,96.5846862792969,6.2073775238782,4.06197577427238,17.9885929998769,0.010424641892314,0.0552487866288704,26.4706690534795,6.37437938533503,3.39755387590648,17.85,9.02618319690857,,346.085434,126.735524668559,92.2721823586521,,,50.4041688892536,26.8066666666667,
Bulgaria,2016.0,170.6,42.0504102299,97.3378295898438,5.83441898521035,4.0548985296075,,0.0682793706655502,0.0468257251759036,29.2727455678007,,3.02662839224124,17.71,9.20194866880911,,336.063473,122.853879612233,94.1873701862429,,,,27.0904761904762,
Bulgaria,2017.0,154,41.8212728213,98.0648651123047,6.20201084038645,4.04317689807308,,0.321378797292709,0.0622253325954594,,,2.74592725876734,17.11,9.50642908551203,,348.763473,129.739743496115,95.9582818083143,,,,26.9428571428571,
Bulgaria,2018.0,133.2,40.0990464927,98.6996383666992,5.82177716644055,3.38611244688378,,0.444267064332962,0.0610570091995283,,,2.69490655338835,19.59,10.1819161806887,,358.063473,128.901612634046,97.3943632463823,,,,25.8333333333333,
Bulgaria,2019.0,167.5,40.0768719048,99.1950073242188,5.61371010274005,3.2428151255871,,0.56119829416275,0.0421168946066212,,,4.03518894662498,19.32,10.5986367342388,,364.163473,124.688701193655,98.4206486246119,,,,25.8190476190476,
Bulgaria,2020.0,202.1,37.5194027644,99.7,4.92328037940501,3.49024181395635,,0.40158087015152,0.0269688819823975,,,-3.96615613627334,21.08,10.8720694814808,,339.663473,110.328593685454,99.3887142216549,,,,24.1714285714286,
Burkina Faso,2013.0,,7.8202676864,15.3885135650635,0.167097517816553,23.6410927919708,14.4382099356781,-0.763390123844147,0.0,88.8969696969697,,5.79258484509867,77.09,13.3416749415072,4.0,0.0,64.0358513024234,1.04554773239628,,3.5,,6.544,
Burkina Faso,2014.0,,7.8202676864,19.2,0.164943646730665,23.6937727725999,10.3971279274351,-0.787128567695618,0.0,91.3107284768212,,4.32684561452976,76.84,13.9189486186186,4.0,0.0,58.8235624937426,4.74987644223849,,3.5,,6.544,
Burkina Faso,2015.0,1866.9,7.8202676864,16.1532001495361,0.203109100380761,22.6464984902029,9.35403868441754,-0.609127342700958,0.0,94.0477647058823,,3.9212287937935,74.55,14.4647424396452,4.0,0.0,59.0891813101662,,,3.5,,6.544,
Burkina Faso,2016.0,2102.5,7.8202676864,16.5673961639404,0.207403201722726,21.7147178290213,,-0.868710696697235,0.0,93.3513428571429,,5.95797670754024,74.14,15.326548425005,4.0,0.0,57.8931727994406,,,3.5,,6.544,
Burkina Faso,2017.0,2326,7.8202676864,17.0133209228516,0.233173679706721,20.5863197033828,,-0.927885591983795,0.0,,,6.20348941121868,71.13,16.2773292336554,4.0,0.0,59.2687802020168,,,3.5,,6.544,
Burkina Faso,2018.0,2575.5,7.8202676864,14.4,0.252428280421403,20.9974732840091,,-1.06025648117065,0.0,,,6.60456906812341,69.13,17.3523766853381,4.0,0.0,60.5956256236488,,,3.5,,6.544,
Burkina Faso,2019.0,3225,7.8202676864,17.6,0.26950158887331,18.2205245543817,,-1.30215322971344,0.0,,,5.4864554268367,67.2,18.3044070976759,4.0,0.0,60.4086928806888,,,3.5,,6.544,
Burkina Faso,2020.0,3991.7,7.8202676864,18.4672794342041,0.253533188747507,17.8532851714932,,-1.53794133663177,0.0,,,1.92199069027077,67.51,18.6562160980025,4.0,0.0,60.7052471078,,,3.5,,6.544,
Burkina Faso,2021.0,4695.9,,18.9506874084473,,17.2325125323817,,-1.64286971092224,0.0,,,6.93786051737202,68.0,,4.0,,62.5946411091725,,,3.5,,,
Burundi,2013.0,,10.19286754,6.9,0.0361000266316517,38.3674000405511,87.02056925233,-1.35027754306793,0.0,82.2839024390244,,4.92418989834684,91.11,11.0623807199182,3.0,0.0,46.6040790867655,0.998027727111687,,3.0,,2.78429423459245,
Burundi,2014.0,,10.19286754,7.0,0.0347596973886301,34.9581923436541,80.7187888270213,-0.784407138824463,0.0,84.6230769230769,,4.24065021402657,91.31,11.5314975915939,3.0,0.0,42.995025805263,0.980123073340712,,3.0,,2.78429423459245,
Burundi,2015.0,,10.19286754,7.89011478424072,0.0341936179122354,30.6846972994222,82.7093851288663,-1.93744611740112,0.0,84.9670731707317,,-3.9000000804855,91.18,11.0817691762405,3.0,0.0,22.8382834157721,1.20747858826375,,3.0,,2.78429423459245,
Burundi,2016.0,,10.19286754,8.47799873352051,0.0405380853018533,31.5443361286606,,-1.96437513828278,0.0,93.269347826087,,-0.600000909116389,89.58,11.0152784604369,3.0,0.0,23.0437252570449,1.53369584676301,,3.0,,2.78429423459245,
Burundi,2017.0,,10.19286754,9.3,0.0474291236691765,28.5466470060171,,-2.00257396697998,0.0,,,0.500001262429279,88.19,11.0703549917992,3.0,0.0,22.2402931011977,1.6584073300067,,3.0,,2.78429423459245,
Burundi,2018.0,,10.19286754,9.50929260253906,0.057850230113233,29.0119004854571,,-1.57021856307983,0.0,,,1.60993542127714,85.65,11.2485805580733,3.0,0.0,26.5997024647774,1.97714432825881,,3.0,,2.78429423459245,
Burundi,2019.0,,10.19286754,9.83940029144287,0.0595713389942667,28.8443900000001,,-1.62499344348907,0.0,,,1.81256532326668,84.84,11.4524684286286,3.0,0.0,29.0262100000001,1.97358317236654,,3.0,,2.78429423459245,
Burundi,2020.0,,10.19286754,9.1,0.0583840218352736,28.6249500000001,,-1.54231476783752,0.0,,,0.327156891263598,83.52,11.4899359683127,3.5,0.0,26.7733299999999,0.934801165055394,,3.0,,2.78429423459245,
Burundi,2021.0,,,10.2338275909424,,28.6602199999999,,-1.25835752487183,0.0,,,3.09999999999975,83.25,,3.5,,28.81866,1.62982248444173,,3.0,,,
Cabo Verde,2013.0,,8.4333333333,84.266242980957,0.929732933288884,5.82359125603063,20.5576033446305,0.777999877929688,0.496935442122119,97.7866666666667,,0.632136727385131,25.94,68.0488660536609,3.0,0.0,86.1698600308418,71.4929279654307,,3.5,,8.43333333333333,
Cabo Verde,2014.0,,8.4333333333,85.3273620605469,0.909030977373113,5.73506923863287,17.2916513783909,0.350779145956039,0.358920308788934,98.2756,,0.696666840118581,26.11,68.5229399385334,3.0,0.0,91.3038524117221,73.7637533936473,,3.5,,8.43333333333333,
Cabo Verde,2015.0,,8.4333333333,86.4211273193359,0.905343682877975,6.4082863760272,20.2084965923393,0.855819821357727,0.270968952174164,99.009,,0.936026507808833,26.35,69.164332820288,3.0,0.0,94.0085301423522,76.2462296013546,,3.5,,8.43333333333333,
Cabo Verde,2016.0,,8.4333333333,87.5304183959961,0.972252567183745,6.31352277353712,,0.871190190315247,0.292078410867399,98.6756363636364,,4.28071482662371,26.31,72.1250606700615,3.0,0.0,95.3781398609533,78.7831062137958,,3.5,,8.43333333333333,
Cabo Verde,2017.0,<100,8.4333333333,88.6136093139648,1.0349515181767,5.37533502619645,,0.762864291667938,0.360736180973336,,,4.5513148102974,24.66,75.407699238274,3.5,0.0,100.052133904219,81.235827920321,,3.5,,8.43333333333333,
Cabo Verde,2018.0,<100,8.4333333333,90.1969299316406,1.04113781114212,4.52276867410321,,0.833078503608704,0.428436433104547,,,3.70696458310842,23.13,78.2030359419737,3.5,0.0,105.867524052105,84.6087935189956,,3.5,,8.43333333333333,
Cabo Verde,2019.0,<100,8.4333333333,91.4,1.06961509800184,4.437360866953,,0.8595210313797,0.391273028519396,,,6.94782634051859,22.41,83.6364470722354,3.5,0.0,103.602656463726,87.2879014687412,,3.5,,8.43333333333333,
Cabo Verde,2020.0,<100,8.4333333333,93.746955871582,1.06515172319099,6.19132745485182,,0.874160885810852,0.340334287319318,,,-20.8052758990735,23.42,66.2356535066742,3.5,0.0,78.3934545931901,92.6763905567659,,3.5,,8.43333333333333,
Cabo Verde,2021.0,<100,,95.5214157104492,,6.11725937580603,,0.894233107566834,0.525710297090096,,,5.61508262717601,23.24,,3.5,,78.469619166536,96.8563530611066,,4.0,,,
Cambodia,2013.0,,1.0365448505,50.9,0.382514750478394,31.5950624294781,57.9302587176603,-0.136436149477959,0.0,87.2719713261649,0.78740157480315,7.35666514861452,64.97,7.21134832830819,3.0,232.9,130.046486673911,38.9310814161177,2.89563711875362,3.5,42.0697412823397,1.81094527363184,
Cambodia,2014.0,,1.0365448505,56.1,0.456727603783544,28.8713035297234,61.1365120836055,0.0231748018413782,0.0,75.8842232277526,0.653167864141084,7.14257110024776,63.7,7.72642400994413,3.0,249.7,129.612232309913,44.7267541240609,3.31926620677437,3.5,38.8634879163945,1.81094527363184,
Cambodia,2015.0,2609.5,1.0365448505,62.720645904541,0.546949078655501,26.5803600141109,46.4180122811008,0.0633481442928314,0.0,64.7922144522145,0.932453945872186,6.96579781650981,60.63,8.26463108492311,3.0,266.9,127.864066995687,53.2793106529743,,3.0,53.5819877188992,1.81094527363184,
Cambodia,2016.0,2229.3,1.0365448505,68.7621994018555,0.708268456939398,24.742664419228,,0.206190809607506,0.0,65.0059090909091,,6.93331397162559,58.0,8.83764390663739,3.0,289.0,126.950028976291,60.7155114163324,,3.0,,1.81094527363184,0.0
Cambodia,2017.0,2220.6,1.0365448505,89.07,0.799744091997512,23.3614404786228,,0.0935089886188507,8.64415377523076e-05,,,6.99690369958998,56.32,9.45600534009749,3.0,300.0,124.787773547664,86.0893433811782,,2.5,,1.81094527363184,
Cambodia,2018.0,2176.9,1.0365448505,80.7008285522461,0.845896953293299,22.0129559010671,,0.11081126332283,0.0001422183790934,,,7.46916920803093,58.15,10.1622903792698,3.0,315.0,124.898612833123,75.0015691174528,,2.5,,1.81094527363184,
Cambodia,2019.0,2275.8,1.0365448505,84.0,1.11633042620485,20.7118706888156,,-0.0755313858389854,0.0001123407528476,,,7.05410693152042,53.05,10.8791492093151,3.0,357.8,123.556523773641,79.9697551445841,,2.5,,1.81094527363184,
Cambodia,2020.0,2470.4,1.0365448505,86.4,1.13758365931038,22.6963952064534,,-0.209088623523712,0.0002204855584104,,,-3.09600673131888,51.41,10.5423300174845,3.0,366.0,123.990741591279,82.9139796498157,,2.5,,1.81094527363184,
Cambodia,2021.0,2460.1,,82.5017166137695,,22.8475000571716,,-0.131573155522346,0.0316430241693597,,,3.0263893638939,,,3.0,,129.111451548363,77.1282417951583,,3.0,,,
Cameroon,2013.0,,1.5604301075,56.3205604553223,0.347933813621414,16.7236611922507,75.3357531760436,-0.53223729133606,3.69089546257609,50.7011261872456,1.23411978221416,4.99552916130783,77.67,26.4916947269295,3.0,310.9,49.6745363462134,19.4837628021507,4.56647214734543,3.0,24.6642468239564,0.398681318681319,
Cameroon,2014.0,,1.5604301075,56.8,0.368742288253346,16.8258381780095,75.3250975292588,-1.05925238132477,3.29872887870614,68.3718064516129,1.1703511053316,5.71981814509198,76.88,28.0069714888628,3.0,325.3,50.8323893087648,18.8019468076161,4.60075859598976,3.0,24.6749024707412,0.398681318681319,
Cameroon,2015.0,5140.3,1.5604301075,58.6203880310059,0.369370823329051,17.2094159041593,76.1171944362237,-0.989914000034332,1.77169309212597,77.185543071161,1.12459307487422,5.66695298703932,78.06,29.5941133962302,3.0,326.0,45.5401468279393,21.1998499680836,,3.0,23.8828055637763,0.398681318681319,
Cameroon,2016.0,6298.8,1.5604301075,59.7636642456055,0.378493591541366,17.1926623891151,,-1.06121301651001,1.44689927559998,69.8231111111111,,4.53579423678801,78.78,30.9364414860849,3.0,334.8,40.6386315268268,21.7973804024794,,3.0,,0.398681318681319,
Cameroon,2017.0,6880.1,1.5604301075,60.903621673584,0.372071194814649,16.6929418227731,,-1.09150469303131,1.99931867205462,,,3.54117654926007,79.18,32.0319554971657,3.0,340.0,39.1990216052629,22.3994700878703,,3.0,,0.398681318681319,
Cameroon,2018.0,7043,1.5604301075,62.2,0.388794447700892,16.4988006978593,,-1.40175902843475,2.59332456981882,,,3.95551423892049,78.57,33.2989840578607,3.5,349.9,40.587602877028,26.2765344038043,,3.0,,0.398681318681319,
Cameroon,2019.0,7037.1,1.5604301075,63.1768951416016,0.370691707164993,16.8022835644401,,-1.56176483631134,2.37388829212283,,,3.47505998194981,78.79,34.4561437272513,3.5,359.0,43.3785132480415,23.6067471851388,,3.0,,0.398681318681319,
Cameroon,2020.0,7074.4,1.5604301075,64.3118743896484,0.37478265803136,17.4968650540914,,-1.51364362239838,1.29270655981345,,,0.259932915907115,78.94,34.5457065863507,3.5,366.5,33.7389804984186,24.2107214524016,,3.0,,0.398681318681319,
Cameroon,2021.0,7252.9,,65.4467086791992,,16.9661047599932,,-1.39403569698334,2.32795317755994,,,3.33885747179505,,,3.5,,36.745844376626,24.8157918814882,,2.5,,,
Canada,2013.0,,3.8393408857,100.0,15.8408097562138,1.89423151227836,63.2980330554908,1.06142175197601,0.266699410443188,43.5129574907882,4.40995422738991,2.3291225062102,21.84,40.3211968216746,,5695.767005,62.2310749013405,100.0,19.9124179587462,,20.7693406188697,1.3080701754386,0.4
Canada,2014.0,,3.7595262616,100.0,15.8521772244521,1.58654807741954,62.8249922157553,1.17550384998322,0.359203139758369,45.0896821102469,5.57037555986683,2.87003607545671,21.83,42.3590154727185,,5689.484711,64.3786621564923,100.0,19.6911106025197,,20.7631254341213,1.28087719298246,
Canada,2015.0,,3.6797116375,100.0,15.6499072848632,1.86983594598587,63.011450040254,1.26233685016632,0.0300155530949673,48.1972945597709,6.26725705936727,0.659176863558869,21.83,43.5630790992762,,5614.68759,66.1649020669781,100.0,19.770846389418,,21.067179533053,1.25368421052632,0.4
Canada,2016.0,,3.7066426365,100.0,15.4218225254765,1.86222589313529,,1.24041163921356,0.123509347986923,45.8761364627234,,1.00139441390405,21.62,43.6796357071715,,5587.682038,65.3636845215556,100.0,,,,1.26285964912281,0.4
Canada,2017.0,234.5,3.7335736354,100.0,15.5471947150649,1.88999463244888,,1.08967959880829,0.210662547630561,,,3.03988022528195,22.35,44.6827967914832,,5848.282038,65.1010608504649,100.0,,,,1.2720350877193,0.4
Canada,2018.0,260.8,3.7335736354,100.0,15.6366541621759,1.69989157622406,,0.963774383068085,0.410042163909339,,,2.77704055379553,21.92,45.9236561789528,,5937.582038,66.5998858508762,100.0,,,,1.2720350877193,0.4
Canada,2019.0,325.1,3.7335736354,100.0,15.0527469447143,1.69707935336103,,0.994817912578583,0.416681056579483,,,1.88822358535141,22.47,46.7907974861794,,5709.382038,66.1714852804959,100.0,,,,1.2720350877193,0.4
Canada,2020.0,389.8,3.7335736354,100.0,13.5993749178773,,,1.01310467720032,0.223536262915073,,,-5.07435756759732,23.85,44.4164651130004,,5157.782038,61.6019235355692,100.0,,,,1.2720350877193,0.2
Central African Republic,2013.0,,0.3356481481,11.5017824172974,0.0251122973629173,32.2589062460725,99.2805755395683,-2.15489673614502,0.0,95.342,,-36.3919770983887,95.08,22.4002269524297,2.0,0.0,38.3992875721315,0.653773970999054,,2.0,,0.0514184397163121,
Central African Republic,2014.0,,0.3356481481,12.0367059707642,0.0271738337653223,33.9856217226143,99.4152046783626,-2.69919323921204,0.0,96.5643333333333,,0.0810705153264877,94.82,22.4183869318543,2.0,0.0,53.0950920179825,0.848898910807453,,2.0,,0.0514184397163121,
Central African Republic,2015.0,,0.3356481481,12.7129907608032,0.0382625562500039,31.5273810283745,99.4152046783626,-1.89358747005463,0.0,94.6322580645161,,4.33712103020231,92.86,23.3906995061079,2.5,0.0,53.1451477769621,1.28705135529252,,2.0,,0.0514184397163121,
Central African Republic,2016.0,,0.3356481481,13.404803276062,0.0420865723239598,31.9189914897237,,-1.77954876422882,0.0,95.8151612903226,,4.75031684122342,92.11,24.5018318440265,2.5,0.0,50.53064402191,1.71544345143934,,2.0,,0.0514184397163121,
Central African Republic,2017.0,,0.3356481481,14.0705080032349,0.0445090109733524,32.7901712257048,,-1.99353218078613,0.0,,,4.52727821346231,91.58,25.6110979390003,2.5,0.0,57.1435457117119,2.05641377444476,,2.0,,0.0514184397163121,
Central African Republic,2018.0,,0.3356481481,14.6439552307129,0.0449675942827757,31.2413315121572,,-2.1720871925354,0.0,,,3.78944359275462,91.42,26.5816160488838,2.5,0.0,49.6602000024318,2.22542254341273,,2.0,,0.0514184397163121,
Central African Republic,2019.0,3223.3,0.3356481481,14.3,0.0451882048419334,28.3418324649438,,-2.13577795028687,0.0,,,3.09999999999999,91.26,27.4056461463992,2.5,0.0,50.0658000014868,1.53156080542258,,2.0,,0.0514184397163121,
Central African Republic,2020.0,3298,0.3356481481,15.4057130813599,0.044282072685485,29.4959372264099,,-2.23620891571045,0.0,,,0.899999996857062,90.88,27.6522969608555,2.5,0.0,49.5210200011921,1.91861655440193,,2.0,,0.0514184397163121,
Central African Republic,2021.0,3374.1,,15.6802768707275,,35.75533,,-2.1267397403717,0.0,,,0.982920000000064,90.45,,2.5,,44.15912,1.5655317576963,,2.0,,,
Chad,2013.0,,4.294921875,8.09024047851563,0.112528284150601,22.9155705775128,0.0,-1.08947229385376,7.87934356831729,95.2622826086957,,5.70000136285864,72.62,11.3320968395487,2.5,0.0,72.6489157572057,2.96992353565228,,2.5,,5.864,
Chad,2014.0,,4.294921875,8.43209648132324,0.108278189161726,25.4677805419333,0.0,-1.56888270378113,5.58911787166685,95.966170212766,,6.89998504532166,72.52,12.114009826799,2.5,0.0,76.6265231668971,3.01543062660058,,2.5,,5.864,
Chad,2015.0,,4.294921875,7.7,0.104563037463065,30.4630058696324,0.0,-0.973281741142273,3.48608479254864,92.9981443298969,,2.76767568484473,72.66,12.449286331235,2.5,0.0,66.5641643497065,0.522861590799548,,2.5,,5.864,
Chad,2016.0,,4.294921875,9.24529838562012,0.10072718438851,26.9708556149733,,-1.30189418792725,3.71748345353444,89.8774509803922,,-6.25552708545281,72.72,11.670517852839,2.5,0.0,63.2969251336898,2.83924919424445,,2.5,,5.864,
Chad,2017.0,,4.294921875,10.9,0.0986485114163678,32.8122227117827,,-1.28639209270477,5.22207859122256,,,-2.98869598553931,72.84,11.3217215542796,2.5,0.0,73.5750081822223,4.18596741639414,,2.5,,5.864,
Chad,2018.0,,4.294921875,10.0588064193726,0.0998063984014571,27.9969936355033,,-1.47796535491943,9.26767411679785,,,2.37403780037786,73.13,11.5905035036317,2.5,0.0,74.2047537321657,2.27693522301297,,2.5,,5.864,
Chad,2019.0,,4.294921875,8.4,0.0981963885605548,24.1353926658466,,-1.35040700435638,9.13043167328932,,,3.24718191743429,72.78,11.9668682375412,3.0,0.0,74.5705255558558,,,2.5,,5.864,
Chad,2020.0,,4.294921875,10.8656768798828,0.0942281870969025,27.0640822928476,,-1.25519597530365,5.73261674759832,,,-1.60000673705524,73.55,11.775397539526,3.0,0.0,68.7303601414611,1.64789598617075,,2.5,,5.864,
Chad,2021.0,,,11.2685585021973,,25.3036076848784,,-1.38981282711029,9.57511251254643,,,-1.1999905246095,73.74,,3.0,,82.984776867047,1.30200220412856,,2.5,,,
Chile,2013.0,,8.982121089,99.6,4.74008312428523,3.4733753279625,35.6668719633203,0.363742530345917,0.0212507359731361,55.4029141548107,8.65393827413947,3.30850824469113,30.23,6.59248690878507,,1121.7,65.1432879537196,100.0,4.08270933094002,,64.1086703620064,3.99638418079096,
Chile,2014.0,,8.982121089,100.0,4.3285934591455,3.94662062988525,42.4070089148478,0.447516918182373,0.0151736794212008,57.4075834533316,10.1305089008747,1.79264947361806,26.95,6.71066709065375,,970.0,65.6346281203402,100.0,5.64538506080068,,57.1863734175446,3.99638418079096,
Chile,2015.0,520.5,8.982121089,99.714844,4.60323610513279,3.70940427541167,43.6043349649144,0.424871742725372,0.0069766255909548,54.1527815054288,11.9264594691392,2.15194249853634,25.06,6.85507678771282,,996.5,59.3491104787205,100.0,5.72221215920605,,56.3956650350856,3.99638418079096,
Chile,2016.0,568.8,8.982121089,100.0,4.78352570264377,4.19908937120737,,0.402406215667725,0.0053237595998309,53.5068755803157,,1.75303874553305,24.55,6.97524893983747,,1062.7,56.0578610869392,100.0,,,,3.99638418079096,
Chile,2017.0,621.9,8.982121089,99.7,4.74380241866313,4.28097161367726,,0.406280666589737,0.0062677977344228,,,1.35769537797211,24.1,7.06995157229569,,1093.5,56.0261589665752,100.0,,,,3.99638418079096,
Chile,2018.0,680.1,8.982121089,100.0,4.62965705867727,3.92743592461123,,0.412628829479218,0.0113333287428491,,,3.99002947521676,25.46,7.35204472391384,,1112.2,58.1770506331731,100.0,,,,3.99638418079096,
Chile,2019.0,685.4,8.982121089,100.0,4.82762007480769,3.98332008118024,,-0.0161683559417725,0.0153159436194606,,,0.743130031576072,25.27,7.40667997619215,,1127.6,57.5468575300305,100.0,,,,3.99638418079096,
Chile,2020.0,724.7,8.982121089,100.0,4.39515106359663,4.04198954570421,,0.044010441750288,0.0066809654429744,,,-6.14524685814565,26.73,6.9515212076623,,1040.1,58.1334270336144,100.0,,,,3.99638418079096,
China,2013.0,,44.0250653657,99.9929504394531,7.32015492503154,8.94289396228549,20.2962273802567,-0.543789923191071,1.47248716740963,12.4350620126642,3.5648783506209,7.7661500973591,11.47,15.9581921288451,,53365.9,46.7443755762646,99.984996785186,4.53414655121912,,77.4244665797368,21.4298410892673,
China,2014.0,,43.3385431121,100.0,7.30471287157582,8.64349139635033,22.6091537829535,-0.522584021091461,1.17449560810056,12.7752828718517,4.05665980378573,7.42576365596916,11.91,17.414773918752,,53216.7,44.9052159549395,100.0,5.10701715020901,,74.8228873696222,21.0956663941128,
China,2015.0,,43.2216882605,100.0,7.14513153508327,8.38701488218385,23.926817173663,-0.552559673786163,0.55146891809536,13.5158290125661,4.85700420830511,7.0413288794755,12.18,18.6914035461216,,53484.7,39.4641693350994,100.0,,,72.9620759739898,21.0387855949376,
China,2016.0,,44.1141671901,100.0,7.10547993572515,8.05728753468678,,-0.502221345901489,0.468471119066501,13.6168290282251,,6.84876220444184,12.6,19.5674868767822,,53158.9,36.8944150168747,100.0,,,,21.4732126986384,
China,2017.0,,43.5444997882,100.0,7.22616015441748,7.46356501656873,,-0.232558473944664,0.582954445963903,,,6.94720079316534,13.14,21.2006536910601,,54176.7,37.6324132403061,100.0,,,,21.1959188026592,0.0
China,2018.0,,43.3027563138,100.0,7.53319313353674,7.04302025317327,,-0.298641502857208,0.704281724834458,,,6.74977383251148,13.55,22.7579941023732,,55914.7,37.5657841023411,100.0,,,,21.0782466493654,
China,2019.0,,43.9754020537,100.0,7.64543578560038,7.14369027759628,,-0.259810864925385,0.554702096120324,,,5.95050075439315,14.33,23.7433894706965,,56288.6,35.8900960338084,100.0,,,,21.4056667496178,
China,2020.0,,41.5185287974,100.0,7.75613790659769,7.69864253416333,,-0.473098784685135,0.361833602387154,,,2.23863835674121,14.81,25.711394742308,,56111.6,34.7542956997053,100.0,,,,20.2097479469587,
Colombia,2013.0,,3.2785504766,97.779418,1.68098788159418,5.39271495449474,73.9986754585505,-1.29197180271149,6.02790826677731,58.5098393109654,3.03204814420225,5.13399351995672,32.13,12.4558960243665,,994.1,37.9866487978457,90.0737700750495,8.97406621107914,,26.0013245414495,1.02101245610723,
Colombia,2014.0,,3.5820749431,97.790938,1.71582096359122,5.44695721474422,74.0383106787808,-1.11459410190582,5.30310431609835,53.1168303683287,3.13217612072285,4.49903000110972,32.22,11.9133647888647,,1023.6,37.4874656411103,89.8921484763603,9.20354121922188,,25.9616893212192,1.11553662565035,
Colombia,2015.0,,3.8855994097,98.186898,1.71939023077553,5.98042480849818,68.236811220424,-1.0726637840271,2.77216533332884,54.2515068493151,3.27745338105105,2.95590137527523,31.46,11.3073888824809,,1062.6,38.3607641184453,91.7902476160102,,,31.763188779576,1.21006079519347,
Colombia,2016.0,,4.1891238763,98.4,1.75379580314977,6.60641226605789,,-0.887163996696472,2.05504472759822,58.7350429799427,,2.08738250162794,30.6,10.7070349134298,,1087.4,36.202652984202,92.7619947950945,,,,1.3045849647366,
Colombia,2017.0,,4.1262925219,98.5,1.56507517599547,6.3896635526812,,-0.779457688331604,2.69739587430891,,,1.35936086788746,32.38,11.0178352088253,,1035.4,35.2829149424588,92.7403397637954,,,,1.28501790425641,
Colombia,2018.0,,4.0634611677,98.5,1.61039151744768,6.22570968960033,,-0.806959629058838,3.9376621025169,,,2.56432428277704,30.57,11.47510041529,,1057.0,36.5347527968973,92.6166784645762,,,,1.26545084382284,
Colombia,2019.0,,4.2267774746,99.4442596435547,1.57782014077396,6.41072082168316,,-0.979467272758484,3.37635502999402,,,3.18685539245533,31.5,11.3832848003875,,1116.1,37.558533980839,97.0589523159486,,,,1.31631112027972,
Colombia,2020.0,,4.3586331976,99.7217559814453,1.55225942282078,7.4661585860874,,-0.701150596141815,1.67839094093874,,,-7.25229907492306,31.31,10.2383463375918,,1023.1,34.1314688566783,98.5020509702548,,,,1.35737388158508,
Comoros,2013.0,,0.8333333333,69.4370956420898,0.274809727864019,30.7898625558374,0.0,-0.256929188966751,0.0,97.7866666666667,,4.4662473147818,62.23,93.5366607154659,3.0,0.0,39.2432952739814,62.536958807747,,2.5,,0.833333333333333,
Comoros,2014.0,,0.8333333333,71.7619171142578,0.240550116706688,30.0114505077364,0.0,-0.186910167336464,0.0,96.25875,,2.10665758942474,65.8,95.5071578773227,3.0,0.0,39.2358231954392,65.0463785984331,,2.5,,0.833333333333333,
Comoros,2015.0,,0.8333333333,74.0817642211914,0.254582205813075,30.5986282117727,0.0,-0.244471609592438,0.0,93.7122222222222,,1.14735076108914,64.06,96.6029599801228,3.0,0.0,37.8049520714563,67.5524474801784,,3.0,,0.833333333333333,
Comoros,2016.0,,0.8333333333,76.3974609375,0.292000343056851,31.3684720287721,,0.0220019221305847,0.0,100.8425,,3.32044656240026,60.4,99.8106096439597,3.0,0.0,37.1328797158337,70.0557493991745,,3.0,,0.833333333333333,
Comoros,2017.0,,0.8333333333,78.709831237793,0.366303251827578,31.8988868689753,,0.0224073994904757,0.0,,,3.81576287682401,56.32,103.619145833886,3.0,0.0,40.164358921352,72.5573212619835,,3.0,,0.833333333333333,
Comoros,2018.0,,0.8333333333,81.0197219848633,0.389920045136433,33.7201530586489,,-0.361675262451172,0.0,,,3.6424511379732,54.59,107.39342259047,3.0,0.0,42.996153341343,75.0577782847359,,3.0,,0.833333333333333,
Comoros,2019.0,,0.8333333333,83.3279495239258,0.412396679587249,35.6200979878781,,-0.176833510398865,0.0,,,1.76078023923176,53.0,109.284384753678,3.0,0.0,42.2680785350184,77.55719588066,,3.0,,0.833333333333333,
Comoros,2020.0,220.9,0.8333333333,85.6353454589844,0.407112182850678,35.7974035819198,,-0.28740406036377,0.0,,,-0.195556827149787,48.29,109.070671678283,3.0,0.0,33.7299346157491,80.0564793936052,,3.0,,0.833333333333333,
Comoros,2021.0,225.1,,87.9426040649414,,35.511652408758,,-0.228033617138863,0.0,,,2.11219557695527,39.05,,3.0,,42.2777287262853,82.8698483095906,,3.0,,,
Congo,2013.0,,0.0274463007,42.5000877380371,1.10015273196348,4.26008307765038,56.8168519602106,-0.475050121545792,18.0888186821667,63.347425,0.0,-0.712434451876447,62.51,252.42812482692,3.0,114.4,93.0028633915235,10.3668384000291,1.49281828422187,2.5,43.1831480397894,0.0207207207207207,
Congo,2014.0,,0.0274463007,43.4010238647461,1.04656126835517,4.55765676258842,54.7126436781609,-0.359291583299637,14.3577069668689,58.9596078431373,0.0,6.64606540928447,62.27,269.204663114347,3.0,119.0,104.197620103417,10.6723656444538,1.4287130347896,2.5,45.2873563218391,0.0207207207207207,
Congo,2015.0,2156.9,0.0274463007,44.3346099853516,1.11662104744781,5.81058378126185,53.3448673587082,-0.529127299785614,6.9015727405774,68.5430523255814,0.0,0.415193061293763,64.15,270.322382196277,3.0,118.7,117.320721558581,11.1233843440577,,2.5,46.6551326412918,0.0207207207207207,
Congo,2016.0,2392.1,0.0274463007,45.2837257385254,1.0599164344115,6.76365706352411,,-0.523459076881409,7.34543752542659,69.2898805970149,,-8.68524343913786,67.63,246.844225232054,2.5,109.3,122.259818284021,11.5506444222109,,2.5,,0.0207207207207207,
Congo,2017.0,2643.4,0.0274463007,46.2067337036133,1.01776241731516,7.30994311165531,,-0.533614933490753,17.2921171189376,,,-5.59477371915547,69.75,233.033849391518,2.5,87.6,94.6170952583422,11.8079814052513,,2.0,,0.0207207207207207,
Congo,2018.0,2778.8,0.0274463007,47.037483215332,1.14258944301682,6.78839431122933,,-0.348402857780457,26.3857569444093,,,-2.30431780125842,70.51,227.664008917031,2.5,87.2,100.583216779714,11.7793486781286,,2.0,,0.0207207207207207,
Congo,2019.0,2882.1,0.0274463007,47.7288208007813,1.25766214248646,7.34698694374196,,-0.29930168390274,26.6572070502347,,,1.12447707363883,69.97,230.22403850223,2.5,88.3,91.5757577206648,11.382444837685,,2.0,,0.0207207207207207,
Congo,2020.0,3162.6,0.0274463007,48.6791305541992,1.25459166977367,10.6904308942388,,-0.213065609335899,16.7936267833781,,,-6.26777799581888,71.88,215.794106875902,2.5,86.9,69.3066206882472,11.8295938347665,,2.0,,0.0207207207207207,
Congo,2021.0,3431.9,,49.6572036743164,,9.09674912959232,,-0.229479312896729,21.8748521200386,,,1.01507096607732,,,2.5,,85.5462012266217,12.3941780854816,,2.0,,,
"Congo, The Democratic Republic of the",2013.0,,0.2268835048,15.1654949188232,0.0539000662686987,19.3166676272701,99.8910147735529,-2.19219064712524,1.17216702226766,92.2275616438356,0.217970452894163,8.48195663608755,93.92,47.3914901184565,2.5,811.0,77.4659451472265,,2.26762471023057,3.0,0.108985226447082,0.0759555555555556,
"Congo, The Democratic Republic of the",2014.0,,0.2268835048,13.5,0.0675486326218718,18.5625173135181,99.8755656108597,-2.16792130470276,0.773841571931483,94.0099373695198,0.101809954751131,9.4702880993101,92.87,51.8796007672304,2.5,940.8,78.690150124216,,2.35994627719993,3.0,0.124434389140271,0.0759555555555556,
"Congo, The Democratic Republic of the",2015.0,,0.2268835048,16.5844593048096,0.0410822170168305,18.3703885046444,99.8210691120555,-2.1388533115387,0.248645652523928,91.2308996539792,0.111831804965332,6.91616711922561,95.82,55.4676806570791,3.0,938.9,59.3324309644245,1.0,,3.0,0.178930887944531,0.0759555555555556,
"Congo, The Democratic Republic of the",2016.0,,0.2268835048,17.2873020172119,0.029732419887336,18.5997536400957,,-2.22458934783936,0.204679217159056,92.9210679611651,,2.39939891133452,97.03,56.7985715829076,3.0,957.4,55.9252102624116,1.0,,3.0,,0.0759555555555556,
"Congo, The Democratic Republic of the",2017.0,,0.2268835048,17.9868259429932,0.0337552149879134,19.7026974970704,,-2.33943891525269,0.475642167549782,,,3.7269476588301,96.7,58.9154246167657,3.0,958.8,74.2913796171904,1.0,,3.0,,0.0759555555555556,
"Congo, The Democratic Republic of the",2018.0,,0.2268835048,18.68385887146,0.0323112350811435,18.8873431860066,,-2.0807466506958,0.560875803546178,,,5.82112109969025,96.38,62.3449628301043,3.0,827.8,69.9197291501817,1.0,,3.0,,0.0759555555555556,
"Congo, The Democratic Republic of the",2019.0,,0.2268835048,19.1,0.0337148799163223,19.4349887070068,,-1.62443852424622,0.462229612399465,,,4.38452887429834,96.29,65.0784957270608,3.0,841.6,55.2351580399854,1.0,,3.0,,0.0759555555555556,
"Congo, The Democratic Republic of the",2020.0,,0.2268835048,20.0737800598145,0.0325847808481787,20.8834188843753,,-1.78548359870911,0.251584140266299,,,1.73542276681493,96.16,66.2078827582089,3.5,855.5,58.4917573282023,1.0,,3.0,,0.0759555555555556,
"Congo, The Democratic Republic of the",2021.0,,,20.7681865692139,,19.0436301293451,,-1.65781247615814,0.463048823720887,,,6.20015401075946,,,3.5,,80.4813114206906,1.0,,3.0,,,
Costa Rica,2013.0,,4.2083976109,99.563517,1.62342547847402,4.78335093302367,88.314606741573,0.677918016910553,0.0509240385860012,85.9246915167095,21.3776257938447,2.49476611386375,37.8,21.3251634120537,,133.8,64.0664105889507,98.4360254439879,13.9890581870171,,11.685393258427,2.18240796460177,
Costa Rica,2014.0,,4.6820648464,99.359291,1.61681138693653,4.88788378974411,89.7915239307037,0.577418208122253,0.0459362185862528,86.6873180076628,24.0481550357248,3.54210987593986,37.62,19.8467189264405,,135.2,65.1912420520727,98.2686966219306,14.2087097279856,,10.2084760692963,2.42804424778761,
Costa Rica,2015.0,<100,5.4505426621,99.409804,1.53984215693524,4.74911042900119,99.0011098779134,0.669974029064178,0.0177567007849928,85.4012201591512,24.3895671476138,3.65208096806472,38.33,17.6711342331448,,139.1,60.7535619389169,97.6820166105683,,,0.998890122086571,2.82656460176991,
Costa Rica,2016.0,<100,4.987559727,99.5,1.61952841186564,4.9143557868633,,0.648553013801575,0.0138221212255343,85.7297400990099,,4.20432325432709,34.11,20.1234202583733,,142.0,62.1784781755817,98.4525938876527,,,,2.58646902654867,
Costa Rica,2017.0,107.7,4.1638225256,99.6,1.63671577915361,4.69977633154427,,0.597006142139435,0.0050387020420813,,,4.15769896239459,33.33,25.1066676268104,,142.5,65.0719537442883,98.867164418874,,,,2.15929203539823,
Costa Rica,2018.0,120.2,5.2110238908,99.7,1.62012119663525,4.48382833722173,,0.453240990638733,0.0076969668000433,,,2.61590440285156,33.13,20.5860439877503,,141.4,66.9453420155254,98.9319461195142,,,,2.70235398230088,
Costa Rica,2019.0,134.2,5.3551706485,99.71,1.56482445188662,4.20205116303575,,0.43024280667305,0.0056035929004572,,,2.41751181706449,33.42,20.5161972883582,,142.5,65.7605300175717,98.8659946181895,,,,2.77710619469027,
Costa Rica,2020.0,144.3,5.3516723549,99.9,1.35999554957394,4.34422556033116,,0.746752381324768,0.0029369016504744,,,-4.27335432054194,36.43,19.6523054574807,,123.3,60.1398862489796,99.7319808917068,,,,2.77529203539823,
Croatia,2013.0,,1.5671409515,100.0,3.99714358826503,3.44601520135441,66.5017566501757,0.642667889595032,0.654158363196043,50.4427699530516,4.68201046820105,-0.396793619221853,32.82,70.6739293411056,,196.477238,81.403017002247,100.0,10.3600523290762,,33.4982433498243,1.86976127320955,
Croatia,2014.0,,1.5371276123,100.0,3.83079514409838,2.94055317364576,73.9580232211968,0.619112372398376,0.483857075867778,52.5812790697674,6.92170288776422,-0.425623768351187,33.6,71.7472017919157,,184.473643,85.5966431166329,100.0,11.9438258123941,,26.0419767788032,1.83395225464191,
Croatia,2015.0,<100,1.5195642508,100.0,3.94953949039919,2.96023816021292,66.8268375155722,0.586513638496399,0.35992656584487,54.103639088729,9.9572877736252,2.52255339863314,33.09,74.4072473215577,,194.993072,90.9055096599086,100.0,,,33.1731624844278,1.81299734748011,
Croatia,2016.0,<100,1.4804357492,100.0,4.04297771940008,3.05432729578783,,0.654191136360168,0.228359094907662,52.5155962219599,,3.56228782892714,31.83,79.0945169840925,,193.50734,92.3799496866261,100.0,,,,1.76631299734748,
Croatia,2017.0,<100,1.4959982214,100.0,4.22057683649365,2.88125535618654,,0.681904494762421,0.296263406886023,,,3.39957395936727,29.79,80.9326226622541,,195.30734,97.4356669616406,100.0,,,,1.78488063660477,
Croatia,2018.0,<100,1.4962205425,100.0,4.02006632837905,2.9442229335061,,0.793498814105988,0.399806119405091,,,2.8203231384537,32.83,83.2028193338464,,196.00734,99.3650173717785,100.0,,,,1.78514588859416,
Croatia,2019.0,<100,1.4895509115,100.0,4.06451947763153,2.85847530189291,,0.685416102409363,0.282884644363526,,,3.39971661251161,31.6,86.4166949842417,,207.40734,101.375238725593,100.0,,,,1.77718832891247,
Croatia,2020.0,<100,1.4784348599,100.0,3.86070539173057,3.07635984536315,,0.607223808765411,0.131149889502535,,,-8.59142376022206,32.37,79.5861973645712,,194.80734,89.8483107525661,100.0,,,,1.76392572944297,
Cuba,2013.0,,23.9394460692,98.4972381591797,2.54997116568281,3.92492352361694,4.3521421107628,0.370564639568329,1.34822637494164,91.5610347349177,3.68861024033438,2.74760256257211,18.24,11.8661930532154,,144.2,44.3238969253902,93.557804896426,0.0917410338608715,,58.7251828631139,18.2528856243442,
Cuba,2014.0,,23.9394460692,98.7286148071289,2.35413332090837,3.93770588957314,4.01734999483631,0.544822037220001,1.18214467071073,91.2384523809524,3.48032634514097,1.04757663187654,23.16,11.9905005187343,,151.4,39.2741528539069,94.511246940323,0.08539666404937,,60.3635237013322,18.2528856243442,
Cuba,2015.0,,23.9394460692,98.9550094604492,2.57584418337596,3.83575415916853,3.94814668769716,0.634750008583069,0.420636272387669,94.8697853765005,3.71155362776025,4.4383335888395,21.15,12.5226789307272,,162.1,31.6138124793419,95.4770144419615,,,60.5086750788643,18.2528856243442,
Cuba,2016.0,,23.9394460692,99.1772613525391,2.39608281140947,3.93833884967216,,0.6731316447258,0.303747798112535,88.768467486819,,0.512843095700745,19.2,12.5869006250202,,138.8,27.2692226975368,96.4337290836108,,,,18.2528856243442,
Cuba,2017.0,,23.9394460692,99.3961868286133,2.31478144967474,3.80018101242936,,0.638509929180145,0.42388940328634,,,1.80979177212284,22.0,12.8146973168971,,157.8,26.2228493880365,97.3773484729681,,,,18.2528856243442,
Cuba,2018.0,,23.9394460692,99.6126251220703,2.35469857464228,3.78237294823589,,0.640438854694366,0.684565566914881,,,2.24794854086232,23.99,13.1027651182482,,169.9,27.0834484996753,98.3130478215135,,,,18.2528856243442,
Cuba,2019.0,,23.9394460692,99.8,2.15774090266798,3.56732632295441,,0.610411107540131,0.510526194989076,,,-0.163087223606624,23.14,13.0813961824012,,149.2,22.8207944494506,99.4631470697798,,,,18.2528856243442,
Cuba,2020.0,,23.9394460692,99.9326400756836,2.15276967847473,2.76194716809592,,0.59608781337738,,,,-10.9490846048862,23.93,11.6491030468897,,154.7,15.6830160276772,99.7046394406092,,,,18.2528856243442,
Cyprus,2013.0,,28.2668124658,100.0,5.50803449623297,2.0414708179237,7.62237762237762,0.563347160816193,0.0025152993965882,86.5021159874608,7.62237762237762,-6.55307825499119,9.73,94.5397337121849,,49.9,121.231147575875,100.0,5.2851490507606,,92.3776223776224,26.5128205128205,
Cyprus,2014.0,,29.6610169492,100.0,5.78745024405371,1.85045336070045,7.28735632183908,0.551882088184357,0.0018519884609688,84.2595111111111,7.28735632183908,-1.82930910922002,9.49,88.4477974959525,,48.5,131.239499164695,100.0,5.22696188749939,,92.7126436781609,27.8205128205128,
Cyprus,2015.0,,31.7113176599,100.0,5.77109022303079,1.87427179854304,8.78005735715861,0.542449116706848,0.0,84.4816224188791,8.78005735715861,3.38307971194378,10.41,85.5279843385678,,50.7,137.738478376069,100.0,,,91.2199426428414,29.7435897435897,
Cyprus,2016.0,,29.7977036632,100.0,6.02664204541186,2.15332917048349,,0.593786835670471,0.0002240835969239,85.0333706293706,,6.45455446625895,10.27,96.8955818523387,,53.3,139.642512628544,100.0,,,,27.9487179487179,
Cyprus,2017.0,,29.5243302351,100.0,6.09107149801866,1.85816809878776,,0.530973076820374,0.0,,,5.85254035493243,10.94,103.516124094267,,55.1,148.504514290801,100.0,,,,27.6923076923077,
Cyprus,2018.0,,28.2941498086,100.0,5.9061510578579,1.73353985485688,,0.484394073486328,0.0,,,5.69284172448825,12.02,114.166052032987,,55.6,148.95723318409,100.0,,,,26.5384615384615,
Cyprus,2019.0,,31.5746309459,100.0,5.85187933947248,1.76523653588854,,0.544513285160065,0.0,,,5.83988491154004,11.97,108.279117500046,,56.6,151.944491675827,100.0,,,,29.6153846153846,
Cyprus,2020.0,,37.5888463641,100.0,5.47199800894842,1.84906064618646,,0.288732588291168,0.0,,,-3.39086048722754,15.02,87.8703198986077,,54.3,162.731182384804,100.0,,,,35.2564102564103,
Czechia,2013.0,,25.0958029197,100.0,9.78767716870935,2.36477116624437,10.8234117756488,1.08477854728699,0.0906553346737735,17.9815800233645,7.64463770812018,-0.0459036735515213,13.95,105.721627614949,,796.489543,146.42241704968,100.0,20.7795241044764,,53.2683006231978,12.5498098859316,
Czechia,2014.0,,25.0912408759,100.0,9.49713106845789,2.41345254208349,10.7784149666259,0.989990472793579,0.0759703812362683,19.3624952380952,8.53506627808593,2.26210289708078,14.85,108.132816554179,,808.418902,157.574982178056,100.0,20.8488488513946,,53.4008649055185,12.5475285171103,
Czechia,2015.0,<100,24.3309002433,100.0,9.59291997133716,2.21121387268241,11.4045705432362,0.970251083374023,0.0531478385403741,19.7439879183997,9.23186791904716,5.38838083815307,14.84,117.520656537426,,822.627379,155.175663480909,100.0,18.9565725567366,,55.9153190665246,12.1673003802281,
Czechia,2016.0,<100,24.8600973236,100.0,9.74775352506433,2.08704712424115,,0.963384211063385,0.0476146788627765,19.7075403461015,,2.5372845203138,14.77,117.937352546044,,839.414619,150.586267345414,100.0,,,,12.4319391634981,
Czechia,2017.0,,24.7871046229,100.0,9.77398706755375,2.0576068880787,,0.990649342536926,0.055763707836476,,,5.16872430413071,14.46,124.398460318791,,852.214619,150.532652492994,100.0,,,,12.3954372623574,
Czechia,2018.0,<100,24.1788321168,100.0,9.66462802005809,1.93625258997764,,1.02620995044708,0.0584818237036871,,,3.22008806955105,14.72,131.634494645347,,850.814619,147.94852332232,100.0,,,,12.0912547528517,0.0
Czechia,2019.0,<100,22.901459854,100.0,9.15611790623386,1.86084843679476,,0.941883623600006,0.0397075076561425,,,3.02987866345279,15.88,143.187481791924,,849.414619,141.771023662617,100.0,,,,11.4524714828897,
Czechia,2020.0,164.1,20.7725060827,100.0,8.30401749583889,1.96061362053174,,0.912254869937897,0.0238354261069612,,,-5.50296796125089,16.97,149.175496588473,,803.614619,133.148319770557,100.0,,,,10.3878326996198,
Côte d'Ivoire,2013.0,,5.2759291691,61.4533729553223,0.386857284358351,15.3429019354945,21.8823529411765,-1.04872417449951,1.12257964627512,68.3553073286052,0.888888888888889,10.7602131311256,72.16,32.4288991928994,3.0,278.5,58.3526792527234,34.5337084768211,0.649866360455881,3.0,78.1176470588235,1.56822256923477,
Côte d'Ivoire,2014.0,,5.0875656743,61.9,0.399942510628685,15.2417555256185,23.9319333816075,-1.03716063499451,0.479875466330153,66.5462276785714,0.844798455225682,9.37199994240375,71.91,36.7813180601825,3.0,288.4,53.6804175610344,34.3162092444138,0.79477671158237,3.0,76.0680666183925,1.51223321186882,
Côte d'Ivoire,2015.0,1468,5.0875656743,62.6,0.415553147784264,18.3620416868752,16.7259786476868,-0.835078060626984,0.30212426116501,58.0736192468619,1.2053725175066,7.19494942728191,64.51,39.4277152933003,3.0,240.4,52.7128647411445,39.2256888179019,,3.0,83.2740213523132,1.51223321186882,
Côte d'Ivoire,2016.0,1811.3,5.0875656743,64.3,0.396202600337942,17.8636547075752,,-0.909238815307617,0.273745861687354,38.204474248927,,7.17275963956332,64.04,42.2557705426601,3.0,251.5,47.5655783613535,36.7315379801205,,3.0,,1.51223321186882,
Côte d'Ivoire,2017.0,2087.1,5.0875656743,65.6,0.425136558186376,17.3143320201759,,-1.0911158323288,0.560121417588387,,,7.41076242626953,62.54,45.3872453089662,3.5,257.1,48.6625074729482,38.3571692422627,,3.0,,1.51223321186882,
Côte d'Ivoire,2018.0,2336.7,5.0875656743,67.1486587524414,0.399890358464121,18.2262696946478,,-0.898008048534393,0.671897795886442,,,4.84314605951768,62.98,47.585415891671,3.5,262.6,46.0375087102874,40.3741541966745,,3.5,,1.51223321186882,
Côte d'Ivoire,2019.0,2384.3,5.0875656743,68.566650390625,0.414528305155615,17.4970926918481,,-1.03647410869598,0.622824180299255,,,6.51828673306088,62.41,50.6871697426097,4.0,272.5,44.5274919384227,42.1477215432563,,3.0,,1.51223321186882,
Côte d'Ivoire,2020.0,2510.8,5.0875656743,69.8783264160156,0.406347356890383,19.0941189451616,,-1.03320527076721,0.300225436080994,,,1.73762043103271,63.34,51.5679203599695,4.0,283.4,41.1094567541101,43.7190406352007,,3.5,,1.51223321186882,
Côte d'Ivoire,2021.0,2672,,71.136848449707,,17.4665199791398,,-0.715018510818481,0.531806702192145,,,6.99999999441097,,,3.5,,45.1243455927233,45.1913594819485,,3.5,,,
Denmark,2013.0,,27.2850189292,100.0,7.11686267972613,1.30212758701465,45.9603373341393,0.959233462810516,0.945527856652802,42.7694372186093,45.9229197248367,0.933340972371226,27.05,288.436095956268,,556.513942,103.050141083868,100.0,7.65236044737349,,51.9816941542181,16.8166666666667,
Denmark,2014.0,,26.7495943753,100.0,6.34715312817014,1.38246259773525,55.9004474272931,0.951779723167419,0.78711419250431,46.0630984340045,55.8538404175988,1.61939381103033,30.19,298.973893401888,,544.391929,102.263916342342,100.0,9.89182751386271,,41.8499875714641,16.4866666666667,
Denmark,2015.0,<100,21.9524067063,100.0,5.93032476740055,0.957580201288368,65.5059246208588,0.887059271335602,0.428259155995448,49.3844494047619,65.443742011262,2.34259110757047,32.53,372.841920235104,,551.527597,104.048228406694,100.0,11.7489461107418,,31.8996787231838,13.53,
Denmark,2016.0,<100,23.9858031368,100.0,6.16973434054759,0.961160974086306,,0.852912425994873,0.279282925222703,47.6150310910119,,3.24595698524399,31.95,352.310563794005,,575.426155,100.168828784783,100.0,,,,14.78325,
Denmark,2017.0,<100,24.2238507301,100.0,5.75613445319845,1.30480035996571,,0.854936242103577,0.388637479367391,,,2.82173634129026,35.02,358.691992993759,,580.426155,102.979389908635,100.0,,,,14.9299666666667,
Denmark,2018.0,<100,29.9031097891,100.0,5.71891295897775,1.0265693512957,,0.931788921356201,0.468953919846874,,,1.98953731496432,34.56,296.349453031167,,576.326155,106.974996433357,100.0,,,,18.4302833333333,
Denmark,2019.0,<100,25.5704164413,100.0,5.10738642637222,1.26628887578411,,0.967484951019287,0.345542135594954,,,1.49348695853648,37.29,351.739269997535,,559.926155,110.224828604234,100.0,,,,15.7599,
Denmark,2020.0,<100,26.4042725798,100.0,4.69123730751634,1.38190338268661,,0.920160233974457,0.108355543126393,,,-2.42451267861938,39.7,332.372574012433,,540.426155,103.755881304682,100.0,,,,16.2738333333333,
Djibouti,2013.0,,6.3333333333,58.6371040344238,0.575032955905462,1.19487177231372,0.0,-0.102187521755695,0.0,89.0557142857143,,,34.42,110.841341532817,2.5,0.0,347.996515061999,32.4658365967692,,3.5,,6.33333333333333,
Djibouti,2014.0,,6.3333333333,58.8877296447754,0.406607305525196,1.22740386265241,0.0,-0.770232260227203,0.0,114.793043478261,,7.06154324233921,30.91,118.668450795545,2.5,0.0,299.367862925061,30.7989581594689,,3.5,,6.33333333333333,
Djibouti,2015.0,,6.3333333333,59.1333770751953,0.443772428370827,1.05900752644099,0.0,-0.447671920061111,0.0,99.8238888888889,,7.52610891881017,28.24,127.599567654683,2.5,0.0,268.363456254629,29.1282358373894,,2.5,,6.33333333333333,
Djibouti,2016.0,,6.3333333333,59.8381195068359,0.386480086703197,0.99558771996226,,-0.628553986549377,0.0,108.513265306122,,7.1234323372872,25.06,136.689036519235,2.5,0.0,213.071998607921,29.511420695478,,2.5,,6.33333333333333,
Djibouti,2017.0,,6.3333333333,60.2,0.387797733776952,1.29424095183589,,-0.73394501209259,0.0,,,5.458091517212,24.35,144.14964922645,2.5,0.0,305.967966403468,,,2.5,,6.33333333333333,
Djibouti,2018.0,,6.3333333333,62.408332824707,0.392452501801933,1.41671001183006,,-0.133512377738953,0.0,,,4.7744168883374,26.28,151.031954423597,2.5,0.0,300.398686676008,33.5694068388041,,3.0,,6.33333333333333,
Djibouti,2019.0,,6.3333333333,64.7,0.398763866464803,1.51935122196429,,-0.343412548303604,0.0,,,5.5451305999467,26.99,159.406873544038,2.5,0.0,320.939002998625,40.2742076939783,,3.0,,6.33333333333333,
Djibouti,2020.0,179.7,6.3333333333,64.5011520385742,0.392329171237878,1.67900957979504,,-0.448214262723923,0.0,,,1.31636324158444,31.91,161.50524703193,2.5,0.0,222.837983303664,35.8112562634778,,3.0,,6.33333333333333,
Djibouti,2021.0,182.3,,65.4412536621094,,1.83932895116886,,-0.56633985042572,0.0,,,4.52234774643702,30.94,,2.5,,264.020253506591,36.5508396514291,,3.0,,,
Dominica,2013.0,,10.0,94.5744934082031,2.49059126113428,13.9846885684555,25.5462769659012,1.11985623836517,0.0,99.2247058823529,,-0.99994063117542,11.41,26.5347002443559,3.5,0.0,87.7248401962242,,,4.0,,10.0,
Dominica,2014.0,,10.0,95.6589813232422,2.59474420146747,13.4490022488542,20.7968506074798,1.05717813968658,0.0,97.7866666666667,,4.75378658076897,9.86,27.7961032638194,3.5,0.0,117.489111560249,,,4.0,,10.0,
Dominica,2015.0,,10.0,96.7384948730469,2.58402731155456,14.0555757231214,16.1757892646767,1.05443203449249,0.0,97.7866666666667,,-2.73150306271826,8.68,27.0368518518518,3.5,0.0,107.787724573456,,,4.0,,10.0,
Dominica,2016.0,,10.0,97.8138580322266,2.60435247948626,16.2718052216837,,0.977663099765778,0.0,99.8238888888889,,2.76364798170461,10.74,27.784055262372,3.5,0.0,101.782339859367,,,4.0,,10.0,
Dominica,2017.0,,10.0,98.8858947753906,2.35217249264946,13.4051512935044,,1.1727751493454,0.0,,,-6.61899463280534,9.67,25.9450301357799,3.5,0.0,102.628196479168,,,3.5,,10.0,
Dominica,2018.0,,10.0,99.5681304931641,2.33398754641854,11.0235799930569,,1.06885123252869,0.0,,,3.54758441831531,8.17,26.8654519822041,3.5,0.0,106.96050417924,,,3.5,,10.0,
Dominica,2019.0,,10.0,99.9192276000977,2.43741949935599,11.9831632498562,,1.02982354164124,0.0,,,5.5024834367041,7.91,28.3437190277206,3.5,0.0,,,,3.5,,10.0,
Dominica,2020.0,,10.0,99.9972152709961,2.26126814362109,15.1559447031688,,1.31699824333191,0.0,,,-16.6041095231221,8.31,23.6374968774318,3.5,0.0,,99.9972152709961,,3.5,,10.0,
Dominica,2021.0,,,100.0,,16.9581515721509,,1.33395910263062,0.0,,,6.8905494167316,8.34,,3.5,,,100.0,,3.5,,,
Dominican Republic,2013.0,,39.553314121,98.385853,2.09580517022116,5.30486594625743,16.5696884006743,0.207428693771362,0.0,69.9922447058824,3.84468976018272,4.87520509332271,16.55,8.71111383312339,,173.1,56.6817561171068,93.4419876846418,2.99588529620787,,83.4303115993257,30.3702127659574,
Dominican Republic,2014.0,,39.553314121,98.470979,2.08621475250958,5.19345629140274,13.3393726644774,0.145934492349625,0.0,67.732861163227,4.37096591552486,7.05046368965911,17.28,9.32528775089263,,159.9,55.4964232490441,93.6398938079739,2.34365695498142,,86.6606273355226,30.3702127659574,
Dominican Republic,2015.0,2532.1,39.553314121,98.560364,2.26704601804065,5.4846959306391,11.6324429755648,0.227570921182632,0.0,70.9318208955224,5.2662946307634,6.9270187716221,14.88,9.97125218390474,,179.3,52.1710777171955,93.9166089474656,,,88.3675570244352,30.3702127659574,
Dominican Republic,2016.0,2490.7,39.553314121,98.9,2.33609927132434,5.50727322415818,,0.241259410977364,0.0,73.1451062959935,,6.65920026269582,15.31,10.6352578355294,,191.5,51.5859712555968,95.0371328111215,,,,30.3702127659574,
Dominican Republic,2017.0,2488.9,39.553314121,100.0,2.21196208145507,5.34266664299661,,0.152073189616203,0.0,,,4.66670467732366,16.87,11.1315739103855,,190.3,50.2250854248266,100.0,,,,30.3702127659574,
Dominican Republic,2018.0,2409.3,39.553314121,98.9,2.35622376638923,5.14778281886673,,0.0121999448165298,0.0,,,6.98252758458058,15.95,11.9088391292761,,205.7,52.0559663874181,95.9013836182273,,,,30.3702127659574,
Dominican Republic,2019.0,2521.6,39.553314121,99.0,2.36863439614581,5.22728892621582,,-0.0031599334906786,0.0,,,5.05216802016253,14.89,12.510493691338,,210.2,51.0111449209557,96.2982177100275,,,,30.3702127659574,
Dominican Republic,2020.0,2437.1,39.553314121,100.0,2.08018172191441,6.04147752532252,,0.164941698312759,0.0,,,-6.72023937283404,16.69,11.6697585685568,,193.9,44.2936565524675,100.0,,,,30.3702127659574,
Ecuador,2013.0,,6.7823529412,98.034674,2.5250351571193,8.76934290282697,48.9918748119169,-0.178656712174416,10.437101572399,87.2156378392087,1.53475774902197,4.94651126690626,11.85,9.63827814049626,,356.4,59.6061560569664,95.4451382866422,6.34284685700518,,51.0081251880831,2.24136528028933,
Ecuador,2014.0,,6.7823529412,98.976067,2.61945204390978,9.12650825871229,49.17513473485,-0.0185332093387842,9.75776834533724,92.6629538834951,2.03645040523306,3.78886854920833,12.18,10.0034598296467,,381.0,57.7081689892069,97.5028529871302,6.21357961398596,,50.82486526515,2.24136528028933,
Ecuador,2015.0,965.2,6.7823529412,98.825883,2.55560326309705,9.45485142211309,52.8029423151374,-0.147344976663589,3.67848724402361,89.3065790766208,2.10220673635308,0.0988726083462694,13.07,10.0133505113052,,395.2,45.243877148583,97.0184025663935,,,47.1970576848626,2.24136528028933,
Ecuador,2016.0,1169.6,6.7823529412,98.7,2.42048080897419,9.51901672818233,,-0.0917104333639145,2.89048535184992,87.816236862343,,-1.22638398463879,14.75,9.8905483843088,,398.9,38.5213403358829,96.7834914382474,,,,2.24136528028933,
Ecuador,2017.0,1405.6,6.7823529412,99.2,2.30876380731708,9.32925891153764,,-0.0789325907826424,4.02018428463868,,,2.36838652633651,17.05,10.1247947996236,,417.0,42.4217213910174,97.7979632047478,,,,2.24136528028933,
Ecuador,2018.0,1677.6,6.7823529412,98.7,2.36682982605683,8.94926952274822,,-0.0948107913136482,6.22088305258164,,,1.28929193290502,16.33,10.2553329621983,,427.8,46.3621309486896,96.9359656275889,,,,2.24136528028933,
Ecuador,2019.0,2000.3,6.7823529412,99.09,2.28505501120289,8.80053114288692,,-0.238249406218529,5.1141433200136,,,0.0121051028476558,17.73,10.2565743808007,,432.7,46.0768211909258,97.7574766957378,,,,2.24136528028933,
Ecuador,2020.0,2243.6,6.7823529412,98.85,1.95757534925331,9.84273075607443,,-0.270263135433197,2.33936013727819,,,-7.78760709093422,20.1,9.45783266703455,,355.7,41.3752300759532,97.3995768906549,,,,2.24136528028933,
Egypt,2013.0,,132.9690346084,99.8759384155273,2.29022523426049,11.2743481427611,8.88188039274026,-1.63883090019226,6.83306193523145,46.2352535284893,0.936626004165427,2.18546605362143,5.28,4.20039424296141,,1140.26,40.373038056332,99.859113875695,1.46594454530422,,91.1181196072597,7300.0,
Egypt,2014.0,,110.5646630237,99.8,2.29224576651155,11.3377054875794,8.87090779127949,-1.63117659091949,5.93319063877784,54.7485723517194,0.966976411722659,2.91591187985748,5.38,5.1988435708661,,1194.56,36.9201877934272,99.7250555438347,1.49971772834215,,91.1290922087205,6070.0,
Egypt,2015.0,8246,110.9289617486,99.3,2.31554239924709,11.3940610667634,8.25928551410343,-1.49933218955994,2.75531271988646,49.619321973888,0.878132950867417,4.37201907790141,5.28,5.4083181743745,,1238.66,34.8459429600229,99.4495586796496,,,91.7407144858966,6090.0,
Egypt,2016.0,8660.8,110.4735883424,100.0,2.35935349574476,11.7693176039343,,-1.43972682952881,2.06879983663085,49.1007475636861,,4.34664345555447,5.07,5.66666063603481,,1292.96,30.2465490514505,100.0,,,,6065.0,
Egypt,2017.0,8730.9,141.1657559199,100.0,2.40241649556664,10.9863805629257,,-1.42964518070221,3.74660374326909,,,4.18122099994778,4.93,4.62004015469706,,1272.96,42.8321343581608,100.0,,,,7750.0,
Egypt,2018.0,7684.6,141.1657559199,100.0,2.29401624327717,10.8302490891945,,-1.18810069561005,5.4177282912286,,,5.3311086189448,5.03,4.86633951358283,,1269.26,45.9110196733959,100.0,,,,7750.0,
Egypt,2019.0,7126.6,141.1657559199,100.0,2.06316078338081,10.6971354360257,,-1.12460207939148,4.11152769468869,,,5.55209307156956,6.23,5.13652321255551,,1161.26,41.1240171551108,100.0,,,,7750.0,
Egypt,2020.0,7644.7,141.1657559199,100.0,1.96112257208929,11.1668238972142,,-1.18191170692444,2.16699735963114,,,3.55016483786838,6.51,5.31887825353661,,1143.56,32.1262555667523,100.0,,,,7750.0,
El Salvador,2013.0,,3.5219518958,95.043105,1.04367501384658,5.61330655869503,60.4432397959184,-0.0336589030921459,0.0002698941768172,87.1905882352941,31.9036989795918,2.18295218295219,27.54,39.8530547231146,,86.4,80.4511944908271,89.2576031416736,6.58837396278693,,39.5567602040816,3.61208502175304,
El Salvador,2014.0,,2.3106051154,95.125416,1.0616269261132,5.86687215376832,59.6978949059939,-0.0245900042355061,0.0002396688922374,87.8076783004552,32.0906315282018,1.7293997965412,23.95,61.7967715926817,,82.9,78.1044257477935,89.2333187067251,6.30929352459028,,40.3021050940061,2.36973768394114,
El Salvador,2015.0,860.4,2.3562071117,95.4,1.12301811600134,5.52976674016479,57.8226749039906,-0.0204960480332375,0.0,90.7320571428571,35.2312573050593,2.40000008852115,21.03,62.0551760656606,,93.7,76.5602707370519,89.4191419232812,,,42.1773250960093,2.41650671785029,
El Salvador,2016.0,853.9,2.3462258266,96.0,1.13992298228465,5.73215390739613,,-0.104568757116795,0.0,93.0303068340307,,2.53906241135864,20.71,63.9014930649402,,99.0,72.8190933731491,90.2641312306179,,,,2.40626999360205,
El Salvador,2017.0,878,2.4248284467,96.8,1.01248608906763,5.39300914080881,,-0.263820618391037,9.1874532942447e-05,,,2.28571437002014,24.99,63.2433375649876,,101.6,74.3046511916519,91.3411646934385,,,,2.48688419705694,
El Salvador,2018.0,913.6,2.4067373674,97.0,1.09058747913992,5.13276852985202,,-0.389219522476196,0.0001389083303984,,,2.4208565263835,23.21,65.2612671156939,,102.6,75.6336168879956,92.6235793869011,,,,2.46833013435701,
El Salvador,2019.0,951.3,2.4273237679,97.36,1.25994054027114,5.1464335217926,,-0.120268002152443,9.96961722062251e-05,,,2.36363628316258,19.38,66.2372356591075,,108.6,76.0420130991468,93.6231383317461,,,,2.489443378119,
El Salvador,2020.0,925.7,2.4273237679,99.722541809082,1.01328024350636,5.35289096545218,,-0.115019135177135,5.55754176596437e-05,,,-7.81527508113207,23.7,61.0606134862105,,95.8,66.0620824321462,100.0,,,,2.489443378119,
Equatorial Guinea,2013.0,,0.1835032437,65.8771438598633,4.81534092050989,1.19199068015273,4.34782608695652,0.120355181396008,37.1783142569671,13.8051764705882,,-4.13319850131583,3.68,729.653254561068,,13.4,106.893284926066,6.18233359979093,,,,0.0761538461538462,
Equatorial Guinea,2014.0,,0.1835032437,66.0025100708008,4.59132029991129,1.29424877164029,57.8274760383387,-0.374146550893784,33.0855857513911,16.4539060568603,,0.415066301596866,4.88,732.681799339256,,13.8,104.379198671388,5.46611613380635,,,,0.0761538461538462,
Equatorial Guinea,2015.0,,0.1835032437,66.1229019165039,4.07892363098592,1.88839087566802,57.8274760383387,-0.207799196243286,18.6194262991775,13.0964285714286,,-9.11004114881537,5.54,665.934185929569,,13.9,98.8780591680756,4.77094777538217,,,,0.0761538461538462,
Equatorial Guinea,2016.0,,0.1835032437,66.2391357421875,4.16755127322584,2.33223920932761,,-0.146742969751358,16.0749034649403,13.0309464285714,,-8.81641723219757,4.78,607.22264960618,,14.5,92.6007307237942,4.10998364123258,,,,0.0761538461538462,
Equatorial Guinea,2017.0,,0.1835032437,66.3520584106445,3.70119404919301,2.31546339686272,,-0.172020316123962,21.605826084669,,,-5.66750850486686,4.24,572.808254296271,,12.7,102.428258251803,3.49221803831491,,,,0.0761538461538462,
Equatorial Guinea,2018.0,,0.1835032437,66.4624862670898,3.37429623105391,2.25797968820385,,-0.0902423709630966,24.50148201325,,,-6.23654406734575,5.91,537.084815095691,,12.2,103.645681622953,2.90693417928343,,,,0.0761538461538462,
Equatorial Guinea,2019.0,,0.1835032437,66.5712509155273,3.13998883473672,2.43787857420381,,-0.147936090826988,22.5943190368191,,,-5.48182537893445,8.12,507.642763395372,,12.7,94.8787924253545,2.35943498313107,,,,0.0761538461538462,
Equatorial Guinea,2020.0,,0.1835032437,66.6791915893555,2.72573085162172,3.15157383866339,,-0.221582889556885,13.3640491572183,,,-4.79108083383294,6.97,483.321188253996,,11.0,77.9278846441807,1.84124221458616,,,,0.0761538461538462,
Eritrea,2013.0,,11.1751152074,43.492603302002,0.178812007279529,,0.540540540540541,-0.772372126579285,,82.9306153846154,0.540540540540541,,79.65,,2.0,21.1,,23.761445533739,0.021564964455422,1.5,99.4594594594595,20.7857142857143,
Eritrea,2014.0,,11.1751152074,44.6319198608398,0.178195686678652,,0.515463917525773,-0.805872619152069,,83.5860294117647,0.515463917525773,,80.48,,2.0,21.7,,25.1485218525082,0.0211211654953834,1.5,99.4845360824742,20.7857142857143,
Eritrea,2015.0,,11.1751152074,45.7662582397461,0.170927836656581,,0.492610837438424,-0.878453433513641,,91.3929230769231,0.492610837438424,,81.19,,2.0,21.8,,26.5638877334993,,1.5,99.5073891625616,20.7857142857143,
Estonia,2013.0,,18.9177489177,100.0,14.2993496950297,3.08811099529242,9.19020715630885,0.748215436935425,0.731733642840825,5.35049504950495,8.99435028248588,1.45842863615992,24.47,12.4812983283661,,153.587064,166.452834530816,100.0,0.473770060005238,,3.90207156308851,13.7529504327301,
Estonia,2014.0,,18.6147186147,100.0,13.3847833280717,3.16426999575923,11.1602121163426,0.780257880687714,0.785908942645014,4.58889450056117,10.9432749477744,3.01136658651455,25.29,13.0664585149305,,145.889267,160.241474731979,100.0,0.617871228736628,,5.05383255664471,13.5326514555468,
Estonia,2015.0,<100,17.4820632035,100.0,10.929773066435,2.85804688997265,14.4187386003648,0.613857269287109,0.465476776252943,3.19699414443722,14.1595468944994,1.85302004629342,28.17,14.1708399959966,,135.092714,150.937189701775,100.0,0.933236763253142,,7.15177114332341,12.7092261211644,
Estonia,2016.0,<100,18.9545454545,100.0,12.0894671642131,2.11360999746642,,0.662796258926392,0.314829889466987,6.42017891373802,,3.15556481438308,27.23,13.4824111707273,,144.494733,150.408696743733,100.0,,,,13.7797010228167,
Estonia,2017.0,<100,19.3170995671,100.0,12.7324303316269,2.38620546594402,,0.642369627952576,0.519486628619975,,,5.79204467466494,27.52,13.995616522777,,151.894733,147.563722396444,100.0,,,,14.0432730133753,
Estonia,2018.0,<100,17.4084415584,100.0,11.8889360404909,2.08940044213798,,0.580257713794708,0.798768778762908,,,3.78420084952826,28.59,16.1177829998156,,155.894733,145.920296083136,100.0,,,,12.6557041699449,
Estonia,2019.0,<100,10.8923160173,100.0,7.58212010267556,2.37680726173229,,0.630106985569,0.733624881780431,,,3.73970668161645,31.34,26.7232934677708,,132.694733,143.754530253766,100.0,,,,7.91856805664831,
Estonia,2020.0,<100,9.2310854978,100.0,5.33839981587368,2.05033085403078,,0.709752976894379,0.374756824367254,,,-0.55100125774716,40.0,31.3586859345627,,125.094733,138.466338699949,100.0,,,,6.7108756884343,
Eswatini,2013.0,,77.559912854,57.5340042114258,0.855748672784778,10.1158104905647,40.6578501186843,-0.431911140680313,0.213034696961328,46.8429677419355,,3.86121379766622,69.7,3.68759338135891,,47.0,86.8012959287576,51.8208699733004,,,,40.4545454545455,
Eswatini,2014.0,,77.559912854,65.0,0.868132502564695,9.23424884302508,53.2627865961199,-0.500559747219086,0.164081589698367,75.2498958333333,,0.923230547144357,71.67,3.72163836991009,,45.4,88.3410218820077,59.2768483621289,,,,40.4545454545455,
Eswatini,2015.0,,77.559912854,64.1244125366211,0.895905941781547,9.35431140339708,46.5725806451613,-0.480209201574326,0.0668844028269412,72.9839805825243,,2.22748067532406,71.68,3.80453714540529,,47.3,84.0897115628866,59.1062531758469,,,,40.4545454545455,
Eswatini,2016.0,,77.559912854,63.43,0.976784732749597,8.95986291665441,,-0.494323074817657,0.0631911869500323,67.9736585365854,,1.06261019342853,69.61,3.84496454492514,,45.8,86.6516368151241,58.0511044838245,,,,40.4545454545455,
Eswatini,2017.0,,77.559912854,73.5,0.960404380791912,8.42776197449679,,-0.270877748727798,3.53597008919218e-06,,,2.0265781557498,65.35,3.92288575648892,,44.6,87.7983678755611,69.8404587503384,,,,40.4545454545455,
Eswatini,2018.0,,77.559912854,73.9611129760742,0.952924265874315,8.5187601971051,,-0.377810627222061,3.09328152602146e-06,,,2.38009549534866,65.72,4.01625418366678,,44.7,84.7474883944398,69.6734027304963,,,,40.4545454545455,
Eswatini,2019.0,,77.559912854,77.0303955078125,0.999903386846761,8.59780103493991,,-0.274407118558884,2.13816066190462e-06,,,2.69216827271678,65.47,4.12437850455112,,47.1,89.188621687827,72.9365512630275,,,,40.4545454545455,
Eswatini,2020.0,216.3,77.559912854,79.9933624267578,0.972087527685903,8.11843770607562,,-0.0405771993100643,2.00875631310251e-06,,,-1.55964269181541,66.01,4.06005293662208,,45.8,86.8845052331082,76.0733933832172,,,,40.4545454545455,
Ethiopia,2013.0,,30.0161523492,30.7753524780273,0.104968497193462,41.2395055340925,99.908067111009,-1.40730738639832,0.0070612153307998,71.9488229571984,4.09101356010113,10.5822700482672,92.42,5.40642844827026,3.5,1623.5,41.4717870807625,17.7609100649485,1.11410312153567,3.5,0.0919328889910365,8.04531296573771,
Ethiopia,2014.0,,30.7631637476,27.2,0.125220099867699,38.5204496889284,99.9684708355229,-1.3393874168396,0.0062209741195498,70.1875101378751,5.24435102469785,10.2574929610051,91.16,5.81624372165682,3.5,1679.3,40.7410841498626,12.0060751730893,1.18366988273577,3.5,0.0315291644771414,8.24553651270492,
Ethiopia,2015.0,14893.1,31.510175146,29.0,0.127315885004371,36.0569753905786,99.9616748107694,-1.49694204330444,0.0027091924006865,68.9840139751553,7.27220465651049,10.3924630202334,91.46,6.2684793563771,4.0,1721.3,39.6561241449515,15.4969466286346,,3.5,0.0383251892306218,8.44576005959016,
Ethiopia,2016.0,15824.9,32.2629969419,42.9,0.144807033553953,34.6988795973718,,-1.61724519729614,0.0026168779048954,63.9210836120401,,9.43348265784402,90.37,6.69974897234442,3.5,1780.0,34.8990528009428,32.3638353707985,,3.0,,8.64754098360656,
Ethiopia,2017.0,15999.8,32.2571865443,44.3,0.146790211829337,33.7792806688833,,-1.67722964286804,3.92420633308106e-06,,,9.56418964295607,90.2,7.34184789819287,3.5,1831.5,31.1036313022906,30.9706861396269,,3.0,,8.64598360655738,
Ethiopia,2018.0,15716.5,32.2571865443,44.8443260192871,0.153230325883588,31.2188007841387,,-1.27457964420319,4.47786042677816e-06,,,6.81614779681703,89.73,7.8422791019512,3.5,1869.2,31.199374943469,32.5398188529667,,3.0,,8.64598360655738,
Ethiopia,2019.0,18763,32.2571865443,48.0476188659668,0.155169188831947,33.6333290594336,,-1.30372190475464,3.14598270775739e-06,,,8.3640856990789,89.5,8.49821404679935,3.5,1917.8,28.8153010070423,36.0251354286714,,3.5,,8.64598360655738,
Ethiopia,2020.0,23023.8,32.2571865443,51.1445960998535,0.154431771590205,35.5582693458206,,-1.75365614891052,2.51208162932991e-06,,,6.05953088643369,89.52,9.0131659517604,3.5,1970.2,24.006113643482,39.4096669643002,,3.5,,8.64598360655738,
Ethiopia,2021.0,25325.6,,54.1884155273438,,37.5791156879114,,-2.18371319770813,4.94034672151013e-06,,,5.64153071734657,,,3.0,,24.2989672482806,42.7557020050132,,3.5,,,
Fiji,2013.0,,0.2973730298,91.75,1.16798565443433,10.1131069949223,62.1276967930029,-0.0510276891291142,0.0,110.334513274336,,4.73421948956532,32.81,49.976816032675,,0.0,126.348386724849,85.3578115703496,,,,0.297373029772329,
Fiji,2014.0,,0.2973730298,92.9537811279297,1.32552754598279,8.09852280309094,47.1662981496567,0.553164601325989,0.0,118.407709923664,,5.6035148874531,33.17,52.777274359341,,0.0,110.812305558184,88.2048539870101,,,,0.297373029772329,
Fiji,2015.0,,0.2973730298,93.1770935058594,1.37788922808548,7.87162401371267,45.0158848200176,0.569660663604736,0.0,135.994701986755,,4.50119939222793,32.74,55.1528847120381,,0.0,101.189048565576,88.7652420455976,,,,0.297373029772329,
Fiji,2016.0,,0.2973730298,93.4159393310547,1.30513703067714,10.6643332511907,,0.897029459476471,0.0,111.274482758621,,2.44565200769968,27.68,56.5017323443023,,0.0,97.1744907814101,89.3388465526944,,,,0.297373029772329,
Fiji,2017.0,,0.2973730298,96.0,1.44839225304373,10.5318277050456,,0.586045205593109,0.0,,,5.35336493706966,28.55,59.5264762724592,,0.0,97.0216625877761,95.133443857978,,,,0.297373029772329,
Fiji,2018.0,,0.2973730298,95.0606307983398,1.50947338182103,10.9065643542278,,0.833207309246063,0.0,,,3.81235097047221,25.8,61.7958344683202,,0.0,103.235419995391,92.7020074405192,,,,0.297373029772329,
Fiji,2019.0,<100,0.2973730298,96.0940475463867,1.51720533716581,11.2911597452771,,0.779773771762848,0.0,,,-0.580504258785638,26.48,61.4371070174795,,0.0,107.411463822998,94.7780840265583,,,,0.297373029772329,
Fiji,2020.0,<100,0.2973730298,97.1266403198242,1.11709628844161,14.3246147244963,,0.661915123462677,0.0,,,-17.0398709086077,31.79,50.9683032917178,4.0,0.0,72.3435754996883,96.9000109964503,,3.0,,0.297373029772329,
Fiji,2021.0,<100,,92.1,,15.2764807494245,,0.724108815193176,0.0,,,-4.88103605578388,29.8,,4.0,,81.7252089564687,86.7714106567027,,3.0,,,
Finland,2013.0,,8.4861275788,100.0,9.2280857485569,2.36735333127774,35.966992716505,1.38517248630524,0.0408992326382403,39.614413229727,17.9505171421755,-0.901696316194844,38.52,65.4223813995871,,800.827245,77.0938865804298,100.0,23.1515969057766,,25.5722244832087,3.34448598130841,
Finland,2014.0,,7.4754564857,100.0,8.45218320494398,2.39829480369459,38.5804916732752,1.28219723701477,0.041878688072028,51.1997725303293,18.90621787529,-0.364908156882066,41.25,73.9963866104495,,833.185936,74.1127227557674,100.0,23.1708706917668,,20.8138749375863,2.94616822429907,
Finland,2015.0,130.8,6.4647853925,100.0,7.81369792414716,2.25370768976039,44.49903056985,1.02799820899963,0.0250863866362488,48.899042503503,20.0533551029928,0.543659211765487,43.23,86.029778587325,,809.359337,71.3825484305887,100.0,25.3513137210655,,16.1858390308614,2.54785046728972,
Finland,2016.0,124.1,5.4541142993,100.0,8.31624752993602,2.31061337452533,,0.982591867446899,0.0038668382947648,50.0030868518924,,2.81145776663433,42.4,104.838355432065,,791.544722,70.8985003539937,100.0,,,,2.14953271028037,
Finland,2017.0,114.4,5.4541142993,100.0,7.80931895529113,2.31594204179389,,1.06380665302277,0.0160206224171637,,,3.19240962968416,44.48,108.185225186481,,834.744722,75.053137193384,100.0,,,,2.14953271028037,
Finland,2018.0,108.2,6.6397913208,100.0,8.04918842721228,2.38668391429869,,0.891700327396393,0.028117225590218,,,1.1397180134305,44.3,89.8792617419085,,849.544722,78.1921683186129,100.0,,,,2.61682242990654,
Finland,2019.0,103.5,7.1140621295,100.0,7.42303960115952,2.34930667311493,,0.835154116153717,0.0306156319085288,,,1.22474892206223,45.6,84.9147198958333,,852.444722,79.605433214652,100.0,,,,2.80373831775701,
Finland,2020.0,130.1,7.1140621295,100.0,6.57014512772575,2.45212949192986,,0.981748819351196,0.015773869396467,,,-2.35496515679442,47.49,82.9150078292968,,785.344722,71.4986682798545,100.0,,,,2.80373831775701,
France,2013.0,,23.7739648078,100.0,5.12789942785166,1.45863217691004,17.045286239218,0.448744118213654,0.0092421341125322,56.2245010842765,4.57658318463611,0.576326674771792,13.44,87.9881233745557,,3773.635469,59.764055074913,100.0,46.4461226935631,,7.76640312581548,13.5785,
France,2014.0,,23.8965245557,100.0,4.61480713608279,1.55635615985933,16.4559049430271,0.300568491220474,0.0070175194531778,60.9480855744918,5.19396949616148,0.956183052371557,13.19,88.3738651883666,,3687.955495,60.4787965196196,100.0,49.5904171808079,,4.82454646646245,13.6485,
France,2015.0,997.3,24.6134990808,100.0,4.67593508663906,1.60564438654459,15.8576666299907,0.0977598056197166,0.0039467487584199,,6.19651673309742,1.1129123405747,13.34,86.754468742442,,3749.633095,61.7516939345861,100.0,49.0615406348183,,6.05578763926501,14.058,
France,2016.0,778,23.1427821063,100.0,4.70347567349874,1.43711486668854,,-0.106349594891071,0.0030109034584552,,,1.09546440372048,14.25,93.2784493300021,,3790.612727,61.1001423821095,100.0,,,,13.218,0.4
France,2017.0,568.4,23.5892497593,100.0,4.74791692880333,1.54241477388973,,0.265700727701187,0.0040425573061345,,,2.29141999417021,14.12,93.6099391499214,,3817.712727,62.9618472934066,100.0,,,,13.473,-0.4
France,2018.0,462.7,23.5690486825,100.0,4.57051742845134,1.64887661606241,,0.0137935001403093,0.0067672503799471,,,1.86506607081999,15.21,95.4375560253632,,3727.012727,64.437952596913,100.0,,,,13.461462155,0.0
France,2019.0,435.8,22.9992818436,100.0,4.46016494835631,1.52245926892254,,0.271274894475937,0.005434531803313,,,1.84297181445896,15.53,99.6043145643405,,3725.612727,64.1414731902028,100.0,,,,13.136039825,-0.4
France,2020.0,657.6,22.9992818436,100.0,3.95368245187991,1.57949325058934,,0.280948132276535,0.0026441715603439,,,-7.54045916249406,16.87,92.0936919005342,,3258.012727,56.7821567740889,100.0,,,,13.136039825,-0.2
Gabon,2013.0,,0.502166065,86.4,3.0439443052508,3.32908065074657,44.9904580152672,0.330102741718292,22.4892893167121,45.2263333333333,0.524809160305344,5.63869900338696,82.18,95.422688918615,,237.48,90.6350361478645,32.792704709359,1.24189136791019,,55.0095419847328,0.0848170731707317,
Gabon,2014.0,,0.502166065,87.0751876831055,3.03126056572549,3.62120476996243,40.3403403403403,0.149542808532715,15.5191839239661,45.3374545454545,0.600600600600601,4.31496444107469,81.29,99.5401440141705,,224.08,73.5203290162438,19.7812859101745,1.21209887479637,,59.6596596596597,0.0848170731707317,
Gabon,2015.0,,0.502166065,87.3277359008789,3.01491187897365,4.31162904410146,43.7441204139229,0.0152472918853164,7.34585696311239,44.566094890511,0.564440263405456,3.8788993950789,81.94,103.401206058197,,226.68,73.9497814588281,18.117072338552,,,56.2558795860771,0.0848170731707317,
Gabon,2016.0,,0.502166065,88.0797348022461,3.05995668692354,4.97313690987068,,-0.110105983912945,6.47154532807568,43.0920665499124,,2.09144220829562,80.94,105.563782525585,,226.68,70.1333810645308,18.897997407226,,,,0.0848170731707317,
Gabon,2017.0,,0.502166065,86.27,2.4972724702892,5.2657648440765,,-0.105891399085522,9.80175807469911,,,0.472642030911146,90.1,106.06272133122,,212.68,75.0687404456638,,,,,0.0848170731707317,
Gabon,2018.0,,0.502166065,89.5746078491211,2.33593611713804,5.43595280305822,,-0.257414042949677,12.1309122681805,,,0.83791658082157,90.08,106.951438459325,,210.48,77.0365976973024,21.2513672244599,,,,0.0848170731707317,
Gabon,2019.0,,0.502166065,90.3191452026367,2.35176354398661,5.5544308701413,,-0.0751413851976395,11.5255687023098,,,3.92080879452831,89.78,111.144799864313,,208.48,73.4280894486644,22.8377531861099,,,,0.0848170731707317,
Gabon,2020.0,,0.502166065,91.0628433227539,2.33327357514897,6.62814684727239,,-0.0658019334077835,6.62136595360492,,,-1.8377610635094,90.12,109.102224008291,,206.48,70.0599965872424,24.6841732902593,,,,0.0848170731707317,
Gambia,2013.0,,2.2096563723,51.5,0.202647786757678,26.2221225134284,0.0,-0.04863640666008,0.0,96.6754545454546,,2.872768790327,59.33,13.221812296904,3.5,0.0,45.4619193623296,30.2527368984792,,3.5,,3.38666666666667,
Gambia,2014.0,,2.2096563723,53.0415115356445,0.231519233044574,22.4588391707898,0.0,-0.151400715112686,0.0,97.3165384615385,,-1.40738249510954,53.17,13.0357308251011,3.5,0.0,58.2579307752264,27.7985302159391,,3.5,,3.38666666666667,
Gambia,2015.0,,2.2096563723,54.6883735656738,0.260037911654572,22.2088860199147,0.0,0.0162476319819689,0.0,97.5560377358491,,4.0580738039996,48.95,13.5647304028744,3.5,0.0,52.937505147568,28.8857273738649,,3.5,,3.38666666666667,
Gambia,2016.0,545.7,2.2096563723,56.3507690429688,0.255997956159271,21.8613793599274,,-0.442044198513031,0.0,98.9398113207547,,1.94335965478776,48.62,13.8283419008046,3.5,0.0,46.0214036884486,30.0282188215827,,3.5,,3.38666666666667,
Gambia,2017.0,560.8,2.2096563723,56.2,0.252941606311487,21.0018946913892,,-0.0948314443230629,0.0,,,4.8226112492757,48.02,14.4952290729011,3.5,0.0,53.3190552786319,20.5182758657443,,3.5,,3.38666666666667,
Gambia,2018.0,600.9,2.2096563723,60.3,0.244507377758581,19.8715961801257,,-0.0875868499279022,0.0,,,7.23489033258579,48.09,15.5439429997826,3.5,0.0,63.1091120519767,,,3.0,,3.38666666666667,
Gambia,2019.0,645.4,2.2096563723,62.1,0.241900479217245,20.0040458725555,,0.214429125189781,0.0,,,6.22205315994859,47.32,16.5110953963812,3.5,0.0,53.2696525651825,,,3.0,,3.38666666666667,
Gambia,2020.0,697,2.2096563723,62.234001159668,0.237529598930845,21.2440052017636,,0.247992232441902,0.0,,,0.591487287873974,49.74,16.6087564267395,3.5,0.0,47.5003650253904,30.9950785682693,,3.0,,3.38666666666667,
Gambia,2021.0,712.2,,63.6973609924316,,22.4187366311195,,0.0352661535143852,0.0,,,4.26549216158563,48.74,,3.5,,42.0928111983683,31.2290726016827,,3.0,,,
Georgia,2013.0,,5.4599959283,100.0,2.15834227262897,8.61641444963995,82.2248732478378,-0.441366165876389,0.0299773153617784,33.9103954081633,0.0,3.61555371862646,32.41,8.29076560742851,3.0,90.0,95.6020858179071,100.0,16.8111048333959,5.5,17.7751267521622,2.88356915534148,
Georgia,2014.0,,5.3643729642,100.0,2.32671060548785,8.52621770980594,80.3683347796741,-0.321507543325424,0.0265620539861034,33.4662455726092,0.0,4.44154840433009,30.69,8.81335558929334,,95.1,96.7748361393137,100.0,15.7463739341214,,19.6316652203259,2.8330681231722,
Georgia,2015.0,263,5.26875,100.0,2.52314190948536,7.81376160306468,78.0393242869011,-0.472153753042221,0.009170591509443,34.9959347826087,0.0,3.02657661687478,27.54,9.24489398182721,,96.9,98.7688227493738,100.0,,,21.9606757130989,2.78256709100292,
Georgia,2016.0,298.6,5.1731270358,100.0,2.63275300770891,7.29657327826766,,-0.320115089416504,0.0031358878903447,40.242,,2.90643878002064,27.18,9.68944568865865,,110.0,96.8258176135729,100.0,,,,2.73206605883365,
Georgia,2017.0,282.2,4.4772964169,100.0,2.65748105420488,6.24018684251845,,-0.375215023756027,0.0040317828927471,,,4.84260322496586,27.52,11.737457277602,,101.1,104.040076935155,100.0,,,,2.36457939102013,
Georgia,2018.0,277,4.2056026059,99.9,2.60970672866505,6.76219859459993,,-0.447616845369339,0.0041956464231294,,,4.84291988506627,27.37,13.1008883831175,,94.0,111.755539312188,100.0,,,,2.22109065886805,
Georgia,2019.0,357.2,5.1209771987,100.0,2.83579124666916,6.50458918722347,,-0.498185902833939,0.0035653354043031,,,4.98235047511106,24.69,11.2951611017341,,92.9,118.599368307339,100.0,,,,2.70452434199209,
Georgia,2020.0,358.5,5.3867100977,100.0,2.75470919618902,7.28866812979586,,-0.429623365402222,0.0016264082196734,,,-6.76043981705519,23.45,10.0120240623587,,85.9,93.8757982916676,100.0,,,,2.84486495785309,
Germany,2013.0,,34.7121710526,100.0,9.62422936749002,0.942643214114216,24.0725497476084,0.92798388004303,0.0596791674226543,33.2691018865013,20.4390586859838,0.437591303144671,13.63,127.801967679653,,6116.571234,85.0788766962491,100.0,12.2087666570209,,59.2383224450782,23.6691588785047,
Germany,2014.0,,34.308753655,100.0,9.08852776834501,0.904547674923055,26.1300965691114,0.925186455249786,0.0397537844055885,34.0073489810031,22.9807472770598,2.20954343134872,14.02,132.161763293214,,6000.159972,84.6200933924979,100.0,12.9820484847802,,56.7323430952925,23.3940809969159,
Germany,2015.0,796.5,33.9053362573,100.0,9.08734480366678,0.684691591379231,29.2317701223308,0.687514960765839,0.0272784832279589,34.187163718662,26.2710872790643,1.49193152760772,14.55,135.729493317365,,5989.152096,86.2462246132087,100.0,12.8636198591601,,55.0630531681038,23.1190031152336,
Germany,2016.0,696.8,33.5019188596,100.0,9.07297238768971,0.69843112985447,,0.667541146278381,0.0185491740941153,33.7742896339423,,2.22999986782015,14.24,140.427111093362,,5992.742951,84.7696459674487,100.0,,,,22.8439252336449,0.0
Germany,2017.0,602.6,33.5019188596,100.0,8.8583445114547,0.851748919550925,,0.574380218982697,0.0235604624283058,,,2.68023111405891,15.22,144.19088221746,,5944.042951,87.2372029530234,100.0,,,,22.8439252336449,
Germany,2018.0,560.8,33.5019188596,100.0,8.53704268780674,0.689090611953825,,0.577707588672638,0.0278580557415591,,,0.981232606004738,16.04,145.605730168664,,5752.942951,88.5198710425055,100.0,,,,22.8439252336449,-0.4
Germany,2019.0,587.9,33.5019188596,100.0,7.9271876239049,0.790850030655333,,0.548454642295837,0.0195252435301418,,,1.07547163576423,17.07,147.171678496675,,5574.042951,88.3183894580195,100.0,,,,22.8439252336449,-0.1333333333333333
Germany,2020.0,888.8,33.5019188596,100.0,7.2552210281684,0.73895402984373,,0.644988059997559,0.0100688916733278,,,-3.82676871619293,18.6,141.539758744869,,5253.042951,81.1473589268244,100.0,,,,22.8439252336449,0.2
Ghana,2013.0,,5.8309721011,70.7,0.504973606930306,20.3698425406713,63.9888120581151,0.0606060847640038,1.81718227347328,78.8612658227848,0.0233082122601196,7.31252501678145,46.19,35.164198491275,4.0,271.4,60.7593219028775,50.8296365672425,5.82305507729694,4.5,10.4032320721001,4.41460396039604,
Ghana,2014.0,,5.9326503923,78.3,0.474057677945499,19.5837728609568,64.7303864846101,-0.106807962059975,1.81394599340991,81.7100487125957,0.0308570546941294,2.85624016330883,47.69,35.5486878472316,4.0,267.5,63.8365615580462,63.9650253469088,5.86864927919205,4.0,18.1979480058628,4.49158415841584,
Ghana,2015.0,1460.3,6.2705972101,74.0002670288086,0.496024739617925,19.9826506965696,50.8920024366896,-0.0382289066910744,0.735210009194703,80.6352214144085,0.0261073883909146,2.12075933817334,44.02,34.3461025127179,4.0,279.0,76.5212712995805,56.9949431976362,,4.0,38.847793925681,4.74744224422442,
Ghana,2016.0,1770.1,6.3147340889,79.3,0.492155067910077,20.8442931470539,,-0.138907715678215,0.56045677649957,93.9490077958894,,3.37346574966936,45.22,35.2565957692029,4.0,269.4,67.8770001864299,66.5960935103724,,4.0,,4.78085808580858,
Ghana,2017.0,2097.8,6.3147340889,79.0,0.500789782048743,19.5617097174459,,0.0820363312959671,1.59956938903345,,,8.12889488100956,45.28,38.1225673779039,4.0,266.3,70.548364565594,65.3324507440929,,3.5,,4.78085808580858,
Ghana,2018.0,1919.7,6.3147340889,80.4,0.543393316646713,18.1365505543433,,-0.0367385223507881,2.55545415049544,,,6.20007768127284,42.13,40.4861961694295,4.0,286.6,67.9585183453884,68.2796091063772,,3.5,,4.78085808580858,
Ghana,2019.0,1895.9,6.3147340889,83.5,0.572264895729339,17.3232299973988,,0.118470922112465,2.69534311635568,,,6.5077747939152,42.6,43.1209466387587,4.0,299.5,76.8248018271755,70.0086249340054,,3.5,,4.78085808580858,
Ghana,2020.0,1813.6,6.3147340889,85.4405670166016,0.602887453142675,18.8537826616486,,0.169862180948257,1.4694369210254,,,0.513941670628171,40.25,43.3425631523046,4.0,310.8,66.5754987162431,73.0797837919943,,3.5,,4.78085808580858,
Ghana,2021.0,2038.8,,86.3,,19.6574735227332,,0.0657853037118912,2.6087935046989,,,5.07646643533542,,,4.0,,62.7078309128346,74.0170891737595,,3.5,,,
Greece,2013.0,,20.0788994538,100.0,6.61037895212413,3.38260275850521,25.1234373358546,-0.171341717243195,0.0323290966602002,43.4747944260486,14.0123262247435,-2.51599722189651,16.61,19.6614327799274,,548.300109,62.8765015617254,100.0,5.6372347217714,,74.7277375074413,17.1120689655172,
Greece,2014.0,,20.0606918875,100.0,6.38505903145612,3.58413350571669,24.1880698408915,-0.140445962548256,0.0284409679098027,46.9460359453631,15.2970621536261,0.475695947137041,16.41,19.7728914967422,,546.610928,66.5263275893829,100.0,5.41764810310614,,75.6132928113144,17.0965517241379,
Greece,2015.0,286.2,20.0445073842,100.0,6.28508782508784,3.86470314774326,28.6557832580757,-0.235559731721878,0.016100170992005,50.2305131598294,16.888580139709,-0.196087629724133,17.47,19.7500531896825,,542.838726,65.2776924688798,100.0,6.20248117731642,,71.1280923160048,17.0827586206897,
Greece,2016.0,347.5,20.5057657293,100.0,6.20348737018687,3.51534024837597,,-0.129703640937805,0.0190664267039692,51.9194540014959,,-0.487173294301954,16.41,19.2117412311036,,523.973895,64.0191979817137,100.0,,,,17.4758620689655,0.4
Greece,2017.0,337.6,20.5017196035,100.0,6.21083158316487,3.85638896453125,,-0.081244558095932,0.0250132869376178,,,1.09214912017283,16.38,19.425395044806,,518.073895,71.5789505399414,100.0,,,,17.4724137931034,
Greece,2018.0,248.1,20.4774428485,100.0,6.05813051890443,3.63540849125269,,0.153864294290543,0.0400851923915587,,,1.66842863602514,17.86,19.7729076433838,,513.073895,80.1500265574834,100.0,,,,17.451724137931,
Greece,2019.0,179.5,20.4632814081,100.0,5.59528435262632,3.80858922158369,,0.162369400262833,0.0265569446653843,,,1.87948998590817,18.52,20.1584783188394,,485.473895,81.885923258543,100.0,,,,17.4396551724138,0.0
Greece,2020.0,162,20.4774428485,100.0,4.76718493701839,4.10022641415766,,0.115144267678261,0.0089890011633958,,,-9.31643576478743,20.08,18.26778456966,,410.873895,71.8403094647801,100.0,,,,17.451724137931,
Grenada,2013.0,,6.8222222222,90.6150283813477,2.71153106161016,4.83545561235478,0.0,0.426174342632294,0.0,95.1128125,,2.35109801677905,10.93,63.9508274226485,4.0,0.0,,,,4.0,,6.8222222,
Grenada,2014.0,,7.05,91.0173187255859,2.14881497304445,6.10189188310633,0.0,0.774568855762482,0.0,93.8752,,7.34212396037948,11.27,66.4282934600034,4.0,0.0,,,,4.0,,7.05,
Grenada,2015.0,,7.05,91.4146347045898,2.29114136829719,7.42852685072365,0.0,0.779747724533081,0.0,96.4285185185185,,6.44522314693144,11.07,70.7097452061991,4.0,0.0,,,,4.0,,7.05,
Grenada,2016.0,,7.05,91.8078002929688,2.31232182451695,6.20632633624404,,0.998592257499695,0.0,95.6039285714286,,3.7396039558691,11.4,73.3540096351151,4.0,0.0,,,,4.0,,7.05,
Grenada,2017.0,<100,7.05,92.1976470947266,2.37758536565195,5.37154325760442,,0.992373704910278,0.0,,,4.43867566948151,11.48,76.6099562133781,4.0,0.0,,,,3.5,,7.05,
Grenada,2018.0,<100,7.05,92.3,2.62890067138331,5.20543943814909,,0.968616604804993,0.0,,,4.36144039364797,10.69,79.9512537892243,4.0,0.0,,,,3.0,,7.05,
Grenada,2019.0,<100,7.05,92.9706954956055,2.82096411459861,4.67951202688308,,0.937967896461487,0.0,,,0.676511738873756,10.37,80.4921334064852,4.0,0.0,,,,3.0,,7.05,
Grenada,2020.0,<100,7.05,93.3555679321289,2.62406702085507,4.90307786781958,,1.03254508972168,0.0,,,-13.7566222572107,10.36,69.4191346669849,4.0,0.0,,,,3.0,,7.05,
Guatemala,2013.0,,5.7420970807,88.0727233886719,0.867210613999047,10.3562211023868,67.1673387096774,-0.674156248569489,0.289066114890466,70.3804688700999,20.2520161290323,3.69481919881751,67.19,17.2074899886916,,484.3,56.6852207524472,80.3706617700031,2.90269850627609,,32.8326612903226,3.04404761904762,
Guatemala,2014.0,,5.7420970807,85.494371,0.914557101787262,10.0744834989334,68.574091332712,-0.655563533306122,0.255602693292778,69.8175770609319,23.3923578751165,4.44397758285268,66.25,17.9721869863607,,504.7,55.0832792812572,76.6559533133771,2.56505551987625,,31.425908667288,3.04404761904762,
Guatemala,2015.0,2570,5.7420970807,90.5392456054688,1.05707310890778,9.96700303156264,60.3906673901248,-0.654437899589539,0.0857001181484112,64.5652325581395,25.3481642249955,4.09217081621244,63.29,18.7076395772517,,534.3,49.8934533224826,84.6294407556745,,,39.6093326098752,3.04404761904762,
Guatemala,2016.0,2771.7,5.7420970807,91.765869140625,1.1026182595186,9.66139547275044,,-0.545003712177277,0.0533455755984415,62.2717926689576,,2.67780255532826,63.24,19.2085932278929,,578.3,46.3727375188895,86.802107990018,,,,3.04404761904762,
Guatemala,2017.0,2839.9,5.7420970807,93.3,1.02751728089616,9.69628663196754,,-0.651365458965302,0.0809649063068672,,,3.07985149125689,64.99,19.8001893728717,,586.8,46.0694204013621,89.6352551324027,,,,3.04404761904762,
Guatemala,2018.0,3051.6,5.7420970807,94.2099914550781,1.10575367270347,9.435507565446,,-0.538192272186279,0.123829191758898,,,3.40687339997949,64.02,20.4747567577616,,602.3,47.011682071395,91.2395334474422,,,,3.04404761904762,
Guatemala,2019.0,3281.7,5.7420970807,95.4291458129883,1.14537281500282,9.40872555064273,,-0.577349424362183,0.099798013296469,,,4.0178979343828,62.82,21.2974115866016,,628.5,45.5167427491815,93.5070932323909,,,,3.04404761904762,
Guatemala,2020.0,3591,5.7420970807,96.6474685668945,1.00040733564819,9.92699186181468,,-0.415842652320862,0.0318867027193703,,,-1.79185769458479,65.46,20.9157922783397,,616.2,41.1430280030057,95.8087667855816,,,,3.04404761904762,
Guinea,2013.0,,1.1822485207,32.178524017334,0.195379103300369,17.5452721208332,73.7196147378077,-1.22985172271729,0.0,96.8895412844037,,3.9456870867141,78.53,10.6292898812586,3.0,0.0,80.4264444383879,8.56080306728753,,2.5,,0.340027229424779,
Guinea,2014.0,,1.2196449704,33.5324401855469,0.196384745395564,17.5238163776509,59.7697922515441,-0.95524275302887,0.0,96.7498660714286,,3.69655311729832,78.57,10.684247060554,3.5,0.0,76.771963529602,9.46583614460672,,3.0,,0.350782845486726,
Guinea,2015.0,5148.6,1.2570414201,34.8813819885254,0.216953417676487,18.4782405357853,78.751565015203,-0.386475414037704,0.0,96.5835826771654,,3.82591056947008,76.23,10.7630042480278,3.5,0.0,72.4427253803191,10.3604260578047,,3.0,,0.361538461548673,
Guinea,2016.0,5622.7,1.2944378698,33.5,0.235227854196447,17.5899466635754,,-0.396070927381516,0.0,97.0524028268551,,10.8206271965239,75.29,11.583038329803,3.5,0.0,111.839462499286,6.74292187352683,,3.0,,0.372294077610619,
Guinea,2017.0,6085.2,1.3318343195,35.4,0.271355057259789,20.5284733111204,,-0.69907408952713,0.0,,,10.3000053426788,71.96,12.4173532225442,3.5,0.0,101.251633768859,8.63270259467683,,3.0,,0.383049693672566,
Guinea,2018.0,6242,1.3692307692,45.0,0.297494261984837,22.9400092643745,,-0.880607545375824,0.0,,,6.35849192650272,73.18,12.8462023264932,3.5,0.0,88.9841115402008,21.4009070118301,,3.0,,0.393805309734513,
Guinea,2019.0,6401.8,1.3692307692,42.2,0.350765779082478,26.4272768144568,,-0.842596650123596,0.0,,,5.61691446969918,68.27,13.5677625237768,4.0,0.0,78.4153132291929,17.0236198119243,,3.0,,0.393805309734513,
Guinea,2020.0,6455.3,1.3692307692,44.7454223632813,0.34364615086247,26.1378975684077,,-0.669287204742432,0.0,,,4.92026637152216,65.77,14.2353325806022,4.0,0.0,115.037393977155,19.3249951711868,,3.0,,0.393805309734513,
Guinea,2021.0,6696.8,,46.8138694763184,,27.3199176328666,,-0.939894258975983,0.0,,,3.90000000048747,65.53,,4.0,,105.803010495533,21.2674346593795,,3.0,,,
Guinea-Bissau,2013.0,,1.4957264957,16.3427715301514,0.145722021990242,44.1356110135222,0.0,-0.899927616119385,0.0,98.7269230769231,,3.25590426517695,87.71,5.58977789943498,2.5,0.0,44.0803911767354,7.95703935795497,,2.5,,1.09375,
Guinea-Bissau,2014.0,,1.4957264957,17.2,0.151206699443415,41.1323465870759,0.0,-0.706451654434204,0.0,96.9135714285714,,0.96456075098132,87.28,5.64369470311996,2.5,0.0,51.5930141877095,5.82026330396579,,2.5,,1.09375,
Guinea-Bissau,2015.0,,1.4957264957,20.107967376709,0.157581198477963,46.7881252736562,0.0,-0.51657909154892,0.0,99.5328571428571,,6.13408294113292,87.15,5.98988361715366,2.5,0.0,59.7815367521229,8.92736203959681,,2.5,,1.09375,
Guinea-Bissau,2016.0,,1.4957264957,22.9145374298096,0.166253123378351,46.3483590123963,,-0.445275574922562,0.0,97.7866666666667,,6.26280563780463,86.77,6.3650183860267,2.5,0.0,57.8122244103829,10.5278508789001,,2.5,,1.09375,
Guinea-Bissau,2017.0,155.3,1.4957264957,26.0,0.16310020182719,49.1578077854646,,-0.497683495283127,0.0,,,5.91917662586047,86.75,6.74177506656411,2.5,0.0,60.8470169188269,12.5485522542713,,2.5,,1.09375,
Guinea-Bissau,2018.0,241.3,1.4957264957,28.3832015991211,0.165094768449133,30.7237033700399,,-0.684850454330444,0.0,,,1.28373670309465,86.57,6.82832170753368,2.5,0.0,56.0181155026704,13.2991235586162,,2.5,,1.09375,
Guinea-Bissau,2019.0,413.4,1.4957264957,30.9319953918457,0.16508860634868,30.3965794546532,,-0.561577141284943,0.0,,,4.49999999151316,86.2,7.13559618379319,2.5,0.0,55.3725855838767,14.3237644643844,,2.5,,1.09375,
Guinea-Bissau,2020.0,589.3,1.4957264957,33.3744735717773,0.163208368967987,30.8632447518505,,-0.721676051616669,0.0,,,-2.39999999921721,87.22,6.96434187543801,2.5,0.0,43.6358403713142,15.1368265665789,,2.5,,1.09375,
Guyana,2013.0,,3.2984018265,86.0131683349609,2.64322603087956,25.6475733667273,0.0,-0.45660674571991,0.0,97.7866666666667,,3.65338433338232,26.85,2.89341986188862,2.5,25.0,,83.1454452370438,,3.0,,0.599460580912863,
Guyana,2014.0,,3.2984018265,86.9,2.74710077684509,24.5940865009998,0.0,-0.136097595095634,0.0,97.5493203883495,,1.68649445019584,24.02,2.94221722728023,2.5,25.6,,84.2078349601513,,3.0,,0.599460580912863,
Guyana,2015.0,,3.2984018265,87.982551574707,2.7547610627908,25.4431214761023,0.0,-0.139641344547272,0.0,95.8786341463415,,0.687404590619494,24.95,2.96244216356655,2.5,26.1,,85.5031303629001,,3.0,,0.599460580912863,
Guyana,2016.0,,3.2984018265,88.9990997314453,3.26523837188623,20.3872409058451,,-0.0342189259827137,0.0,94.6117748917749,,3.80745626378814,21.34,3.07523585328437,2.5,27.3,,86.7187906165125,,3.0,,0.599460580912863,
Guyana,2017.0,,3.2984018265,89.9895324707031,3.24113136945596,22.7580270434004,,-0.0494407266378403,0.0,,,3.73449154571284,22.12,3.190080276236,2.5,27.5,,87.883536090446,,3.0,,0.599460580912863,
Guyana,2018.0,,3.2984018265,90.8877105712891,3.29351227349226,19.5356933126322,,-0.191917717456818,0.0,,,4.44091288475967,16.77,3.33174896225754,3.0,26.1,,88.9240987914412,,2.5,,0.599460580912863,
Guyana,2019.0,,3.2984018265,91.646484375,3.50033114116629,17.5953367342493,,-0.254104405641556,0.0646288561270635,,,5.35284003535665,11.31,3.51009215458685,3.0,26.5,,89.7891481606155,,2.5,,0.599460580912863,
Guyana,2020.0,,3.2984018265,92.2989349365234,3.47277101663067,16.8510033249851,,-0.13758060336113,6.10545706252133,,,43.479651716849,12.04,5.03626799834165,3.0,26.5,,90.5213515065472,,2.5,,0.599460580912863,
Guyana,2021.0,,,92.8982315063477,,13.4551932931892,,-0.137163653969765,19.5530170360693,,,20.0599975568418,11.97,,3.0,,,91.1868895002374,,2.5,,,
Haiti,2013.0,,13.3837917667,38.8971862792969,0.258338055000553,19.3274999569264,13.3649289099526,-0.631015360355377,0.0,82.6082417582417,0.0,4.32478411472874,80.39,9.81616098321914,2.5,109.5,40.3325097511203,3.33432175823676,0.127892944744258,2.5,86.6350710900474,11.1478434689014,
Haiti,2014.0,,13.3837917667,39.5519714355469,0.290138810726091,17.8297636475726,8.71248789932236,-0.643627285957336,0.0,88.5592483660131,0.0,2.88877251536053,77.77,10.0997275437659,2.5,113.3,42.3515259076058,2.18025893315637,0.0739733683419952,2.5,91.2875121006776,11.1478434689014,
Haiti,2015.0,,13.3837917667,40.7975120544434,0.310537245413729,17.2198990022132,7.99614643545279,-0.671565055847168,0.0,85.3792469879518,0.0,1.4000000019679,76.12,10.2411237295774,2.5,120.9,41.9457381135139,2.21793817514239,,2.0,92.0038535645472,11.1478434689014,
Haiti,2016.0,,13.3837917667,40.4,0.314036533462437,17.9835139851461,,-0.745547473430634,0.0,84.6645588235294,,1.81246807847532,76.13,10.4267408280531,2.5,122.8,41.4109022125478,,,2.0,,11.1478434689014,
Haiti,2017.0,,13.3837917667,43.2935409545898,0.30618371925255,18.8264709946395,,-0.676077306270599,0.0,,,2.51027134544685,76.17,10.6884803153238,2.5,124.2,42.074547784023,2.13961165480309,,1.5,,11.1478434689014,
Haiti,2018.0,,13.3837917667,44.4362411499023,0.298729952296593,18.7060141160075,,-0.640176177024841,0.0,,,1.66781095484656,76.25,10.8667439609294,2.5,125.8,45.138576305518,1.82404618274287,,1.5,,11.1478434689014,
Haiti,2019.0,5446,13.3837917667,45.4395332336426,0.297241022260954,19.1874037315046,,-0.887624740600586,0.0,,,-1.72309699535413,76.37,10.6794994222458,2.5,127.3,44.5687187734548,1.21743466525092,,2.0,,11.1478434689014,
Haiti,2020.0,5107,13.3837917667,46.3365135192871,0.283815024249564,20.362493732044,,-1.02747869491577,0.0,,,-3.30550547264819,76.31,10.326487984392,2.5,123.1,34.4572019082333,,,2.0,,11.1478434689014,
Haiti,2021.0,4911.3,,47.1803321838379,,20.6814288747556,,-1.12809944152832,0.0,,,-1.79823988931486,,,2.5,,37.1654017679449,,,2.0,,,
Honduras,2013.0,,4.621268764,87.184881,1.08083592531217,12.1911279403961,46.7550161010652,-0.438611596822739,0.00219740262054,84.372408993576,12.8313103789943,2.79155975746801,51.1,12.1993932585004,3.5,217.76,116.306049247436,73.4060538541873,3.40722362321271,3.0,53.2449838989348,1.77255680564747,
Honduras,2014.0,,4.621268764,88.653773,1.08285131015576,12.5383501333105,43.8293107738243,-0.534083962440491,0.0018958484755045,85.5504122621565,11.458074147798,3.0580805621437,52.16,12.5724605324381,3.5,220.56,112.97509728471,76.5388626821025,3.32795170548503,3.0,56.1706892261757,1.77255680564747,
Honduras,2015.0,1318.9,4.621268764,89.98171,1.13380970799413,12.2159784468116,42.2755158951478,-0.472757905721664,0.0,89.910233029382,16.1740100390407,3.84007997093951,50.74,13.0552530711985,3.5,241.96,107.26440535424,79.011525348266,,3.0,57.7244841048522,1.77255680564747,
Honduras,2016.0,1336,4.621268764,91.6,1.09871281471182,12.0499014058464,,-0.437456160783768,0.0,90.777755319149,,3.89297219726413,52.66,13.5634904435428,3.5,248.86,99.8157169505924,82.126682818065,,3.0,,1.77255680564747,
Honduras,2017.0,1352.9,4.621268764,86.5,0.974047356339701,12.6697681094878,,-0.565637230873108,0.0006652387020728,,,4.84291391050387,45.6,14.220358608983,3.5,211.86,101.813111079622,71.848642736227,,3.0,,1.77255680564747,
Honduras,2018.0,1369.6,4.621268764,91.6,0.922234078945353,11.6101604613644,,-0.531866431236267,0.0010253496771205,,,3.84499476966735,48.83,14.7671306537263,3.5,217.56,103.551162215452,81.8852679646719,,2.5,,1.77255680564747,
Honduras,2019.0,1452.4,4.621268764,91.1,1.02385531471622,10.7536504478567,,-0.569066166877747,0.0007347732952406,,,2.65306625480355,46.16,15.1589124139031,3.5,228.86,98.0275897083463,80.3106221094323,,2.5,,1.77255680564747,
Honduras,2020.0,1808.2,4.621268764,93.0876998901367,0.872911171700029,12.1171809163756,,-0.448519617319107,0.0003885106482894,,,-8.96476018404584,50.09,13.7999522694871,3.5,207.36,85.6194181108955,83.4002529900187,,2.5,,1.77255680564747,
Honduras,2021.0,2419,,94.131591796875,,11.0408477707958,,-0.627824068069458,0.0009277021151561,,,12.5340960157739,,,3.5,,101.572280072107,85.6930918629088,,2.5,,,
Hong Kong,2013.0,,,100.0,,0.0572883662527095,0.242606874712702,0.922868311405182,0.0020861597443855,,0.242606874712702,3.1015529558385,0.26,,,,442.620019127299,100.0,0.0637157290404246,,99.7573931252873,,
Hong Kong,2014.0,,,100.0,,0.0661945438173809,0.265604249667995,1.15322852134705,0.0127176569377585,,0.265604249667995,2.76238422541562,0.23,,,,425.975871734797,100.0,0.0704687512613531,,99.734395750332,,
Hong Kong,2015.0,,,100.0,,0.0679653751855497,0.278727320536419,1.03520536422729,0.0001590204630245,,0.278727320536419,2.38784706747271,0.2,,,,389.405949263639,100.0,,,99.7212726794636,,
Hungary,2013.0,,9.067357513,99.9867935180664,4.12031356861289,3.91708552837692,9.20314253647587,0.796646118164063,0.351918795889097,35.1135942100098,8.50003300983693,1.80252210082266,17.18,22.0568793036802,,414.926668,164.346110357561,99.956047247705,19.0844241245102,,39.6217072687661,87.5,
Hungary,2014.0,,6.7754749568,100.0,4.11750182537459,3.93604186130972,10.6831790963527,0.669904828071594,0.270950647461227,38.7548560177209,9.65909090909091,4.23220980614269,15.72,30.7671314658738,,429.491204,168.394596543722,100.0,19.0489669141643,,35.4858464888405,65.3833333333333,
Hungary,2015.0,135.7,6.9602763385,100.0,4.40759693053804,3.78956364429984,10.5826906598115,0.737792491912842,0.168192387464785,39.4088381742739,9.8114824335904,3.7073159793626,15.6,31.0605873417796,,449.305566,167.320445037758,100.0,18.4514634352703,,36.5598839891899,67.1666666666667,
Hungary,2016.0,109.9,6.8376511226,100.0,4.50869128796621,3.89013448518016,,0.64338093996048,0.11851344174629,38.8547009892086,,2.20100189293856,15.34,32.3135268432013,,451.539935,164.403927718725,100.0,,,,65.9833333333333,
Hungary,2017.0,<100,8.1805181347,100.0,5.05210173390467,3.75419763895675,,0.796199262142181,0.154637173875013,,,4.27197601620695,14.55,28.1629465870252,,469.239935,165.228515608639,100.0,,,,78.942,
Hungary,2018.0,<100,8.4947521554,100.0,5.03325434726835,3.48637174839945,,0.737417697906494,0.22837879679833,,,5.36234836176223,13.6,28.5754864791053,,475.339935,163.260512262857,100.0,,,,81.9743583,
Hungary,2019.0,134,7.7082469775,100.0,4.8368762665486,3.33240711582559,,0.761821568012238,0.201281427552599,,,4.86422573511891,13.64,33.0229660706724,,475.839935,160.751343279331,100.0,,,,74.3845833333333,
Hungary,2020.0,202.6,8.0701208981,100.0,4.59165290704788,3.39049607849563,,0.836977124214172,0.11301391702029,,,-4.53555083281567,14.76,30.1115651291044,,448.039935,155.483814998738,100.0,,,,77.8766666666667,
Iceland,2013.0,,0.3955700503,100.0,6.27555874031702,5.84371722046094,99.9724000883197,1.28713369369507,0.0,75.3270443349754,28.9688672996246,4.55246032015108,76.62,56.6635005854449,,20.946809,98.7895236023721,100.0,34.8336173059321,,0.0275999116802826,0.171235294117647,
Iceland,2014.0,,0.3742356298,100.0,6.25408539155614,5.26717070147574,99.9834464492634,1.24697458744049,0.0,80.674,28.9521602383711,1.68721501750639,76.95,60.9043094971205,,20.573505,96.6655918887019,100.0,35.4331481085884,,0.016553550736633,0.162,
Iceland,2015.0,<100,0.379807039,100.0,6.21948823360488,5.29091434268492,99.9787222724613,1.29848098754883,0.0,79.3923300970874,26.671631469759,4.43666371937172,77.76,62.6733828947805,,23.797359,95.8182079086458,100.0,37.5169341332485,,0.0212777275386989,0.164411764705882,
Iceland,2016.0,<100,0.3533088735,100.0,4.86824728192011,4.57465693546236,,1.34658873081207,0.0,81.4888888888889,,6.30368710650176,80.77,71.6209256153918,,22.827311,88.3330236353413,100.0,,,,0.152941176470588,
Iceland,2017.0,<100,0.394075282,100.0,4.86604542807222,3.77800002570441,,1.33768498897552,0.0,,,4.19494882908376,80.68,66.9055191963005,,23.927311,86.9789469759093,100.0,,,,0.170588235294118,
Iceland,2018.0,<100,0.394075282,100.0,4.81768876817655,3.9051051347764,,1.39457714557648,0.0,,,4.88917299486545,81.26,70.1766457729206,,24.827311,88.6369069643521,100.0,,,,0.170588235294118,
Iceland,2019.0,<100,0.394075282,100.0,4.54345010442003,4.3850316517953,,1.61964797973633,0.0,,,1.86117794293874,81.57,71.4827580251404,,24.227311,82.8627457813882,100.0,,,,0.170588235294118,
Iceland,2020.0,<100,0.394075282,100.0,3.94746536485266,4.64162657723006,,1.37493765354156,0.0,,,-7.2156705720011,82.79,66.3247976902656,,21.427311,68.0152404548948,100.0,,,,0.170588235294118,
India,2013.0,,66.4920928322,83.1313934326172,1.52767440026001,17.1484235428202,17.3493138262499,-1.22917413711548,1.13323728072323,23.4477616546591,4.96065332607863,6.38610640116532,34.86,2.80070043364074,4.0,18688.0,53.8441319448815,76.8155490473977,2.72066307454044,3.0,79.7205093068402,44.7786998616874,
India,2014.0,,66.4920928322,85.1339111328125,1.64246527737333,16.7919345138978,16.2538398153488,-0.997911989688873,0.897408488460908,23.909539466603,5.1736825587741,7.41022760058425,33.85,3.00823871018407,,19787.1,48.9221857452396,79.3938929323036,2.66772054665755,,80.8961553148301,44.7786998616874,0.4
India,2015.0,,66.4920928322,88.0,1.63132348717228,16.1745081066756,15.3430503454798,-0.954773545265198,0.446690449248634,27.8723174837924,5.36101124797904,7.99625379040316,33.4,3.24878511207154,,20282.1,41.9229138654037,83.367932112035,,,81.8920986490278,44.7786998616874,0.4
India,2016.0,,66.4920928322,89.5863037109375,1.63991401876928,16.3638005614949,,-0.960426509380341,0.351538246031059,29.7239164926166,,8.25630549903522,33.01,3.51701473593134,,20734.5,40.0824857129295,85.3048671079459,,,,44.7786998616874,0.4
India,2017.0,,66.4920928322,91.7941589355469,1.70492672078233,16.5583314050628,,-0.774099051952362,0.445012813391893,,,6.79538342343425,32.57,3.75600937229656,,21967.5,40.7424969548497,88.2823041489106,,,,44.7786998616874,-0.4
India,2018.0,,66.4920928322,95.7,1.79559529858433,16.0316306861012,,-0.997705161571503,0.585321120194591,,,6.45385134074191,32.73,3.99841663352891,,23043.0,43.6169693314126,93.9461421860235,,,,44.7786998616874,0.0
India,2019.0,,66.4920928322,95.8859405517578,1.75253436625037,16.755568302942,,-0.796840608119965,0.410880933208775,,,3.87143693928024,33.27,4.15321281206568,,22892.3,39.9054035298391,93.8452545500685,,,,44.7786998616874,0.4
India,2020.0,,66.4920928322,96.5,1.57609323191648,18.635531272118,,-0.841136157512665,0.26604937301083,,,-5.83105322050864,35.82,3.91103676263314,,21582.1,37.8041253620075,95.1582198726589,,,,44.7786998616874,-0.4
Indonesia,2013.0,,26.9613261971,96.4642583061542,1.77040203245853,13.3566991621949,12.2701601703546,-0.51926463842392,2.84449057843017,50.5366710688501,4.43616331821128,5.5572636889101,30.63,3.86728811296347,,6016.12,48.6373726756821,92.9942041701442,0.904904505605409,,87.7205814276456,10.012833135186,
Indonesia,2014.0,,27.873065893,97.01,1.89142782676209,13.3367549992146,11.4751004932507,-0.416824042797089,2.650026347051,45.0516073870013,4.82148185855465,5.006668425755,29.29,3.92807632033253,,6201.82,48.0801755854063,93.976250381726,0.83857029181184,,88.517000473942,10.3514328528261,
Indonesia,2015.0,1759.6,28.7848055889,97.5373674369822,1.88756448144649,13.4926435578886,10.6511556345733,-0.619956314563751,1.50974108051834,44.737041398419,4.7785318654267,4.87632230022123,26.58,3.98913567790136,,5841.82,41.9376402414825,94.9177642036686,,,89.3445705689278,10.6900325704661,
Indonesia,2016.0,2292.3,29.6965452848,97.62,1.84830385185678,13.4787485470271,12.0719582395239,-0.379699736833572,1.2207869391584,42.7900628308214,,5.03306918280177,27.77,4.06127348251797,,6048.92,37.4213418024754,95.0620025551651,,,,11.0286322881062,
Indonesia,2017.0,2399.8,29.6965452848,98.14,1.94857443086369,13.1566308462661,12.5605535137614,-0.504938900470734,1.47015038673535,,,5.06978590134916,24.88,4.2671713529499,,6081.42,39.3554970708712,96.0303586002031,,,,11.0286322881062,
Indonesia,2018.0,2222.3,29.6965452848,98.51,2.12683683837158,12.8084975586902,17.0370007361396,-0.552077412605286,2.05913547027099,,,5.17429153955024,22.05,4.4879672392437,,6688.12,43.0743089548747,96.813407943445,,,,11.0286322881062,
Indonesia,2019.0,503.7,29.6965452848,98.85,2.24528577070833,12.7126026577522,16.2466452115754,-0.502156674861908,1.65062252853435,,,5.01928768046282,19.77,4.71323122598626,,7007.12,37.6277775362938,97.5271691518262,,,,11.0286322881062,
Indonesia,2020.0,,29.6965452848,96.95,2.07165896221472,13.6984142796138,,-0.462322682142258,1.03216235550883,,,-2.06551182934165,22.01,4.61587887746929,,6852.32,32.9721754003528,93.4882354187762,,,,11.0286322881062,
"Iran, Islamic Republic of",2013.0,,81.2890812891,99.83,7.43960075518748,8.77490977275988,5.70772079837216,-1.24968659877777,4.19440762942019,42.3554344450446,0.151276130379448,-1.52197920494163,0.99,4.24369081715534,,2925.3,47.0867179194755,99.4385814834269,0.991012606517898,,92.5600341419176,72.3346303501945,
"Iran, Islamic Republic of",2014.0,,81.2890812891,100.0,7.57057831407027,9.37842415684459,5.19538689554967,-0.874987661838531,4.37660320726983,40.2182835246532,0.147482420459635,4.98477506709494,0.93,4.4552292589335,,3122.0,45.3514201413161,100.0,0.908868457414736,,93.1761158592763,72.3346303501945,
"Iran, Islamic Republic of",2015.0,,81.2890812891,99.96,7.32579213851096,10.0916014141121,5.10488787847473,-0.924846887588501,2.78590640139257,37.3337048968002,0.0840955981655757,-1.42488493937491,0.91,4.39174736820833,,3067.0,39.4225886611796,99.8498611225074,,,93.8567452865486,72.3346303501945,
"Iran, Islamic Republic of",2016.0,,81.2890812891,99.95,7.28896617589145,9.78442038070605,,-0.81402063369751,2.94654101809586,35.5186143026941,,8.8150866425182,1.04,4.77888370383641,,2893.9,40.3878469208426,99.8368606464424,,,,72.3346303501945,
"Iran, Islamic Republic of",2017.0,,81.2890812891,99.94,7.41290262847642,9.82705877594872,,-0.933828711509705,4.23779657271443,,,2.75850524578875,0.98,4.91070946149688,,2994.8,44.7448707659087,99.7656799213619,,,,72.3346303501945,
"Iran, Islamic Republic of",2018.0,,81.2890812891,100.0,7.44512790495015,11.1333886860067,,-1.34214425086975,7.84091853784379,,,-1.83800757093036,1.0,4.82045024980817,,3087.7,58.5650897152156,100.0,,,,72.3346303501945,
"Iran, Islamic Republic of",2019.0,,81.2890812891,100.0,7.22298000274987,13.3248691743433,,-1.71146535873413,4.72634307094492,,,-3.0705879849703,1.0,4.67243408361609,,3054.0,50.7543343501077,100.0,,,,72.3346303501945,
"Iran, Islamic Republic of",2020.0,,81.2890812891,100.0,7.06335132057733,12.2129981052409,,-1.69916200637817,3.70173443362132,,,3.33028845926594,1.03,4.82803961666957,,2868.6,43.8101646870977,100.0,,,,72.3346303501945,
Iraq,2013.0,,58.7647070626,99.0236663818359,3.92042117367214,4.76843971585529,8.14248057238711,-2.01139044761658,9.4065703387331,75.4402626884036,0.0,7.62857118471159,1.46,3.79870656555918,,798.5,67.4100184095672,96.9130499974466,0.639043032728718,,61.8773749614871,118.864975649432,
Iraq,2014.0,,56.1558988764,99.2385101318359,3.6478560889955,4.92940777204755,4.32505017117223,-2.48033785820007,10.7254136171624,73.869938403222,0.0,0.197016710359037,1.0,3.98301306150469,,674.3,68.9824868569036,97.5366025165421,0.330700641375957,,57.5212489670641,113.588068181818,
Iraq,2015.0,,49.0224719101,99.4483795166016,3.52694421151988,4.19186817517212,3.7317547372392,-2.25077962875366,9.93727141565738,74.7078617670633,0.0,4.72286401884131,0.82,4.77808001831027,,644.5,69.5917685983115,98.1746782104768,,,50.1494442993529,99.1590909090909,
Iraq,2016.0,,54.0870786517,99.6540985107422,3.70255080483218,3.97718981146129,,-2.30333304405212,9.67154736946874,82.7697325210328,,13.7873730187089,0.94,4.92775572340759,,667.1,54.588320188677,98.8433709480247,,,,109.403409090909,
Iraq,2017.0,,60.481741573,99.8843765258789,3.94880897233655,2.97672780101335,,-2.29594826698303,11.4533790516097,,,-1.81975035118309,0.57,4.3265580980132,,745.0,59.7809123923157,99.6109835412848,,,,122.338068181818,
Iraq,2018.0,,47.1404494382,99.9,4.14268046621517,2.81581764320492,,-2.52095818519592,13.3753859422094,,,2.63385099105624,0.49,5.69722975686385,,833.8,65.8017917701083,99.9,,,,95.3522727272727,
Iraq,2019.0,,79.5140449438,99.9910278320313,4.34726413932218,3.77000825306199,,-2.6091480255127,12.0648101647451,,,5.51379057418826,1.04,3.56387801996034,,882.0,68.9899384202806,99.9694012406557,,,,160.835227272727,
Iraq,2020.0,,79.5140449438,100.0,3.84217781974399,6.08867413280785,,-2.47469043731689,7.31821846109153,,,-12.0367930920856,1.08,3.13490139664339,,734.7,57.7423161685355,100.0,,,,160.835227272727,
Ireland,2013.0,,5.0759277083,100.0,7.71834346349422,1.08395638430068,22.0058651026393,0.901075720787048,0.0095738326597288,48.301329787234,19.663734115347,1.17461437395743,7.71,204.614123831688,,300.748683,189.423656922593,100.0,3.69283051072214,,68.8211143695015,2.15260770979592,
Ireland,2014.0,,5.4341781628,100.0,7.63385246922327,1.24068375630422,24.7597644141352,1.05299115180969,0.0061893200139178,47.2429254571027,22.0125542467452,8.828998727303,8.78,207.9992634721,,309.309228,201.846445638508,100.0,4.22176805387632,,65.2937073775573,2.30453514734694,
Ireland,2015.0,160.8,5.7924286173,100.0,7.88760935074481,0.892228099801223,27.9654080216378,0.89533257484436,0.0026742701646707,47.7037145174371,25.0934196946511,24.4752533362377,9.52,242.894677538349,,314.314324,214.995933767668,100.0,4.80014899386715,,62.8065055695932,2.45646258510204,
Ireland,2016.0,130.9,6.1506790718,100.0,8.2033757874051,0.94664807290274,,0.833849668502808,0.0472463407413152,48.2744303797468,,1.76555687937534,8.61,232.785773481038,,323.641364,228.143600715455,100.0,,,,2.60839002265306,0.4
Ireland,2017.0,137.6,6.5089295263,100.0,7.84814955647433,1.17494887226926,,0.993408679962158,0.0689102116004979,,,9.31125930624903,10.11,240.455563834374,,325.441364,219.440135910193,100.0,,,,2.76031746040816,
Ireland,2018.0,170.2,20.0421348315,100.0,7.69902755440575,0.889228821504489,,1.01116824150085,0.0954752081133497,,,8.47029545192876,10.83,247.216124054781,,322.541364,216.53908687884,100.0,,,,2.91224489795918,
Ireland,2019.0,209,21.5688202247,100.0,7.25774875667262,0.905751115819443,,0.959303259849548,0.0498776317994419,,,5.2977280259237,12.33,241.887475869818,,320.241364,252.495271979574,100.0,,,,3.13408163265306,
Ireland,2020.0,158.5,21.6404494382,100.0,6.76822759018266,0.9233122585101,,0.965446054935455,0.018320044453045,,,6.61719466830968,13.69,257.040021108657,,280.141364,247.059718760882,100.0,,,,3.14448979591837,
Israel,2013.0,,105.5128979381,100.0,8.31348098517278,1.51936756956265,0.931150321255015,-1.10128474235535,0.0987935976086396,34.2782402985075,0.885489710055119,4.41550158737924,3.27,232.94331895954,,469.6,64.6442084762282,100.0,4.96383476670684,,98.9987280258309,163.066666666667,
Israel,2014.0,,102.1482184453,100.0,7.8773324245043,1.38817645574371,1.5144788120961,-1.03973531723022,0.111807593082751,31.360188533457,1.49310180389062,3.91912689280952,3.7,250.046340469152,,460.1,62.1637187626013,100.0,5.19155146828153,,98.4213901632875,157.866666666667,
Israel,2015.0,100.5,98.8698127858,100.0,7.9133542559158,1.4184928362045,1.89020023043627,-1.09781730175018,0.0976967257185518,33.0828379195646,1.85283218634198,2.48582628898106,3.74,264.7594038674,,478.4,59.2123001145426,100.0,5.2453220351346,,97.6691682496185,152.8,
Israel,2016.0,114.4,103.4423259425,100.0,7.63316171308214,1.44863490714464,,-0.799367249011993,0.0838268274723125,34.9168525896414,,4.52168030880658,3.99,264.498499117316,,474.1,58.0439865498867,100.0,,,,159.866666666667,
Israel,2017.0,129.6,103.6148736088,100.0,7.56387361849127,1.43197431571349,,-0.894905567169189,0.0587073274749799,,,4.27659595115593,3.89,275.350730586596,,477.3,56.5603839299762,100.0,,,,160.133333333333,
Israel,2018.0,146.3,95.9365024588,100.0,6.91499302021885,1.38556911116498,,-0.918106615543365,0.0997354758172602,,,4.0703218874397,3.85,309.493370827972,,469.8,58.893960282762,100.0,,,,148.266666666667,
Israel,2019.0,165.1,100.4227417824,100.0,6.9357521537442,1.33855300511561,,-0.815560400485992,0.0742350993525232,,,4.15613798897733,4.49,307.955543585557,,504.9,56.2695344799558,100.0,,,,155.2,
Israel,2020.0,179.4,110.0854110948,100.0,6.34521600416707,1.31645049038765,,-0.88781064748764,0.134324234023164,,,-1.85728927811242,5.61,275.707373740809,,447.2,50.9608009845713,100.0,,,,170.133333333333,
Italy,2013.0,,29.9440724097,100.0,5.75187766207853,2.14458980749233,38.905348564998,0.495499193668365,0.116142862091432,43.5848538028576,20.5752512078469,-1.84106545088248,16.32,53.6299930040734,,2909.330295,54.8675793967737,100.0,6.13189674201849,,60.0363309240072,18.6211111111233,
Italy,2014.0,,29.9337582362,100.0,5.38744255964141,1.99786088974992,43.3916063800716,0.458165407180786,0.0998509306110661,43.9661531649821,22.3410375526759,-0.0045475423638379,17.13,53.646032421931,,2869.487938,55.3221151506422,100.0,7.06293000225121,,55.4890765004531,18.6146971080548,
Italy,2015.0,731,29.9234440626,100.0,5.56329428886422,2.06523676190304,38.6792251795342,0.363257199525833,0.0566668828128587,,22.5058779238676,0.778304350716581,16.57,54.0821967452627,,2881.225374,56.4181761616088,100.0,6.32722059410873,,60.2467662539689,18.6082831050411,0.1333333333333333
Italy,2016.0,663.2,29.8426390969,100.0,5.49824437749353,1.9283733073049,,0.355933427810669,0.0271467726535307,,,1.29346273155907,16.09,54.930062389527,,2778.475924,55.3676028142217,100.0,,,,18.5580334855342,-0.4
Italy,2017.0,676.5,29.7618341312,100.0,5.43791206092819,1.97268467311393,,0.292909651994705,0.0404721933714182,,,1.66785904106857,16.43,55.9978438602871,,2722.275924,58.6041759472917,100.0,,,,18.5077838660822,
Italy,2018.0,653.3,29.6810291656,100.0,5.37694036055885,1.94542007434608,,0.326139509677887,0.0687880150631172,,,0.925810941012742,17.08,56.6701404769173,,2778.475924,60.3035512426617,100.0,,,,18.4575342465753,0.4
Italy,2019.0,721.2,29.8220107498,100.0,5.31103098673157,1.90729572312002,,0.381040453910828,0.0530133112677937,,,0.483198316597154,17.27,56.6747707898115,,2754.975924,59.8789802234549,100.0,,,,18.5452054794521,0.4
Italy,2020.0,1135,29.6457837695,100.0,4.73237277079935,2.00818689752076,,0.39929535984993,0.0353991756272992,,,-8.97419212060699,18.69,51.8953326681922,,2383.675924,55.2657057698714,100.0,,,,18.4356164383562,
Jamaica,2013.0,,14.0474650546,93.9,2.66929522571795,5.97047963265033,9.84222389181067,0.182374373078346,0.406872763356763,96.9965039577836,6.93713999499123,0.5176860128024,11.39,9.18406659535189,,62.0,83.2595719840011,90.6854308245381,0.528490530109547,,90.1577761081893,14.0474650549755,
Jamaica,2014.0,,14.3213526749,93.3,2.58257818248811,5.97248983885497,9.79631425800194,0.0244925320148468,0.379890597810691,89.2468513513514,6.49854510184287,0.689822357374339,11.88,9.07056875315018,,62.5,84.74099862313,89.1535579237531,0.569707729933871,,90.2036857419981,14.3213526748591,
Jamaica,2015.0,707.4,7.6688533678,94.9,2.53671122530592,6.30833589909362,10.2620087336245,0.0859657227993011,0.0,94.7685596707819,7.13245997088792,0.92148712538031,12.12,17.095104769198,,61.4,76.1175216623476,91.13658216385,,,89.7379912663755,7.66885336782777,
Jamaica,2016.0,694.2,12.4734362007,96.584846496582,2.69365735479601,6.59878760345831,,0.295468419790268,0.0599155079295538,97.7551225806452,,1.37522306445538,11.13,10.6548640682131,,66.3,76.455202373685,93.0223182012941,,,,12.4734362006837,
Jamaica,2017.0,688,12.4734362007,97.3688812255859,2.57266121060713,6.63178586034485,,0.298302531242371,0.150645058718079,,,0.997123062335191,10.98,10.7611061750977,,65.4,83.523172517513,94.3442761482406,,,,12.4734362006837,
Jamaica,2018.0,647.2,12.4734362007,98.1504211425781,3.05458890724385,6.59217827491514,,0.423851728439331,0.225330298238788,,,1.88992368121086,8.88,10.9644828690612,,72.9,89.9779060412351,95.8688489200148,,,,12.4734362006837,
Jamaica,2019.0,654.6,12.4734362007,98.930305480957,2.98328969678791,7.01964952215967,,0.388235539197922,0.165455832256211,,,0.892291653822227,9.2,11.0623180345866,,76.7,90.1106076335994,97.5700438861024,,,,12.4734362006837,
Jamaica,2020.0,652.6,12.4734362007,99.709358215332,2.06904180772051,8.6832359903362,,0.258638471364975,0.0967229892615558,,,-9.92032244889079,11.43,9.96490041523378,,50.9,,99.334748216567,,,,12.4734362006837,0.4
Japan,2013.0,,36.9435796388,100.0,9.94449527247048,1.06671782970179,12.2052917942741,1.01914191246033,0.0061204933026938,40.6170635260528,4.83434239522823,2.0051001767726,5.05,54.3071334437381,,8752.329164,33.9787686509511,100.0,2.43115393600386,,81.5973536309712,18.686578073093,
Japan,2014.0,,36.8436124795,100.0,9.56430591784783,0.996605700341743,14.0593593575553,0.96859735250473,0.0082317228176372,39.864668803594,6.30046963498235,0.296205514142628,5.58,54.6157812677311,,8377.787343,37.4314345686579,100.0,2.22189362602368,,82.7927298114346,18.6360132890465,
Japan,2015.0,322.7,36.7436453202,100.0,9.26804964566898,1.03412007048647,15.9847807230219,1.05422055721283,0.0080119430043036,38.8888220905628,7.75568791016029,1.56062669674904,6.16,55.6190399443718,,8431.220653,35.4274083544798,100.0,3.09202073923516,,80.2593729534245,18.5854485049767,-0.4
Japan,2016.0,284.2,36.6436781609,100.0,9.16671440712644,1.12498130848332,,0.968189001083374,0.0052854361299092,37.7866382673576,,0.753826745903538,6.38,56.1911885577861,,8339.429715,31.3102468455884,100.0,,,,18.5348837209302,
Japan,2017.0,691.9,36.4597701149,100.0,9.06369120751032,1.12844054943922,,1.10012650489807,0.0063023213081212,,,1.67533175166503,6.92,57.4207618826256,,8371.129715,34.4232135721686,100.0,,,,18.4418604651163,0.2
Japan,2018.0,871.9,36.367816092,100.0,8.76197885041518,1.044248235947,,1.03735864162445,0.0080014947763808,,,0.643391023460339,7.26,57.9363212576151,,8254.629715,36.609931802107,100.0,,,,18.3953488372093,
Japan,2019.0,831.6,36.0459770115,100.0,8.47840057488964,1.03894744464527,,1.01969504356384,0.0069206667751621,,,-0.402169200910947,7.76,58.2185274246741,,8128.829715,35.2164181084145,100.0,,,,18.2325581395349,
Japan,2020.0,1164.6,36.0459770115,100.0,8.0314958696668,1.0280803083165,,1.02606689929962,0.0045870055407853,,,-4.27860368763963,8.45,55.7275873633925,,7722.129715,31.3679689783974,100.0,,,,18.2325581395349,-0.2
Jordan,2013.0,,99.7895669509,99.6945571899414,3.09347308459958,3.58301864444177,0.370735098186874,-0.6063152551651,0.0166751996513918,82.6307605042017,0.0521346231825291,2.60994737548631,3.12,40.4160260156208,,173.7,111.451527997628,97.3365156843501,1.93579379773515,,99.6292649018131,132.111436950147,
Jordan,2014.0,,107.4094584118,99.7919235229492,2.95137713839159,3.96844457372356,0.362239297475302,-0.540025532245636,0.0118659655036432,87.6984759671747,0.0439077936333699,3.38407809933472,3.1,38.8194947891048,,180.5,109.938805535022,97.9424447970535,1.91772585795846,,99.6377607025247,142.199413489736,
Jordan,2015.0,,96.1568279987,99.8927612304688,2.66573038027454,4.39226865861151,0.967708004628169,-0.606864869594574,0.008728877107338,75.8704613564669,0.688966025034185,2.49652879315188,3.19,44.4448489833264,,185.0,95.3579122266791,98.8994375224517,,,99.0322919953718,127.302052785924,
Jordan,2016.0,,100.0775279654,99.9518280029297,2.4817715734492,4.50634129998352,,-0.496246248483658,0.0048385602198756,59.8284473049075,,1.9941808493012,4.67,43.5552377250436,,187.2,88.7207178954687,99.4926056508591,,,,132.492668621701,
Jordan,2017.0,,100.4430169454,100.0,2.54731566057105,4.44200042789941,,-0.434904038906097,0.0051922523271365,,,2.47359815449045,5.26,44.4702114707779,,206.2,90.0684092383148,100.0,,,,132.976539589443,
Jordan,2018.0,,102.2261601506,99.9,2.36236318537572,4.38084392944674,,-0.379783809185028,0.0073085483419426,,,1.91907263610851,7.17,44.5330416516784,,201.7,87.9639084995962,98.8914749508258,,,,135.33724340176,
Jordan,2019.0,,104.3127699635,99.9,2.16362144761182,4.37195651485901,,-0.274439603090286,0.0074769356096419,,,1.75123905880616,8.46,44.4065092823388,,192.1,85.8214387441846,98.8632486614965,,,,138.099706744868,
Jordan,2020.0,,104.3127699635,99.9,1.9191724264898,4.64657447164546,,-0.267881631851196,0.0152992457297432,,,-1.10275188309046,11.04,43.916815665013,,162.1,,98.8347706532553,,,,138.099706744868,
Kazakhstan,2013.0,,31.2482662968,100.0,15.2631047859855,4.50354556962711,7.50538385425761,-0.402473896741867,7.34702402658142,18.5452867285636,0.0058203829812001,5.99999999671084,1.16,7.76111616262365,,1134.20001,65.4076093299538,100.0,0.520312679642313,,92.4946161457424,35.011655011655,
Kazakhstan,2014.0,,32.0110957004,100.0,12.1042254914238,4.32955246164473,7.87775535843454,0.0360181555151939,7.13119543551247,15.7575758904644,0.0133247040012183,4.20000000566705,1.34,7.89436659158858,,1053.200009,64.9720346513507,100.0,0.60888813034448,,92.1222446415655,35.8663558663559,
Kazakhstan,2015.0,,30.0416088766,100.0,10.8910512947587,4.71054741881579,8.87402787692077,-0.0383530743420124,3.56741986896039,21.6676684088269,0.168125633993313,1.20000000053288,1.72,8.51285340286435,,950.300011,53.0497288072652,100.0,,,91.1259721230792,33.6596736596737,
Kazakhstan,2016.0,,30.0,100.0,11.3788397304605,4.55600427070659,,0.0014629734214395,3.72608242428358,19.1423253519864,,1.09999999910173,2.07,8.6184316761975,,1040.600007,60.3115965864153,100.0,,,,33.6130536130536,
Kazakhstan,2017.0,,31.1373092926,100.0,11.9137581041033,4.51698454026741,,0.0243722945451736,5.54140615153246,,,4.10000000257358,2.01,8.64408734629629,,1052.100007,56.825387935971,100.0,,,,34.8873348873349,
Kazakhstan,2018.0,,32.6518723994,100.0,11.8675495659661,4.39585810287636,,-0.0526988133788109,9.02731857906734,,,4.09999999309841,1.88,8.58109808465113,,1065.100007,63.5279565118188,100.0,,,,36.5843045843046,
Kazakhstan,2019.0,,32.6158113731,100.0,11.0508703486337,4.46633595812751,,-0.167979881167412,7.87586530215463,,,4.50000000091883,1.85,8.97716195826721,,1017.600007,64.8586165517565,100.0,,,,36.5439005439005,
Kazakhstan,2020.0,,34.0984743412,100.0,11.2977433059429,5.3912826934481,,-0.257630288600922,3.90181185015528,,,-2.49999999628,1.78,8.37214834668292,,1090.200007,57.0264423660931,100.0,,,,38.2051282051282,
Kenya,2013.0,,26.5391591096,40.0921516418457,0.32120873806002,18.6165515854622,69.2879675529518,-1.16693091392517,0.0143303258313731,69.5169574468085,24.8422712933754,3.7978483925754,76.55,19.7591598480605,3.5,556.4,47.4646425127304,29.2575094807861,1.98173071194142,3.5,30.7120324470482,15.551690821256,
Kenya,2014.0,,26.5424567189,36.0,0.364375325524079,18.3478393393556,81.4862821343703,-1.28224718570709,0.0127605915149923,68.2164471057884,45.7334197450853,5.02011100232484,74.31,20.7485135099449,3.5,585.6,46.170489362216,25.0723280039754,2.23894077499308,3.5,18.5137178656297,15.5536231884058,
Kenya,2015.0,7027.9,26.5457543281,41.6,0.386120073710359,19.4696147780528,87.5142472282665,-1.24134790897369,0.0043967487649603,73.3185430076068,48.2747901771837,4.96772112759767,71.96,21.7765363033652,3.5,631.3,40.3273846919019,29.0025850542399,,3.5,12.4857527717335,15.5555555555556,
Kenya,2016.0,8547.6,33.2399010717,53.1,0.403178474765564,20.0345164328349,,-1.35445654392242,0.0034385066365059,70.6635002663825,,4.21351706814744,71.07,18.1237559263629,3.5,660.1,34.8650195731824,42.0779276682605,,3.5,,19.4782608695652,
Kenya,2017.0,10578.6,33.2399010717,55.8319931030273,0.41058150997657,20.8936374065292,,-1.12843835353851,0.0,,,3.83795817364721,71.03,18.8193380983106,3.5,660.2,35.9950578754074,45.7714972942856,,4.0,,19.4782608695652,
Kenya,2018.0,11670,33.2399010717,61.1806144714355,0.385437968227287,20.314910419968,,-1.17969214916229,0.0008523793567101,,,5.64794640709219,71.63,19.8822442282727,3.5,686.6,34.4147531767425,51.5516712403075,,3.5,,19.4782608695652,
Kenya,2019.0,12690.3,33.2399010717,69.7,0.382362032876395,20.8611638110686,,-1.10573601722717,0.0017467553444239,,,5.11415885767801,71.42,20.8990537825781,3.5,714.4,31.7594667253776,61.69374174168,,4.0,,19.4782608695652,
Kenya,2020.0,13551.3,33.2399010717,71.4927139282227,0.374079219355755,22.7027261604451,,-1.00722682476044,0.0,,,-0.272766327438816,72.5,20.8420482011059,3.5,717.8,27.2363493658931,62.6979638519941,,4.0,,19.4782608695652,
Kenya,2021.0,14840.2,,76.5424499511719,,21.4770750957252,,-1.03241419792175,0.0,,,7.59048947333467,,,4.0,,30.6892819236191,68.172482281834,,4.0,,,-0.4
Kiribati,2013.0,,,78.8341751098633,0.563052130861081,23.1182421634075,0.0,1.28392601013184,0.0,85.5633333333333,,4.16157447719831,46.15,,3.0,0.0,106.19504210398,68.4462366433234,,2.5,,,
Kiribati,2014.0,,,83.3857498168945,0.522676870896204,23.990373017691,0.0,0.801865816116333,0.0,97.7866666666667,,-1.09628859925108,48.0,,3.0,0.0,117.068483542502,77.4998221897117,,2.5,,,
Kiribati,2015.0,,,90.5581814089579,0.520105906243841,21.6811426433686,7.27272727272727,0.821486234664917,0.0,103.898333333333,,9.86517472141171,47.33,,3.0,0.0,123.08403595642,92.9568282037272,,2.5,,,
Kiribati,2016.0,,,92.569709777832,0.47842852682828,26.3384963399206,,0.846926331520081,0.0,82.5075,,-0.478196754652373,48.09,,3.0,0.0,128.679547947499,,,2.5,,,
Kiribati,2017.0,,,85.6744232177734,0.60401123278111,30.4385772357724,,0.855434954166412,0.0,,,0.186027236937676,42.66,,3.0,0.0,119.105691056911,,,2.5,,,
Kiribati,2018.0,<100,,87.4659194946289,0.598719133656685,25.3104942965779,,0.998590290546417,0.0,,,5.11363636363636,42.52,,3.0,0.0,96.5779467680608,,,2.5,,,
Kiribati,2019.0,<100,,89.2557525634766,0.592397034795277,25.9036152713859,,1.12423300743103,0.0,,,-2.16216216216216,42.59,,3.0,0.0,119.84126984127,90.0699898415889,,2.5,,,
Kiribati,2020.0,<100,,91.0447616577148,0.449933972782553,26.4833926278798,,1.16373264789581,0.0,,,-1.65745856353591,42.75,,3.0,0.0,95.3488372093023,94.3114367448246,,2.5,,,
Kiribati,2021.0,<100,,92.8336334228516,,23.0932819471024,,1.13891088962555,0.0,,,7.86516853932584,42.8,,3.0,,93.3993399339934,,,2.5,,,
"Korea, Republic of",2013.0,,85.2218330414,100.0,11.8900369278382,2.09904711367279,1.63285870185595,0.278578639030457,0.0396480273458295,27.4092358275885,0.835485256306575,3.16470863647184,1.92,47.3244614470762,,3365.5,97.9521049538882,100.0,14.1627433118238,,72.3371463735218,45.0223592906708,
"Korea, Republic of",2014.0,,85.2218330414,100.0,11.5887156236236,2.05667705037638,1.56686805919401,0.108568802475929,0.0350954155259915,26.6677255972696,1.06271502529925,3.2024537945736,2.87,48.8400054584496,,3385.4,90.6144418981567,100.0,15.6140052680816,,69.4956271319335,45.0223592906708,
"Korea, Republic of",2015.0,,85.2218330414,100.0,11.9146864937447,2.00390779269061,1.89466631222848,0.156361043453217,0.0162225688968208,28.5259479645843,1.50393462800377,2.80910326824133,2.74,50.2119716479922,,3567.9,79.132494389092,100.0,15.9628201690884,,67.724397606814,45.0223592906708,
"Korea, Republic of",2016.0,,85.2218330414,100.0,12.0162045997951,1.85903488299151,,0.153576508164406,0.0137284256143089,30.6301089820749,,2.94688171508626,2.56,51.6916590592712,,3636.7,73.6038094655981,100.0,,,,45.0223592906708,
"Korea, Republic of",2017.0,,85.2218330414,100.0,12.1914934200949,1.8507562953431,,0.381892830133438,0.0150657684283646,,,3.15963574012777,2.84,53.3249271935729,,3758.4,77.1209178066416,100.0,,,,45.0223592906708,
"Korea, Republic of",2018.0,,85.2218330414,100.0,12.2164561683734,1.74640339447114,,0.638081014156342,0.0232472824408807,,,2.90740377377135,3.18,54.8752981391596,,3758.3,78.9888655134363,100.0,,,,45.0223592906708,
"Korea, Republic of",2019.0,,85.2218330414,100.0,11.8252835873752,1.66793097899135,,0.546021044254303,0.0185949676871345,,,2.24397786011012,3.23,56.1066876800718,,3721.2,75.757138965219,100.0,,,,45.0223592906708,
"Korea, Republic of",2020.0,,85.2218330414,100.0,10.9900295814285,1.76572048133322,,0.608559489250183,0.0103497644795792,,,-0.709415359397681,3.63,55.7086582200201,,3453.7,69.0340450909562,100.0,,,,45.0223592906708,
Kosovo,2013.0,,,,,8.43161126110458,2.19157088122605,-0.966146647930145,0.0582037251814439,,0.0,5.3407995117233,,,3.0,,75.1034836607029,,0.383520484232539,3.5,97.8084291187739,,
Kosovo,2014.0,,,,,8.29870640805469,2.77777777777778,-0.340774536132813,0.0408864447353822,,0.0,3.34880329317689,,,3.0,,77.0760521643276,,0.519176378508478,3.5,97.2222222222222,,
Kosovo,2015.0,,,,,7.67716823366887,2.2879555482922,-0.200406447052956,0.0341331132441498,,0.0,5.91623248035947,,,3.0,,74.0204422546574,,,3.5,97.7120444517078,,
Kosovo,2016.0,,,,,8.17152319317784,,-0.285933345556259,0.038777957541095,,,5.5717745349217,,,3.0,,75.0188123077463,,,4.0,,,
Kosovo,2017.0,,,,,7.40871957581394,,-0.244493424892426,0.0411560583605207,,,4.82565635604956,,,3.0,,80.4101373469745,,,4.0,,,
Kosovo,2018.0,,,,,6.53116433269115,,-0.675402104854584,0.0448142309887685,,,3.40663099060228,,,3.0,,86.3150846710967,,,4.0,,,
Kosovo,2019.0,,,,,7.23866991904392,,-0.348640084266663,0.0342469607147496,,,4.75680062210702,,,3.5,,85.7534085053482,,,4.0,,,
Kosovo,2020.0,,,,,7.36200975780916,,-0.279240250587463,0.030771814430118,,,-5.34027515202294,,,3.5,,75.6080171280001,,,4.0,,,
Kosovo,2021.0,,,,,6.92330553068501,,-0.113625250756741,0.0525272352236925,,,10.7456567508925,,,3.5,,98.6384304855253,,,4.0,,,
Kuwait,2013.0,,3195.3076923077,100.0,23.9581430833469,0.355117518793491,0.0,0.166055589914322,13.4908245877568,68.3938939713817,0.0,1.14930043706521,0.0,177.35750828615,,378.3,97.606702286398,100.0,0.0,,100.0,,
Kuwait,2014.0,,3297.1538461538,100.0,22.7499904295637,0.450686941097421,0.0,0.149006545543671,12.5350068381017,61.9020136396267,0.0,0.500876982158658,0.0,172.73999520967,,378.7,100.036945094404,100.0,0.0,,100.0,,
Kuwait,2015.0,190.6,3399.0,100.0,22.7750200000358,0.537517441034076,0.0,-0.219549298286438,8.50032797845304,58.3579475238528,0.0,0.593019617221231,0.01,168.5577772307,,392.7,98.6995732929543,100.0,,,100.0,,
Kuwait,2016.0,197.6,3575.0,100.0,22.5726979547119,0.518216222920707,,-0.0565007105469704,7.56386983899702,60.8433144192256,,2.92586822591576,0.01,164.948531397519,,393.7,96.1589075409082,100.0,,,,,
Kuwait,2017.0,204.9,3850.5,100.0,21.9104008238737,0.525092139249465,,-0.0512296371161938,7.90073960853875,,,-4.71210620851997,0.02,145.930173623169,,407.7,97.840046457409,100.0,,,,,
Kuwait,2018.0,210,3850.5,100.0,21.4612299449757,0.447338717522774,,0.0905337333679199,10.0560199491936,,,2.43398126850201,0.03,149.482086714249,,423.3,103.115458424135,100.0,,,,,
Kuwait,2019.0,215.7,3850.5,100.0,21.1352142487222,0.384579811539612,,0.175113588571548,8.71605161904174,,,-0.551959331708446,0.06,148.657006387397,,422.2,98.1829442370446,100.0,,,,,
Kuwait,2020.0,215.1,3850.5,100.0,21.1696102506992,0.457473273148835,,0.225190043449402,,,,-8.85527888535746,0.1,135.493013889169,,359.5,,100.0,,,,,
Kyrgyzstan,2013.0,,50.0389559797,98.93,1.65308762850549,14.6378725497812,93.476554136036,-0.911773800849915,0.0967631691389069,51.1738059701493,0.0,10.9154694543144,24.81,0.801907732210761,2.5,100.2,134.026785643922,98.9189840761136,20.904031642657,3.5,6.52344586396403,15.7510729613734,
Kyrgyzstan,2014.0,,50.0389559797,99.8,1.687687430383,14.7186631194877,91.2572055997804,-0.804615676403046,0.08858893890771,45.3559938208033,0.0,4.02403862576848,26.6,0.834176809097946,2.5,92.8,125.126181075833,99.7446360775502,22.7125830672669,3.5,8.7427944002196,15.7510729613734,
Kyrgyzstan,2015.0,,50.0389559797,98.69,1.72348033373063,14.0607643300857,85.1880276285495,-0.882429659366608,0.0049935349728568,47.0961343719572,0.0,3.87582544821412,23.51,0.866508046148064,2.5,84.7,110.961570714633,98.7067122356693,,4.0,14.8119723714505,15.7510729613734,
Kyrgyzstan,2016.0,,50.0389559797,99.71,1.59151245990624,12.8344731564928,,-0.652019679546356,0.0105496946163461,52.7367525773196,,4.33585591715959,22.16,0.904078586539639,2.5,95.1,105.823574017406,99.8110040867579,,4.0,,15.7510729613734,
Kyrgyzstan,2017.0,<100,50.0389559797,100.0,1.52286147591236,12.5145788958853,,-0.362933784723282,0.0212545735872917,,,4.73993722539467,24.73,0.946931344009853,2.5,58.3,100.617445813258,100.0,,4.0,,15.7510729613734,
Kyrgyzstan,2018.0,<100,50.0389559797,100.0,1.78825836654647,11.6752864842384,,-0.529558122158051,0.029520573396249,,,3.75791012480495,23.39,0.982516172861351,3.0,57.0,98.8755599017608,100.0,,3.5,,15.7510729613734,
Kyrgyzstan,2019.0,<100,50.0389559797,99.8846740722656,1.55159381679626,10.3739026248931,,-0.266192227602005,0.0225371455338571,,,4.60062566646752,28.31,1.02771806408721,3.0,46.6,,99.9134893664524,,3.0,,15.7510729613734,
Kyrgyzstan,2020.0,<100,50.0389559797,99.865119934082,1.37997537956504,12.1696556730884,,-0.45618799328804,0.0103844848901373,,,-7.14897757727955,30.04,0.954246730127959,3.0,51.0,,99.8791250545491,,3.0,,15.7510729613734,
Kyrgyzstan,2021.0,<100,,99.6737289428711,,12.4122330298243,,-0.467156112194061,0.0135669187744941,,,5.50700762839922,,,3.0,,,99.5812652295664,,3.0,,,
Lao People's Democratic Republic,2013.0,,4.6395045632,79.287239074707,0.630353375423551,17.9304984280697,99.9651873436654,0.0674438998103142,0.0,58.8032992327366,,8.02630022699017,58.57,1.75598715568083,3.5,105.5,98.1791466159604,70.5728435409618,,3.5,,3.73792016806723,
Lao People's Democratic Republic,2014.0,,4.9348109518,82.5017318725586,0.649260982740074,17.8487917824206,99.9667487290981,0.498692989349365,0.0,54.6731447963801,,7.61196343979319,58.25,1.77657266919426,3.5,110.6,99.0597382933399,75.0053530671595,,3.5,,3.97584033613445,
Lao People's Democratic Republic,2015.0,,5.1173402868,89.7,1.3076988469402,17.5877596970627,86.3699995757859,0.53887152671814,0.0,33.4518475750577,,7.27006584373785,53.27,1.83775556523432,3.5,130.7,85.798321703681,85.6909278143887,,3.5,,4.12289915966387,
Lao People's Democratic Republic,2016.0,,4.9934810952,89.0115585327148,2.27853328869775,17.2301765948066,,0.524906516075134,0.0,19.0034635416667,,7.02283625501138,51.7,2.01560343542852,3.5,168.1,75.0918909204124,84.0675436914726,,3.5,,4.02310924369748,
Lao People's Democratic Republic,2017.0,,4.7718383312,93.6,2.72288168036289,16.1997598561979,,0.394011855125427,0.0,,,6.8925308726989,50.58,2.25460330021414,3.5,183.0,,90.5104829155955,,3.0,,3.84453781512605,
Lao People's Democratic Republic,2018.0,,4.7718383312,92.9,2.76759794432264,15.7091868201084,,0.407829284667969,0.0,,,6.24796000755872,50.21,2.39547001274061,3.5,184.7,,89.3455296158269,,3.0,,3.84453781512605,
Lao People's Democratic Republic,2019.0,645.3,4.7913950456,98.397346496582,2.65817514097581,16.0503390570341,,0.530268251895905,0.0,,,5.4577350924848,48.72,2.51589736547935,3.5,173.5,,97.5795196738241,,3.0,,3.86029411764706,
Lao People's Democratic Republic,2020.0,608.9,4.7913950456,99.3113632202148,2.6202834413044,16.3377623592616,,0.693885385990143,0.0,,,0.503031829018681,49.91,2.52855313001316,3.5,171.6,,98.9541864880003,,3.0,,3.86029411764706,
Lao People's Democratic Republic,2021.0,538.3,,100.0,,16.0676970155401,,0.712418019771576,0.0,,,2.52835100486102,50.01,,3.5,,,100.0,,3.0,,,
Latvia,2013.0,,1.390689452,100.0,3.7027854362936,3.1736633813955,56.9173779996779,0.593635261058807,0.0705971448194518,47.2526174496644,10.0177162183927,2.00796687876637,39.6,109.125364638664,,142.514474,125.157855220952,100.0,7.41799417595152,,43.0504106941536,1.39315230224321,
Latvia,2014.0,,0.9929286977,100.0,3.65250564003487,3.54078138807732,54.5419179148026,0.487268358469009,0.0702132494014572,50.4716208791209,15.7556895545614,1.90217268380506,40.24,155.747559250788,,147.5147,125.279273059175,100.0,6.84384598600371,,45.4580820851974,0.994687131050767,
Latvia,2015.0,<100,1.0412492634,100.0,3.69951965257617,3.49467522671827,50.1716970901862,0.436310410499573,0.0273720281181398,51.4482103825137,16.5552141695283,3.88526005426763,38.1,154.290269083541,,144.506079,122.299364735473,100.0,,,49.8283029098138,1.043093270366,
Latvia,2016.0,<100,1.0952143017,100.0,3.64642259880778,3.25954215081562,,0.467219561338425,0.0148905728804009,52.6201678321678,,2.36861474664423,38.48,150.162318015575,,140.205863,118.910633122655,100.0,,,,1.09715387839433,
Latvia,2017.0,<100,1.0672808544,100.0,3.66415617367092,3.55239259613126,,0.452953696250916,0.0284610080250479,,,3.31247593587459,42.6,159.196722003348,,147.705863,123.852311441934,100.0,,,,1.0691709622196,
Latvia,2018.0,<100,1.0804301709,100.0,4.03969750525899,3.5951600552605,,0.395304828882217,0.0634751560734816,,,3.99051924069269,40.97,163.534686695423,,159.705863,123.622898695446,100.0,,,,1.08234356552538,
Latvia,2019.0,<100,1.0526163819,100.0,3.95496550880907,3.75974528265568,,0.42679351568222,0.0469010774792983,,,0.587502383494098,41.48,168.841999468456,,154.905863,120.743136668005,100.0,,,,1.05448051948052,
Latvia,2020.0,<100,1.0678314673,100.0,3.64561216849281,4.00184168020006,,0.462128847837448,0.0242158311769009,,,-3.51380284197906,43.75,160.587998862667,,145.005863,120.197288812401,100.0,,,,1.0697225501771,
Lebanon,2013.0,,54.1466580143,99.607048034668,4.0931695513758,3.9553991560217,7.25681935151827,-1.69035339355469,0.0,82.4917211703959,0.0,3.8278734986016,5.92,29.0597575283213,,186.1,86.1743285920565,96.7817215451122,1.74558687916459,,92.7431806484817,34.7666666666667,
Lebanon,2014.0,,56.4698247891,99.6748962402344,4.00854782860099,4.02280590517852,1.07508912655971,-1.69794130325317,0.0,82.9706535685646,0.0,2.48406010500743,4.24,28.5564045090113,,199.6,79.8171565925627,97.3027134368243,0.523449394052419,,98.9249108734403,36.2583333333333,
Lebanon,2015.0,,58.7929915639,99.7377777099609,4.2220742810528,3.28466326670943,2.60382691889541,-1.69836449623108,0.0,77.8271608133087,0.0,0.462320792597581,4.17,27.5548222057483,,225.5,71.8390426347811,97.7953399721156,,,97.3961730811046,37.75,
Lebanon,2016.0,,58.7929915639,99.796501159668,4.43470037080065,2.72714945763945,,-1.61568403244019,0.0,77.1639122617763,,1.55454940856943,3.96,27.9831755313801,,237.6,67.7236177908116,98.2657325867051,,,,37.75,
Lebanon,2017.0,,58.7929915639,99.8519134521484,4.77487260306172,2.79291148520091,,-1.62222683429718,0.0,,,0.903028464073813,3.97,28.2358715715802,,249.0,68.4554292593276,98.7201931262958,,,,37.75,
Lebanon,2018.0,247.7,58.7929915639,99.7,4.60461121532611,3.23189728304163,,-1.62153577804565,0.0,,,-1.88470575631651,4.75,27.7037084747245,,226.7,68.2573073043718,97.3700351496439,,,,37.75,
Lebanon,2019.0,394.6,58.7929915639,99.9504852294922,4.65529798386588,3.16909985150245,,-1.67229104042053,0.0,,,-6.91492472851026,5.13,25.7880178866914,,233.2,62.98091601016,99.5595555118253,,,,37.75,
Lebanon,2020.0,579.4,58.7929915639,99.9830703735352,3.79219353680069,3.07825000560689,,-1.62113451957703,0.0,,,-21.3998996914321,6.71,20.2694079265309,,179.4,50.1298042879627,99.8471366233198,,,,37.75,
Lesotho,2013.0,,2.5659050967,26.8844661712646,1.06391750191303,5.06436346227762,100.0,0.338074296712875,0.0,25.9412227074236,,1.79252555575545,45.58,51.3634521317309,3.5,0.0,133.36548975517,14.8296445703826,,3.5,,0.837476099426386,
Lesotho,2014.0,,2.5659050967,27.8,1.12111154701939,3.9607145663379,100.0,-0.332812041044235,0.0,24.9229004329004,,1.71054990545476,42.39,52.2420496136085,3.5,0.0,126.292475360578,15.6484132390366,,3.0,,0.837476099426386,
Lesotho,2015.0,,2.5659050967,31.774808883667,1.01212119209581,3.78190344669127,100.0,-0.3187076151371,0.0,28.612466367713,,3.12406678044546,44.94,53.8741261310111,3.5,0.0,129.722773082867,19.6967827803321,,3.0,,0.837476099426386,
Lesotho,2016.0,,2.5659050967,35.0725173950195,0.991756970565407,4.88462268379996,,-0.244855865836143,0.0,35.3776651982379,,3.60890731687714,43.55,55.8183934108568,3.5,0.0,135.221901833997,23.3058314808607,,3.5,,0.837476099426386,
Lesotho,2017.0,,2.5659050967,33.7,1.10673601100517,4.96482097173437,,-0.194125235080719,0.0,,,-3.13817493733471,39.62,54.0667145784144,3.5,0.0,146.402071707495,20.2167844304697,,3.5,,0.837476099426386,
Lesotho,2018.0,593.5,2.5659050967,47.0,1.03575177080068,4.24977543430507,,-0.188686534762383,0.0,,,-1.48063315848241,40.22,53.2661848746643,3.5,0.0,144.434955465602,,,3.5,,0.837476099426386,
Lesotho,2019.0,645,2.5659050967,44.5633964538574,1.03342675704115,4.51810806123193,,-0.427999049425125,0.0,,,-1.41799383085205,39.47,52.5108736592114,3.5,0.0,142.226138607513,32.601972317301,,3.5,,0.837476099426386,
Lesotho,2020.0,697,2.5659050967,47.497013092041,1.02564216316934,5.27193119789008,,-0.253533631563187,0.0,,,-7.4587170594629,41.42,48.5942361675188,3.5,0.0,139.799939658612,35.2109318275758,,3.5,,0.837476099426386,
Lesotho,2021.0,749.1,,50.3774719238281,,6.11705429091183,,-0.213269129395485,0.0,,,1.85267852107842,32.29,,3.5,,141.984211072392,37.7331949120421,,3.5,,,
Liberia,2013.0,,0.2643115942,9.8,0.204460357783604,39.5299619498073,0.0,-0.475507080554962,0.0,88.2497802197802,,8.68728781639683,87.53,21.9684298008542,3.0,0.0,,3.46263020268362,,3.0,,0.07295,
Liberia,2014.0,,0.2643115942,9.4,0.266650558326574,36.4990829760929,0.0,-0.615449607372284,0.0,88.3686885245902,,0.701393100287518,91.16,22.1225148517189,3.0,0.0,,4.12869606738404,,3.0,,0.07295,
Liberia,2015.0,1780.7,0.2643115942,15.2267560958862,0.270535774876424,34.4037544579447,0.0,-0.817833304405212,0.0,86.4364285714286,,-0.0185649695590939,91.93,22.1184078135709,3.0,0.0,,5.16985153907994,,3.0,,0.07295,
Liberia,2016.0,1804.6,0.2643115942,17.7,0.297038076350742,35.9187135102446,,-0.441768199205399,0.0,89.7244680851064,,-1.5549586174878,92.78,21.7744757252227,3.0,0.0,,4.06213951163878,,3.0,,0.07295,
Liberia,2017.0,1835.6,0.2643115942,24.2,0.264435600737267,35.9426159185731,,-0.32053479552269,0.0,,,2.45515592012239,93.56,22.3090730550661,3.0,0.0,,7.4391317456297,,3.0,,0.07295,
Liberia,2018.0,,0.2643115942,22.7701358795166,0.230417244192579,35.4966999096751,,-0.203764617443085,0.0,,,1.15757512207355,94.42,22.5673173347168,3.0,0.0,,7.68151369113971,,2.5,,0.07295,
Liberia,2019.0,1860.3,0.2643115942,23.1,0.229916460209228,36.4371513224574,,-0.339135408401489,0.0,,,-2.46729763532686,89.71,22.0105144477606,3.0,0.0,,8.27208747282487,,2.5,,0.07295,
Liberia,2020.0,1898.1,0.2643115942,27.5597496032715,0.231838923937177,41.0519665820445,,-0.314182639122009,0.0,,,-2.98249127649473,92.96,21.3540527744446,3.0,0.0,,8.1403337848246,,2.5,,0.07295,
Liberia,2021.0,1949.7,,29.8482437133789,,36.9620974636649,,-0.286361515522003,0.0,,,4.98671283481617,92.94,,3.0,,,8.0555468849698,,2.5,,,
Libya,2013.0,,817.1428571429,77.0674057006836,9.98581338934686,2.41548515289585,0.0,-1.84407651424408,9.9720716556047,64.9843880705583,0.0,-17.9979615745681,2.39,11.1613033427046,,433.5,106.334360918106,,0.0,,100.0,817.142857142857,
Libya,2014.0,,817.1428571429,75.4517288208008,9.72308866003998,3.51667860719144,0.0,-2.35340714454651,3.66094293404142,60.7174120603015,0.0,-23.0428058282215,2.31,8.58942588554635,,461.8,76.5248826381117,,0.0,,100.0,817.142857142857,
Libya,2015.0,692.3,817.1428571429,73.8310775756836,8.28960787179427,4.3862973349324,0.0,-2.18965125083923,1.81341364354737,61.6865137444279,0.0,-0.842656252118843,3.05,8.51704655130068,,386.9,56.9049073326884,,,,100.0,817.142857142857,
Libya,2016.0,780.8,817.1428571429,72.2062683105469,7.75123857963044,4.61177989572916,,-2.27473783493042,1.32132282862655,58.3510121141071,,-1.4909411172622,2.82,8.39006240229097,,427.5,41.1101760615135,,,,,817.142857142857,
Libya,2017.0,913.7,817.1428571429,70.5781478881836,8.16760242329375,3.87477645520451,,-2.35357475280762,3.83954220531732,,,32.4918021862688,3.0,11.1161448813479,,414.9,47.5489661921214,,,,,817.142857142857,
Libya,2018.0,1082.1,817.1428571429,67.0,8.35162531436247,3.66012922036917,,-2.43496870994568,6.4449536732866,,,7.9413678529104,2.98,11.9989188374382,,410.7,63.7811335968183,,,,,817.142857142857,
Libya,2019.0,1223.6,817.1428571429,68.4728927612305,8.32576759513649,4.0887897516923,,-2.56577134132385,7.6962791895323,,,-11.1956945908638,3.0,10.655556530193,,416.0,78.2091278508398,,,,,817.142857142857,
Libya,2020.0,1377.6,817.1428571429,69.3682632446289,6.68280547080212,3.59386163289796,,-2.46227836608887,1.21087014378908,,,-29.7871479885529,3.12,7.48157013754048,,411.9,,,,,,817.142857142857,
Lithuania,2013.0,,3.2242249459,100.0,3.83106540275195,3.54492086525905,36.2126245847176,0.964532315731049,0.0551989515670167,54.0178552515446,23.8490745135263,3.55007284270485,26.34,87.7143576762215,,156.543423,155.886790868636,100.0,3.36828237776611,,57.546274323683,2.89262613195343,
Lithuania,2014.0,,2.5782263879,100.0,3.70448173779067,3.42319060134286,40.7497303128371,0.742136418819427,0.0452597318364978,62.5348434622468,29.9892125134844,3.53700987901611,27.73,113.571821372377,,167.678163,142.721642753591,100.0,3.80511456042233,,51.4832793959008,2.3130659767141,
Lithuania,2015.0,<100,2.752703677,100.0,3.80989428243904,3.42067512033113,39.4081728511038,0.749750256538391,0.0204096842873404,64.7604787714544,31.2118365429779,2.02458395469182,28.96,108.526802882107,,178.388022,138.552317324475,100.0,,,52.9356505401597,2.46959896507115,
Lithuania,2016.0,<100,2.2198990627,100.0,3.90592668442674,3.10876135276592,,0.8147212266922,0.0123380922218575,67.2829017857143,,2.51882827307178,31.47,137.964349689068,,183.744777,134.453858437451,100.0,,,,1.99159120310479,
Lithuania,2017.0,<100,1.8673395818,100.0,3.96768070179532,3.50751154955695,,0.765564739704132,0.0148150768005386,,,4.28259695120761,33.78,171.036437026603,,195.244777,144.873355393449,100.0,,,,1.67529107373868,
Lithuania,2018.0,<100,1.8341023792,100.0,4.15931506316341,2.87960341007644,,0.729063928127289,0.015877717103123,,,3.99331032795327,33.73,181.089709726467,,205.844777,148.594780129181,100.0,,,,1.64547218628719,
Lithuania,2019.0,<100,1.8341023792,100.0,4.20015196105273,3.10018595090275,,0.770523190498352,0.0083146049501238,,,4.6656783812234,33.54,189.538773163795,,205.644777,149.176211356567,100.0,,,,1.64547218628719,
Lithuania,2020.0,<100,1.8341023792,100.0,4.18400041504391,3.51326961918524,,0.921403408050537,0.0040726406324964,,,-0.0246124952916773,31.7,189.492122942174,,210.544777,136.91260704252,100.0,,,,1.64547218628719,
Luxembourg,2013.0,,3.5737976783,100.0,18.7229461130742,0.261907196956465,20.0108166576528,1.33524811267853,0.0,72.4006699507389,13.5749053542455,3.17179049916005,5.71,1328.00406413857,,131.5,320.533506316768,100.0,2.50730725785098,,76.7982693347756,4.31,
Luxembourg,2014.0,,3.8142620232,100.0,17.3339397000642,0.289550438585059,20.9448818897638,1.37832379341125,0.0,72.58,15.2755905511811,2.62308601577192,6.85,1276.92065773391,,130.5,333.42885319668,100.0,2.49909003595528,,76.1679790026247,4.6,
Luxembourg,2015.0,<100,3.7147595357,100.0,16.0346486330854,0.223732628740735,32.381667918858,1.42636823654175,0.0,74.0629572836802,24.9436513899324,2.26978448419565,9.09,1340.88357625307,,125.8,351.13197436149,100.0,3.71309534214227,,62.6596543951916,4.48,
Luxembourg,2016.0,<100,3.6815920398,100.0,15.1987752871924,0.214197008159042,,1.40361714363098,0.0,74.6230361173815,,4.97819043681629,13.5,1420.3167134421,,124.4,348.437409376889,100.0,,,,4.44,
Luxembourg,2017.0,<100,3.7810945274,100.0,15.1030627029057,0.23457255011554,,1.31289196014404,0.0,,,1.31718766293677,15.32,1401.1558723355,,132.4,353.793991980303,100.0,,,,4.56,
Luxembourg,2018.0,<100,4.328358209,100.0,15.331523974011,0.23465447209239,,1.34725511074066,0.0,,,1.21932191856359,16.05,1238.92271204609,,141.8,362.423904500585,100.0,,,,5.22,
Luxembourg,2019.0,<100,4.087893864,100.0,15.3230398015487,0.21536874421256,,1.33317494392395,0.0,,,2.9158479150005,16.45,1350.05062670868,,146.5,382.348369203003,100.0,,,,4.93,
Luxembourg,2020.0,<100,3.9635157546,100.0,12.4569532326913,0.199092536766051,,1.21239566802979,0.0,,,-0.909829798886719,20.79,1379.7476143447,,126.2,372.27140294364,100.0,,,,4.78,
Madagascar,2013.0,,11.2615062762,12.9,0.124225069169491,26.4930339794941,50.7720298205657,-0.659993410110474,1.56494491545904e-05,65.8307849829352,,2.30037622800727,81.06,0.789474504711771,3.0,179.9,56.3675817900932,,,3.0,,3.9933234421365,
Madagascar,2014.0,,11.2615062762,22.975305557251,0.124323710925382,25.8453829296172,53.3069563549091,-0.557235836982727,0.0446189986375918,70.8151803278688,,3.33920311195367,81.73,0.815836661941187,3.0,183.9,61.9694322111234,1.74446588613539,,3.0,,3.9933234421365,
Madagascar,2015.0,,11.2615062762,23.7550201416016,0.132173016426922,25.7433543337656,54.5964565549528,-0.427762925624847,0.0353302557009329,74.4445180722892,,3.13229807490305,82.98,0.841391097997525,3.0,186.9,61.2203788365078,1.72928676925708,,2.5,,3.9933234421365,
Madagascar,2016.0,,11.2615062762,22.9,0.124763836603653,25.1334543599723,,-0.294186472892761,0.0312698876606663,84.8420807453416,,3.99314606199499,83.85,0.874989073493189,3.0,244.4,60.8346984831423,,,3.0,,3.9933234421365,
Madagascar,2017.0,,11.2615062762,24.1,0.133017230488787,24.5501377693098,,-0.302837580442429,0.0559286552495865,,,3.93330759462793,81.32,0.909405085173061,3.0,253.0,65.3434015072915,,,3.0,,3.9933234421365,
Madagascar,2018.0,2547,11.2615062762,36.5,0.123102264831808,23.9733833005861,,-0.578839123249054,0.0762905871534093,,,3.19435651744398,83.76,0.938454725781254,3.0,257.2,67.8415046683582,15.9531406809281,,3.0,,3.9933234421365,
Madagascar,2019.0,2722.4,11.2615062762,31.04,0.142653575143316,22.9562520100657,,-0.313983827829361,0.0584400353297322,,,4.41123212909589,82.52,0.979852142161935,3.0,264.5,62.6013230457128,12.9865801896029,,3.0,,3.9933234421365,
Madagascar,2020.0,2901,11.2615062762,32.0,0.0972695405949093,24.6929443981327,,-0.509343922138214,0.0298315280204558,,,-7.13767162064489,84.75,0.909913513886562,3.0,262.1,49.0107073664371,6.67260487661254,,3.0,,3.9933234421365,
Madagascar,2021.0,3533.6,,35.1209335327148,,23.1882237657725,,-0.542279779911041,0.0469547662347942,,,5.73961573854336,83.63,,3.0,,54.4570415917068,10.9319491220138,,3.0,,,
Malawi,2013.0,,17.5048380854,9.0,0.0720340847219384,23.8492870296807,91.0347150336056,-0.20580980181694,0.107360244346944,70.612479338843,,5.41034999949829,79.76,6.25791096774186,3.5,0.0,,3.75615004879974,,2.5,,8.40644361833953,
Malawi,2014.0,,17.5048380854,11.9,0.0634544336358019,23.8734416539637,91.3059975696562,0.0810932070016861,0.0742282692636367,65.0059090909091,,5.62526999979218,82.78,6.60993535602395,3.5,0.0,,5.32163539823214,,3.0,,8.40644361833953,
Malawi,2015.0,8081.3,17.5048380854,10.8,0.0643204280409013,22.9948363698368,91.3068289899182,0.0342932753264904,0.0360846952145314,65.3948333333333,,2.80000000125504,80.98,6.79501354607558,3.5,0.0,,3.41220016631287,,3.0,,8.40644361833953,
Malawi,2016.0,8450.1,17.5048380854,11.0,0.0702973935321135,22.1929077690151,,-0.116127513349056,0.0408434298105046,68.4866176470588,,2.4999999990207,78.91,6.96488888466092,3.5,0.0,,4.8715843467524,,3.0,,8.40644361833953,
Malawi,2017.0,8897.1,17.5048380854,12.7,0.0779926724021984,22.9262386345959,,-0.249828547239304,0.0144911793103422,,,4.00000000038216,76.92,7.24348444007398,3.5,0.0,,3.70944787745302,,3.0,,8.40644361833953,
Malawi,2018.0,8881,17.5048380854,18.02,0.087620331640832,21.6294358438572,,-0.431270897388458,0.0128261475462,,,4.39168829609886,73.19,7.56159569845845,3.5,0.0,,11.6934863350848,,3.0,,8.40644361833953,
Malawi,2019.0,9347.8,17.5048380854,11.2,0.0871188127927116,23.0025403130689,,-0.286847949028015,0.0081797047808822,,,5.44818133617287,72.1,7.97356514401871,3.5,0.0,,4.08788424131703,,3.0,,8.40644361833953,
Malawi,2020.0,9883.4,17.5048380854,11.5,0.0846361581872504,22.892428775445,,-0.118913285434246,0.0060744292138402,,,0.799998330902724,70.26,8.0373535320843,3.5,0.0,,3.4590108161631,,3.0,,8.40644361833953,
Malawi,2021.0,10378.9,,14.188422203064,,22.774129872094,,-0.109315782785416,0.0119674849730604,,,2.75140260887528,75.17,,3.5,,,5.57918334489657,,3.0,,,
Malaysia,2013.0,,3.1527665317,99.6032943725586,7.40295101276076,9.11336384538206,8.57764477983057,0.0517915934324265,4.64388217520153,39.4625384405423,0.925925925925926,4.69372252557893,2.75,43.9998538011568,,1630.3,142.720991464873,98.7015661044219,0.971156809299827,,91.4158498857952,1.05998185117241,
Malaysia,2014.0,,3.1727935223,99.723762512207,7.71943595304507,8.87320901302643,9.70780299588388,0.266619145870209,4.65368825592775,38.6864701312155,0.629284798839078,6.00672194558203,3.03,46.3483886322743,,1753.3,138.312231176843,99.0039718298722,1.18068772456147,,90.2921970041161,1.06671506351724,
Malaysia,2015.0,2424.8,3.1928205128,99.8620300292969,7.60342044388986,8.28749992585653,9.95716845520007,0.25394731760025,3.7946958405998,33.1346682433885,0.682107338648975,5.09153242155011,3.41,48.4027091174024,,1749.2,131.37007244526,99.4718136063792,,,90.0428315447999,1.07344827586207,
Malaysia,2016.0,2121,3.36,99.9,7.34842125102826,8.46252661805744,,0.129485934972763,2.95601535691589,38.3780803883835,,4.44978139761541,4.43,48.0410435859414,,1809.6,126.8990100257,99.6025437317757,,,,1.12965517241379,
Malaysia,2017.0,2150.8,3.4394871795,99.9786987304688,7.03982567319804,8.59827695237266,,0.111208952963352,3.49624112834978,,,5.81272240983328,5.22,49.6587637508973,,1808.0,133.155173371956,99.9132437234799,,,,1.15637931034483,
Malaysia,2018.0,2179.5,3.4394871795,99.9971542358398,7.4523713820598,7.51208953273518,,0.247989401221275,4.47433382960993,,,4.84308697634881,5.31,52.0637808707328,,1849.0,130.402625502126,99.988124836125,,,,1.15637931034483,
Malaysia,2019.0,2180.9,3.4394871795,100.0,7.46499971649816,7.24130800003819,,0.146066397428513,3.64483098099711,,,4.41318742129586,5.59,54.361453099171,,1954.8,123.028562027943,100.0,,,,1.15637931034483,
Malaysia,2020.0,2099.3,3.4394871795,100.0,7.38371541222915,8.16600227056372,,0.124463096261024,2.14643135089136,,,-5.45684658426701,5.84,51.395032002571,,1908.6,116.788182437638,100.0,,,,1.15637931034483,
Maldives,2013.0,,15.6666666667,99.3591766357422,2.8161246531313,5.4134340812417,0.329091345884877,0.125037372112274,0.0,96.7049557522124,,6.963246535526,1.26,783.902031794734,4.0,0.0,,99.035901935095,,4.0,,15.6666666666667,
Maldives,2014.0,,15.6666666667,100.0,3.25192327073605,5.30718639583704,0.608069076647107,0.679096162319183,0.0,96.7980147058824,,7.8010947506405,1.2,845.054972047238,4.0,0.0,,100.0,,4.0,,15.6666666666667,
Maldives,2015.0,,15.6666666667,99.7747268676758,3.07473678893985,5.53360354659241,1.27720445488914,0.411403715610504,0.0,96.4285185185185,,3.97171571269122,1.43,878.618153152916,3.5,0.0,,99.6405833390101,,3.5,,15.6666666666667,
Maldives,2016.0,,15.6666666667,100.0,3.22706339212596,5.62856347397739,,0.408033192157745,0.0,82.5598857142857,,6.57223615363461,1.21,936.363013066829,3.5,0.0,,100.0,,3.5,,15.6666666666667,
Maldives,2017.0,,15.6666666667,99.8,3.27257102459138,5.27109974895157,,0.224531188607216,0.0,,,7.05453899044939,1.25,1002.41910691577,3.0,0.0,,99.8649622547958,,3.5,,15.6666666666667,
Maldives,2018.0,,15.6666666667,100.0,3.62648491704066,5.12400563217345,,0.0829711183905602,0.0,,,8.66800619702575,1.12,1089.3088572234,3.0,0.0,,100.0,,3.5,,15.6666666666667,
Maldives,2019.0,,15.6666666667,100.0,3.96326718307737,4.49402389585675,,0.0276085305958986,0.0,,,7.29833575359473,1.11,1168.81027501721,4.0,0.0,,100.0,,3.5,,15.6666666666667,0.4
Maldives,2020.0,<100,15.6666666667,100.0,2.82638529813116,7.57494517187797,,0.362981379032135,0.0,,,-32.9088287284425,1.28,784.168503451361,4.0,0.0,,100.0,,3.5,,15.6666666666667,
Maldives,2021.0,<100,,100.0,,5.30778918859193,,0.534778356552124,0.0,,,37.6871922659308,1.04,,3.5,,,100.0,,3.5,,,
Mali,2013.0,,8.0030864198,32.4249649047852,0.165466627828822,36.7528162726127,64.7933030451541,-1.72216212749481,0.0,81.2751475409836,,2.29506828962617,80.92,2.2225941402365,3.5,0.0,64.8176608730751,3.44546922348234,,3.5,,8.64333333333333,
Mali,2014.0,,8.0030864198,34.2232627868652,0.180858798982259,37.4567677359258,42.8744112375474,-1.71398878097534,0.0,84.9756730769231,,7.08468388056527,80.65,2.38005790902022,4.0,0.0,60.6387074880093,4.52769287542323,,3.5,,8.64333333333333,
Mali,2015.0,,8.0030864198,37.6,0.184608688158118,37.7232568675308,43.5163551401869,-1.6827712059021,0.0,83.6635190615836,,6.17180002424978,81.14,2.52695032362629,4.0,0.0,63.6396396861516,7.27803743803462,,3.5,,8.64333333333333,
Mali,2016.0,,8.0030864198,38.7969284057617,0.18227704163816,37.403702997444,,-1.61284875869751,0.0,64.7947285067873,,5.85229919941415,74.54,2.67483501718547,3.5,0.0,63.7632964244702,8.35689746870253,,3.5,,8.64333333333333,
Mali,2017.0,,8.0030864198,34.78,0.187961952954622,37.4324396267515,,-1.90349066257477,0.0,,,5.30545608438166,71.45,2.81674721435191,3.5,0.0,58.0684483263947,,,3.5,,8.64333333333333,
Mali,2018.0,,8.0030864198,50.9,0.194032415889438,37.6124431580175,,-2.08446145057678,0.0,,,4.74648432724561,70.59,2.95044367941925,3.5,0.0,60.1447828038175,25.4029296853074,,3.5,,8.64333333333333,
Mali,2019.0,,8.0030864198,47.8547897338867,0.191438655613848,37.3077973191963,,-2.21420574188232,0.0,,,4.75616080770808,66.91,3.09077152535328,3.5,0.0,63.6587027660517,15.178565167991,,3.0,,8.64333333333333,
Mali,2020.0,,8.0030864198,50.6440658569336,0.195565971417317,36.1880449700343,,-2.14628767967224,0.0,,,-1.235450447077,63.84,3.05258657472518,3.5,0.0,66.9905742795041,16.7807755884902,,3.0,,8.64333333333333,
Mali,2021.0,,,53.3801879882813,,35.6818261229887,,-2.33280539512634,0.0,,,3.05261356942125,63.76,,3.0,,67.2099446691173,18.2560941135187,,3.0,,,
Malta,2013.0,,91.2871287129,100.0,5.56733268070062,1.06985584846462,1.55486450466459,1.04275786876678,0.0,99.0244725738397,1.55486450466459,5.47335591422899,3.24,203.93807829107,,15.584425,304.32862444136,100.0,1.00155199529233,,98.4451354953354,91.2871287128713,
Malta,2014.0,,89.1089108911,100.0,5.42229115561099,1.00416335655182,3.34075723830735,1.12549698352814,0.0,99.8672340425532,3.34075723830735,7.6335384644276,4.48,224.871466539592,,16.072254,287.641431065207,100.0,1.46656264087723,,96.6592427616927,89.1089108910891,
Malta,2015.0,<100,82.7722772277,100.0,3.72337676636266,0.922881726410164,7.67459708365311,1.05367743968964,0.0,98.2311515151515,7.67459708365311,9.6081323482308,5.98,265.346499033865,,14.85824,299.470158174781,100.0,,,92.3254029163469,82.7722772277228,
Malta,2016.0,<100,82.9702970297,100.0,2.96976431627123,0.926431743022523,,1.06645977497101,0.0,99.4164444444445,,3.38145047586738,9.24,273.664360062158,,14.14408,303.011238915135,100.0,,,,82.970297029703,
Malta,2017.0,<100,91.0891089109,100.0,3.25043429579978,0.667005325572919,,1.23830723762512,0.0,,,10.8692692319326,7.27,276.366639796734,,14.04408,296.869616724612,100.0,,,,91.0891089108911,
Malta,2018.0,<100,84.6230029703,100.0,3.20347481583889,0.665353301178783,,1.27142131328583,0.0,,,7.41626982344488,7.56,319.546235620909,,15.24408,302.696055885604,100.0,,,,84.623002970297,
Malta,2019.0,<100,80.9990609901,100.0,3.29046823605033,0.465258640687187,,1.0135281085968,0.0,,,7.05872728924383,7.4,357.40796818442,,16.34408,309.61715026097,100.0,,,,80.999060990099,
Malta,2020.0,<100,81.859939604,100.0,3.12555789277592,0.763750144375933,,0.998400986194611,0.0,,,-8.07797287148773,9.18,325.081599582998,,14.54408,333.121276066526,100.0,,,,81.8599396039604,
Marshall Islands,2013.0,,,90.888069152832,2.77107026016514,15.9476567386288,0.275020925505202,1.054114818573,,99.5328571428571,,3.61044913873765,12.37,,3.0,0.0,162.743424794389,83.1117111720769,,2.5,,,
Marshall Islands,2014.0,,,91.4559173583984,2.85804954481445,12.0988006344341,0.234741784037559,0.989585757255554,,95.342,,-1.15756789045956,12.15,,3.0,0.0,150.520883229954,84.1817936591835,,2.5,,,
Marshall Islands,2015.0,,,92.0564117431641,2.96093908115766,12.5204033064969,0.233372228704784,1.00298595428467,,95.342,,2.10051933296636,11.72,,3.0,0.0,139.022322658746,85.4698954432844,,2.5,,,
Marshall Islands,2016.0,,,92.6724395751953,3.03130625504356,12.8798899938221,,0.83496367931366,,79.4516666666667,,2.14429110392376,12.13,,3.0,0.0,116.947071214787,86.9052473173325,,2.5,,,
Marshall Islands,2017.0,,,93.7629470825195,3.16400703583614,16.0223355580505,,1.03458595275879,,,,3.73379823757942,12.01,,3.0,0.0,125.728799959645,90.4506572389179,,2.5,,,
Marshall Islands,2018.0,,,95.2622985839844,3.28556828806889,16.3238200204485,,0.998590290546417,,,,5.65921056406313,12.03,,3.0,0.0,128.815278980307,95.7550849065877,,2.5,,,
Marshall Islands,2019.0,,,96.7599868774414,3.40502593453765,18.2822535098344,,1.1751024723053,,,,10.3578294514594,12.08,,3.0,0.0,153.598392568969,100.0,,2.5,,,
Marshall Islands,2020.0,,,98.2568511962891,2.53380323866123,19.9951211719556,,0.983442306518555,,,,-2.84598166138942,11.97,,3.0,0.0,108.292236206579,100.0,,2.5,,,
Marshall Islands,2021.0,,,99.7535781860352,,25.0763835081765,,0.933938026428223,,,,1.11230090181571,12.06,,3.0,,118.047657212332,100.0,,2.5,,,
Mauritania,2013.0,,13.2462173315,37.5768547058105,0.561374035889787,16.2826011052317,4.80295566502463,-1.01476144790649,1.74999556832158,93.0084545454545,,4.15081318627171,35.02,4.16281845444608,3.0,0.0,102.398824183169,,,3.0,,337.05,
Mauritania,2014.0,,13.2462173315,38.8,0.65948093945265,18.8142059581325,5.05540964101889,-0.589508354663849,1.3475094572306,99.2418253968254,,4.27482327130284,30.92,4.34077158647883,3.0,0.0,91.610371363604,,,3.0,,337.05,
Mauritania,2015.0,182.5,13.2462173315,39.5,0.751732037240701,20.6297453908339,13.373253493014,-0.635684847831726,0.471816554364601,83.5330169491526,,5.37633923694936,28.2,4.57414619246904,3.0,0.0,77.3467864944966,,,3.0,,337.05,
Mauritania,2016.0,203.7,13.2462173315,41.2455101013184,0.637776445066376,21.7391690010165,,-0.748691558837891,0.365868906907811,81.822384341637,,1.2609092171336,31.66,4.63182202341505,3.0,0.0,73.1532616736712,,,3.0,,337.05,
Mauritania,2017.0,227.4,13.2462173315,42.9,0.819299930408905,22.7187479073108,,-0.629497826099396,0.457498495710385,,,6.27054567904293,26.54,4.92226253916526,3.5,0.0,78.8149801833884,,,3.0,,337.05,
Mauritania,2018.0,253.8,13.2462173315,43.5892791748047,0.870135939862018,23.655966000294,,-0.632418096065521,0.0335447913702571,,,4.77217367297298,25.17,5.15716145617392,3.5,0.0,89.1467294935148,,,3.0,,337.05,
Mauritania,2019.0,291.3,13.2462173315,44.9479293823242,0.872475306517173,19.957882454072,,-0.562930703163147,0.0238140676527882,,,3.14100486953089,24.98,5.31914814864191,3.0,0.0,93.4866941351317,,,3.0,,337.05,
Mauritania,2020.0,323.1,13.2462173315,45.4,0.855176405836122,19.1523401706647,,-0.700950503349304,0.0156112904073557,,,-0.360657378942108,23.78,5.29996424834697,3.0,0.0,86.7761681322741,,,3.0,,337.05,
Mauritania,2021.0,436.4,,47.6958427429199,,19.1485811289032,,-0.555529892444611,0.0204017154242082,,,0.742715499632851,23.44,,3.0,,88.3068737571235,,,3.0,,,
Mauritius,2013.0,,22.1010541621,99.3990707397461,3.032741374202,3.33058654888172,20.6024930747922,0.94480174779892,0.0377645249791434,62.7805759162304,17.3130193905817,3.36040609974133,11.39,18.3439168029547,,39.1,113.305653518313,99.1349532495132,0.702822669608384,,79.3975069252078,22.1010541621229,
Mauritius,2014.0,,22.5372591785,99.4700317382813,3.13144223633215,3.19194906469573,20.2928157984338,0.667965948581696,0.0411584028972186,62.6639240506329,17.1944160708206,3.82696982009337,10.59,18.6773020022559,,39.6,110.589707531641,99.294236368367,0.80457846628087,,79.7071842015662,22.5372591784806,
Mauritius,2015.0,<100,22.2464558342,99.5736541748047,3.13640499208554,3.07196343387118,22.7227227227227,0.988632321357727,0.0137875584588031,63.802095959596,18.651985318652,3.69055690369433,11.49,19.6197566105374,,42.2,107.145979436304,99.5320988092724,,,77.2772772772773,22.2464558342421,
Mauritius,2016.0,<100,22.5372591785,99.6927947998047,3.19328156664269,3.0972700058085,,0.999218165874481,0.0121523230603403,65.1709405940594,,3.8624682634,10.33,20.1146271799696,,42.2,101.366114114651,99.7740122240132,,,,22.5372591784806,
Mauritius,2017.0,<100,22.1737549982,99.61,3.30021575049787,2.99474898543124,,0.962364137172699,0.0,,,3.93798380632353,9.42,21.2494713498883,,42.7,101.250261704814,99.61,,,,22.1737549981825,
Mauritius,2018.0,<100,21.4830970556,99.7866134643555,3.26641523984712,2.56385705062876,,0.859399259090424,0.0,,,4.00674057198549,9.19,22.81140160622,,42.1,98.0871798050983,99.9594127440226,,,,21.4830970556161,
Mauritius,2019.0,107.9,21.6284987277,100.0,3.296800515014,2.70724144125848,,0.801905751228333,0.0,,,2.89128499346516,8.94,23.3131563772385,,42.9,96.4919509166035,100.0,,,,21.6284987277354,
Mauritius,2020.0,117.9,22.0647037441,99.4640197753906,2.93851410805884,3.14186163600476,,0.872974157333374,0.0,,,-14.5465381498404,9.41,19.5280560437899,,37.2,85.8305448745082,99.525642491437,,,,22.0647037440931,
Mexico,2013.0,,30.6277851966,99.1450500488281,4.05605522675517,3.02454277560295,13.2995432622778,-0.714223802089691,4.24383032874199,59.1499446643681,3.88159797663171,0.852101564092919,9.23,14.1152946528451,,4270.64,62.6916747698829,96.7912380292078,3.09234910919373,,82.683989963878,19.9633251833741,
Mexico,2014.0,,31.8581481537,99.172928,3.8923552480392,3.02713651749118,17.5435163318916,-0.853918790817261,3.57795048488926,58.8006554372491,4.64351102502189,2.50376350288664,9.76,13.9099261568983,,4217.94,64.0984090421895,97.4269296144661,3.42450549549344,,79.2212832011038,20.7652811735941,
Mexico,2015.0,4309.1,32.1319789338,99.0,3.92536832553423,3.08518634415564,15.3941337927222,-0.801780104637146,1.42999272378968,54.8230428066612,5.49016834973549,2.70232342550646,9.19,14.1640727005322,,4257.24,70.4129746872496,97.8517740672395,3.51721073584162,,80.8760100019927,20.9437652811736,
Mexico,2016.0,3999.6,32.4759554068,99.5,3.92032302445388,3.24628907853608,,-0.633718132972717,1.14830119801799,52.7068603025561,,1.77249323408108,9.22,14.2624488013444,,4345.64,75.6903034125013,98.3310679429352,,,,21.1679706601467,
Mexico,2017.0,4097.1,32.9497201674,100.0,3.86275941197886,3.29751177560643,,-0.806073427200317,1.42848727783008,,,1.87172852475888,9.99,14.3204933317039,,4315.04,76.9521260373108,100.0,,,,21.4767726161369,
Mexico,2018.0,4549.7,44.4626841768,99.5,3.58748930492536,3.29695945141921,,-0.673981010913849,2.06987213569422,,,1.97208211117706,10.16,14.4385321300189,,4153.24,80.212661650262,98.2882080485715,,,,21.721271393643,
Mexico,2019.0,4821.3,44.7184296925,99.6,3.6121651406375,3.31221464413485,,-0.843628823757172,1.51088830261259,,,-0.278148781271128,10.27,14.3160269792665,,4233.44,77.3963247757157,98.3170105131641,,,,21.8462102689487,
Mexico,2020.0,4676.1,44.8170243434,99.4,3.04076637477226,3.71222059122895,,-0.791369318962097,0.837356642150743,,,-8.65158681905974,12.33,13.0486938742839,,3122.04,76.8765240630222,97.7241268518923,,,,21.8943765281174,
"Micronesia, Federated States of",2013.0,,,69.4136505126953,1.27521660267565,26.4115397455456,1.49253731343284,1.102858543396,0.0,96.9135714285714,,-3.67976779073483,1.41,,3.0,0.0,113.261346269274,64.1878901159334,,2.0,,,
"Micronesia, Federated States of",2014.0,,,71.2011260986328,1.2932932198415,24.9026282355614,1.53038915609969,0.984550714492798,0.0,96.9135714285714,,-2.30577574529325,1.51,,3.0,0.0,105.859971084144,66.1051197327044,,2.0,,,
"Micronesia, Federated States of",2015.0,,,72.9842834472656,1.32374705377209,26.201675441627,1.60116448326055,1.01717150211334,0.0,95.342,,4.62188400404939,1.71,,3.0,0.0,105.296472336084,68.0182553749041,,2.0,,,
"Micronesia, Federated States of",2016.0,,,74.7632827758789,1.33818512622242,27.1669016749243,,1.03645646572113,0.0,84.1252941176471,,0.900180416516932,1.87,,2.5,0.0,100.635034905852,69.9274976964233,,2.0,,,
"Micronesia, Federated States of",2017.0,,,76.5389709472656,1.32844335778321,27.6299218385346,,1.16163265705109,0.0,,,2.68218594445551,1.72,,2.5,0.0,101.024254172998,71.8337362252471,,2.0,,,
"Micronesia, Federated States of",2018.0,,,78.3121643066406,1.33238377701052,22.5121870291946,,1.31512069702148,0.0,,,0.211653600126766,2.0,,2.5,0.0,100.851461800905,73.7371575500285,,2.0,,,
"Micronesia, Federated States of",2019.0,,,80.0837020874023,1.33059194282585,23.2544924942727,,1.0343405008316,0.0,,,1.17479922829746,1.98,,2.5,0.0,104.495192307692,75.6380132738689,,2.0,,,
"Micronesia, Federated States of",2020.0,,,81.8544082641602,0.958913885073056,22.1016335503125,,1.1187299489975,0.0,,,-2.76773416147405,2.03,,3.0,0.0,91.421568627451,77.5377691144784,,2.0,,,
"Micronesia, Federated States of",2021.0,,,83.6249771118164,,22.2756319228554,,1.20211470127106,0.0,,,-2.02429149797571,2.03,,3.0,,95.5665024630542,79.4361183805895,,2.0,,,
"Moldova, Republic of",2013.0,,12.4591624592,99.638069152832,2.5114021117949,11.550361937388,6.96949454464485,0.00080857204739,0.0260040296873393,29.9284401114206,0.0668002672010688,9.0438656074181,23.82,8.88267011940763,4.0,67.9,95.6872968332383,99.4656940605818,0.877833759959033,3.5,93.0305054553552,51.7901234567901,
"Moldova, Republic of",2014.0,,12.4294624295,99.7522659301758,2.69863514608188,14.0709569584487,6.20444776677257,-0.158987760543823,0.0196559148790225,28.2515953307393,0.280321435245748,4.99962585407656,24.31,9.34905658093412,4.0,67.7,94.2282919690928,99.6181727567919,0.767238068929922,3.5,93.7955522332274,51.6666666666667,
"Moldova, Republic of",2015.0,<100,12.474012474,99.8614807128906,2.82816016203229,12.8212557522034,5.36857658840913,-0.326045989990234,0.0092422371314255,28.5769950124688,0.311935642751601,-0.338235622387202,24.73,9.28415818857305,4.0,72.6,88.9664154565323,99.7750233194799,,3.5,94.6314234115909,51.8518518518518,
"Moldova, Republic of",2016.0,<100,12.5185625186,99.9373474121094,2.90490891435674,12.4797438509487,,-0.305498778820038,0.0058983062061705,30.2730221130221,,4.64601436259409,25.3,9.68092677298516,4.0,78.6,89.0046837188671,99.8935004833694,,3.5,,52.037037037037,
"Moldova, Republic of",2017.0,<100,12.474012474,99.98,2.92684095356072,12.1995910772854,,-0.314989507198334,0.0063430936394333,,,4.17561205106279,26.07,10.1211831633938,4.0,81.5,88.6233902754378,100.0,,4.0,,51.8518518518518,
"Moldova, Republic of",2018.0,125.3,12.4294624295,99.99,3.16042055213444,10.1468784571365,,-0.402226477861404,0.0089101314709728,,,4.07559546585034,25.75,10.5714367768374,4.0,82.2,87.4467874275648,100.0,,4.0,,51.6666666666667,
"Moldova, Republic of",2019.0,141.5,12.4591624592,100.0,3.34866737931946,10.1608126286441,,-0.387309908866882,0.0071843070704189,,,3.5523140853476,22.04,10.9208721405525,4.0,77.4,87.6322371148906,100.0,,4.0,,51.7901234567901,
"Moldova, Republic of",2020.0,150.6,12.5631125631,100.0,3.26784636811087,9.36669201380178,,-0.340128064155579,0.0044330614455617,,,-8.27597831976949,23.66,9.93417962879609,,74.2,79.265722119158,100.0,,,,52.2222222222222,
Mongolia,2013.0,,3.4512971121,81.2,6.46156111815428,13.4140624660902,1.69322709163347,0.491320788860321,4.61949699410968,19.9909357997824,1.69322709163347,11.6489161878925,3.01,22.3803181339573,3.5,166.7,100.311989662943,45.767266541734,0.131045563296553,3.5,98.3067729083665,1.35076628362069,
Mongolia,2014.0,,3.3027410671,85.9815521240234,6.24288838830339,13.3412210879498,3.16220238095238,0.791901171207428,5.26635653697779,18.7195088300221,3.16220238095238,7.88522548204762,3.34,25.231092210808,3.5,160.8,109.322311877187,60.8488624604356,0.259410425016945,3.5,96.8377976190476,1.29262452097701,
Mongolia,2015.0,,3.154185022,87.9682312011719,5.83543497274137,14.079203180176,3.08362053328496,0.711831986904144,2.462579888551,19.4584161849711,3.08362053328496,2.37983580731722,3.55,27.0481671105543,3.5,156.2,89.653663477814,66.2590246851366,,3.5,96.916379466715,1.23448275862069,
Mongolia,2016.0,,3.3950073421,90.8075485229492,5.99850473089282,12.6278436864479,,0.787600100040436,3.04207330451553,16.7911062190424,,1.48978448679577,3.39,25.5039012713941,3.5,148.2,101.055237224997,74.0544902679264,,3.5,,1.32873563218391,
Mongolia,2017.0,,3.3950073421,93.6207580566406,6.32277465011644,11.1372332713568,,0.783370971679688,5.06704470915255,,,5.63687638694772,3.19,26.9415246599117,3.5,175.7,115.932901867963,81.7115188786647,,3.5,,1.32873563218391,
Mongolia,2018.0,,3.3950073421,98.1,6.80965906666612,11.4280045193059,,0.831077039241791,5.20258702751302,,,7.74488062024881,3.26,29.0281135820968,3.5,188.0,126.355873241513,94.6294863666457,,3.5,,1.32873563218391,
Mongolia,2019.0,,3.3950073421,98.9232559204102,7.16083565614723,11.5583828612266,,0.636659681797028,4.04285182525905,,,5.60224422064255,3.32,30.6543393976114,3.5,217.7,124.396514621165,96.8721034841962,,3.5,,1.32873563218391,
Mongolia,2020.0,,3.3950073421,99.5021667480469,6.43064533509798,12.9656563031474,,0.71777218580246,2.31090945307042,,,-4.55775197583431,3.98,29.2571906380378,,209.8,112.838647629317,98.4560976861739,,,,1.32873563218391,
Montenegro,2013.0,,,99.7,3.64983008884317,8.03466250069517,63.4727503168568,0.504595458507538,0.0442763567069581,30.8544933920705,0.0,3.54897991245058,49.34,23.9468028677323,,24.4,102.770930155442,99.8868375728976,15.0454482580897,,36.5272496831432,,
Montenegro,2014.0,,,97.7,3.567649281935,8.09983568166084,55.2158840214308,0.219455271959305,0.0355669722031321,31.0538738738739,0.0,1.78369858106701,45.95,24.373941650695,,23.4,100.127619998369,94.0973847837731,12.9572960184337,,44.7841159785692,,
Montenegro,2015.0,<100,,99.4931488037109,3.79179598784234,8.06118573423757,49.6503496503497,0.136638209223747,0.0276628464773523,31.5424152542373,0.0,3.39038139712073,42.96,25.2003112341652,,25.2,102.688977351832,98.6409210742009,,,50.3496503496504,,
Montenegro,2016.0,<100,,99.5997543334961,3.45603347565414,7.46824081972358,,0.268716216087341,0.0237080792797863,39.450663507109,,2.94928032097511,43.89,25.9435390542189,,25.2,103.672945121037,98.9399509875842,,,,,
Montenegro,2017.0,<100,,100.0,3.64251019886788,6.85389074108922,,-0.062578022480011,0.029828089733547,,,4.71646527572034,37.77,27.1671570650041,,26.2,105.554964991437,100.0,,,,,
Montenegro,2018.0,<100,,100.0,4.01830843084598,6.73223778878135,,0.0375925563275814,0.033736574663022,,,5.0778888113381,40.6,28.5466750939666,,27.1,109.609296759902,100.0,,,,,
Montenegro,2019.0,<100,,99.9622802734375,4.18164455619361,6.39384153850846,,0.0580168217420578,0.0268800613058044,,,4.06294499167197,38.74,29.7065107999857,,28.1,108.844577462214,99.8877334331871,,,,,
Montenegro,2020.0,<100,,99.8531112670898,4.06756091201437,7.55489179088164,,-0.0612264648079872,0.0265754694720768,,,-15.3068937570407,39.56,25.1593667529081,,26.1,87.0060180817206,99.5482014708515,,,,,
Morocco,2013.0,,50.7512120194,97.2,1.70383108247846,12.3583661932506,14.6479584475545,-0.493017613887787,0.0107875682994136,61.9619842598794,5.34194199971144,4.12221286860944,11.59,9.74324214332243,,416.7,73.8577565315318,94.9779155286559,1.87145877414529,,85.3520415524455,36.4586206896552,
Morocco,2014.0,,50.7512120194,97.2789535522461,1.71369617616228,10.3531465249527,12.3878104779795,-0.446265608072281,0.0075550828423546,56.3900179856115,6.69310512766994,2.7192440802029,11.14,10.0081846785246,,433.3,71.8935667539398,94.3815834295004,1.61676234508113,,87.6121895220205,36.4586206896552,
Morocco,2015.0,,50.7512120194,97.3,1.74053353043953,11.7961931846113,14.3088903309539,-0.344394981861115,0.0042966168073668,54.0091322248614,8.19273199221285,4.34458297635238,11.25,10.4429985663096,,455.9,67.2886759253849,93.5776175248615,,,81.4665801427644,36.4586206896552,
Morocco,2016.0,,50.7512120194,97.8,1.71730556958241,10.3219651103177,,-0.317617774009705,0.0029873026564706,54.9817469879518,,0.52118550608968,11.07,10.4974259612384,,463.5,71.1226603816864,95.4180124768465,,,,36.4586206896552,
Morocco,2017.0,,50.7512120194,100.0,1.7736629145678,11.1602887992375,,-0.378089100122452,0.0034385455393541,,,5.05789816173446,10.45,11.0283750759613,,479.2,74.1733578786573,100.0,,,,36.4586206896552,
Morocco,2018.0,,50.7512120194,98.1,1.78932796096006,11.3055402401365,,-0.348556756973267,0.0053178535024682,,,3.06564133025955,10.86,11.366465500346,,494.5,77.2548875243989,96.1040057516463,,,,36.4586206896552,
Morocco,2019.0,,50.7512120194,99.6,1.95530801659126,10.8424017370039,,-0.345829725265503,0.0055204757150535,,,2.89097476137077,10.57,11.6950671492209,,534.3,75.9981158798422,98.9190941828797,,,,36.4586206896552,
Morocco,2020.0,,50.7512120194,100.0,1.81852638730999,10.6636401420592,,-0.359539151191711,0.0054399526482617,,,-7.17820744246774,10.92,10.855570968714,,490.7,68.8438033904364,100.0,,,,36.4586206896552,
Mozambique,2013.0,,1.6604484457,22.4122085571289,0.164364969672772,24.2529090836336,97.6569318563276,-0.226966470479965,1.82722985699036,91.3570520231214,0.0,6.57141389665537,83.94,10.0353387151987,3.5,256.8,,2.80761062059353,8.66700187494648,3.0,2.34306814367237,1.39226036181456,
Mozambique,2014.0,,1.7059673858,24.8,0.18523579360939,24.6554671607897,91.1575743913436,-0.336002737283707,0.320556843684132,123.627941834452,0.0,7.70256844839309,82.06,10.5199280041559,3.5,269.1,,2.66622357775709,9.17019673478017,3.0,8.84242560865645,1.43042728953141,
Mozambique,2015.0,,1.7514863258,24.0,0.204084856205542,23.5663164946958,86.4108873600161,-0.516435563564301,0.259343147402884,62.4170212765958,0.0,7.3930936986377,80.94,11.0040636589375,3.5,278.4,,0.926827836111971,,3.0,13.5891126399839,1.46859421734796,
Mozambique,2016.0,,1.7514863258,26.2185955047607,0.261542138205007,23.6272810887625,,-1.09681463241577,0.318514466700594,97.1533333333333,,4.69699024225795,78.33,11.5209234552497,3.5,289.0,,4.74447032265197,,3.0,,1.46859421734796,
Mozambique,2017.0,11615.5,1.7514863258,24.3,0.250697939802182,26.0749604736416,,-0.917248427867889,0.636941742278441,,,2.63820737310658,79.05,11.824869307296,3.5,291.0,,4.41509892600634,,3.0,,1.46859421734796,
Mozambique,2018.0,11966.5,1.7514863258,31.1,0.233657167828116,25.5425601398641,,-0.833329558372498,0.820689699521392,,,3.48493731678248,79.81,12.2369585904467,3.5,293.5,,7.99328949005228,,3.0,,1.46859421734796,
Mozambique,2019.0,12271.7,1.7514863258,29.6864433288574,0.248639658557146,24.7697816103394,,-0.766716241836548,0.517855680561279,,,2.31780739722586,78.34,12.5205877218516,3.5,302.6,,5.16634801448089,,3.0,,1.46859421734796,
Mozambique,2020.0,12581.5,1.7514863258,30.6123828887939,0.222767552715213,26.8819737835169,,-1.28161418437958,0.317770520316306,,,-1.21952292806746,80.91,12.3678962838548,3.5,301.3,,4.55715382394451,,3.0,,1.46859421734796,
Myanmar,2013.0,,5.8015013966,56.4735107421875,0.268370130397576,29.5337253604993,72.0421327672083,-1.14037239551544,1.73045562065105,52.7249300956586,0.0,8.42600102485179,75.96,1.55452387494584,2.5,670.9,,42.71453333254,3.58528949339739,2.5,27.9578672327917,3.313821300359,
Myanmar,2014.0,,5.8015013966,52.0,0.333541952061969,27.8298025759603,62.3649078194533,-1.08758068084717,2.36627833329899,56.8341960093897,0.0,7.9909155972889,72.43,1.67874456573246,2.5,700.5,,37.8809527440978,3.12653493147673,2.5,37.6350921805467,3.313821300359,
Myanmar,2015.0,,5.8015013966,60.5,0.369707459697779,26.7717786456294,58.8541014402004,-1.16666913032532,2.61782467595923,52.83489216202,0.0,6.99284029025127,70.43,1.79613649209541,2.5,721.8,,47.6019167020752,,2.5,41.1458985597996,3.313821300359,
Myanmar,2016.0,,5.8015013966,55.6,0.421272122408643,25.6286228737595,,-0.808124959468842,2.16783790378944,66.253928734582,,6.03793694060666,69.25,1.90458608085535,2.5,721.1,,39.8099408322447,,2.5,,3.313821300359,
Myanmar,2017.0,,5.8015013966,69.8148365975088,0.621496099866699,23.4041280962744,,-1.08409428596497,1.56980213600917,,,6.13610824360305,59.92,2.02145354436923,2.5,807.7,,59.9191344442167,,2.5,,3.313821300359,
Myanmar,2018.0,,5.8015013966,66.1009368896484,0.622498220579214,22.0756064041111,,-1.26694679260254,1.86531405871269,,,6.26886221471075,59.85,2.14817568180013,2.5,815.8,,54.6404764510995,,2.5,,3.313821300359,
Myanmar,2019.0,1007.8,5.8015013966,68.3115005493164,0.640928810767197,20.8421577754282,,-1.33045899868011,1.86137223876222,,,6.57911006765414,58.89,2.28950652435234,2.5,829.7,,57.4556988212078,,2.5,,3.313821300359,
Myanmar,2020.0,1964.7,5.8015013966,70.4157409667969,0.634080348390974,22.4186525400503,,-1.51170456409454,1.2040310179429,,,-9.04834692403308,59.75,2.08234403118057,2.5,818.5,,60.1427154187344,,2.5,,3.313821300359,
Namibia,2013.0,,0.8615525672,47.4,1.70668311779035,7.82146490072164,95.5672426746807,0.958809971809387,0.0,57.4048691099476,0.0,5.61471962254485,30.7,36.3506975620105,,48.4,97.7249042303832,27.3082653178526,17.9486428177847,,4.43275732531931,4.5762987012987,
Namibia,2014.0,,0.8615525672,48.3823547363281,1.75305316404228,8.13893575439091,99.13217623498,0.608740627765656,0.0,82.782525,0.0,6.09251915977956,30.19,38.5653707756895,,50.8,103.080137009254,26.8763276657517,17.785332290757,,0.867823765020027,4.5762987012987,
Namibia,2015.0,658.6,0.8615525672,51.6,1.81245575422832,6.65042679589334,97.7864583333333,0.725260257720947,0.0,82.3572131147541,0.0,4.26417453763675,29.32,40.2098654966517,,52.7,97.2390317873478,31.285505347673,,,2.21354166666667,4.5762987012987,
Namibia,2016.0,688.8,0.8615525672,49.7,1.78707315981392,6.72011763526388,,0.699528992176056,0.0,84.6101376146789,,0.0337944502063294,29.21,40.223454199625,,53.1,93.966187960162,31.63593576439,,,,4.5762987012987,
Namibia,2017.0,720.2,0.8615525672,52.5,1.78639850389125,7.67615621463659,,0.621905207633972,0.0,,,-1.02725082701774,30.21,39.8102584337042,,52.4,81.2196674266379,31.5978538791799,,,,4.5762987012987,
Namibia,2018.0,752.7,0.8615525672,52.3216552734375,1.77883176482325,7.76829770914755,,0.684950053691864,0.0,,,1.05994347072928,30.85,40.2322246686527,,52.7,81.7138667856396,30.2361309582716,,,,4.5762987012987,
Namibia,2019.0,786.4,0.8615525672,53.2785835266113,1.76417165717612,7.0839768518425,,0.528806626796722,0.0,,,-0.839154686169735,30.23,39.8946140699954,,52.4,82.9011520693409,31.1524102407019,,,,4.5762987012987,
Namibia,2020.0,810.7,0.8615525672,52.3,1.58804514727825,9.15817808891199,,0.512376427650452,0.0,,,-8.1014007457625,31.3,36.6625915082097,,48.6,76.9252424036465,,,,,4.5762987012987,
Nepal,2013.0,,8.3118326623,77.4413909912109,0.222332150237633,28.6226575264454,99.7156667614444,-1.12914609909058,0.002277045982,67.3788669950739,0.0,3.52515317129149,86.05,2.32709611679792,3.5,499.4,41.8653757376722,73.5294330821707,5.25574685357306,3.5,0.284333238555587,4.79167507568113,
Nepal,2014.0,,8.3118326623,84.9,0.259710599034175,27.4618953622256,99.9736634184883,-0.724599540233612,0.0019803432835038,65.162538569425,0.184356070582038,6.01148284250441,84.06,2.46698910058781,3.5,513.4,45.9826416115927,82.0555208686691,5.24324797182476,3.5,0.0263365815117198,4.79167507568113,
Nepal,2015.0,2884.9,8.3118326623,82.0142288208008,0.260272198896608,26.5185084314836,100.0,-0.997430026531219,0.0015091661949823,48.6473529411765,0.199828718241507,3.97605327162971,85.04,2.56507790143248,3.5,514.0,46.6657303895158,79.0041083327883,,3.5,0.0,4.79167507568113,
Nepal,2016.0,2680.7,8.3118326623,90.7,0.38532817662536,25.5178753710727,,-0.846989989280701,0.0016879594147021,57.7532869379015,,0.433113719381524,79.2,2.57618760573641,3.5,549.2,42.115486124465,89.8119987849655,,3.5,,4.79167507568113,
Nepal,2017.0,2693.9,8.3118326623,86.6246566772461,0.470677340646946,23.6995484575974,,-0.58410120010376,0.0020849339146142,,,8.97727935643466,76.41,2.80745916384921,3.5,575.2,44.6424106210928,84.5721547518132,,3.5,,4.79167507568113,
Nepal,2018.0,2942.5,8.3118326623,93.92,0.531081943087649,22.3346720502565,,-0.542416572570801,0.0023203113919812,,,7.62237610397935,74.29,3.02145426028343,3.5,594.9,48.4473869460884,93.46991028645,,3.5,,4.79167507568113,
Nepal,2019.0,3474.2,8.3118326623,89.9,0.480724943133609,21.5833727595087,,-0.452942907810211,0.0017484935519481,,,6.65705543110467,77.18,3.22259414521597,3.5,587.4,49.2495265869012,,,3.5,,4.79167507568113,
Nepal,2020.0,3999.6,8.3118326623,89.9,0.509366247354604,22.180090191763,,-0.180229142308235,0.0014779504947249,,,-2.3696206292072,74.54,3.14623088955531,3.5,613.9,40.9188655952667,,,3.5,,4.79167507568113,
Nepal,2021.0,3970.3,,89.9,,22.02145227874,,-0.188807815313339,0.002787345243961,,,4.838149614115,,,3.5,,43.0538047912219,,,3.5,,,
Netherlands,2013.0,,20.2012530852,100.0,9.34814101422768,1.79086489326427,11.9751120547299,1.14381539821625,0.932413421601151,42.2713238289206,11.8630573248408,-0.130175288449919,4.94,69.5793575808713,,953.7,149.549331302435,100.0,2.51508786889777,,83.3932924431863,96.7272727272727,
Netherlands,2014.0,,18.0178469717,100.0,8.88190506639546,1.73834058014176,11.3210466263126,1.04511535167694,0.57247142322415,45.0784855560745,11.2127482643254,1.42339539510084,5.53,79.1214022735361,,935.6,150.053755435106,100.0,3.12654470064918,,83.0106944632463,86.2727272727273,
Netherlands,2015.0,,15.969242453,100.0,9.29024293675951,1.72432783388019,12.4420823112565,0.912540197372437,0.341319074512326,41.1763443172475,12.3575906241483,1.95916972105708,5.75,91.0204221417637,,970.2,157.816576039698,100.0,3.37380480632713,,82.2331243753975,76.4636363636364,
Netherlands,2016.0,,15.233339662,100.0,9.30689240374546,1.76653203206948,,0.896933197975159,0.195597657921628,39.7654141656663,,2.19171371926123,5.62,97.5087785825581,,960.6,148.858664731618,100.0,,,,72.94,-0.4
Netherlands,2017.0,,15.02980824,100.0,9.08926563407696,1.85559496359799,,0.907122313976288,0.215336076465677,,,2.91090251315005,6.39,101.706050401719,,967.3,156.028211221086,100.0,,,,71.9654545454545,
Netherlands,2018.0,,16.3669836132,100.0,8.78514410481566,1.65067371932604,,0.838097333908081,0.320730424537342,,,2.36091509478513,7.44,101.868157047422,,992.2,158.823210208957,100.0,,,,73.5472727272727,
Netherlands,2019.0,,17.0006069189,100.0,8.41396927991521,1.63580569580164,,0.821221172809601,0.201138066501046,,,1.95558841574046,8.61,99.9893410484901,,993.5,155.270676645491,100.0,,,,76.3945454545455,
Netherlands,2020.0,,16.8035605907,100.0,7.4715534787719,1.59906092676986,,0.830863893032074,0.0724657054602596,,,-3.88608391819609,10.79,97.2306274728835,,882.0,146.46177796191,100.0,,,,75.5090909090909,
New Zealand,2013.0,,7.0957620212,100.0,7.17802390761126,7.03371664955561,74.2581122307479,1.45392656326294,0.622195262093296,56.4660251968504,21.0062864010354,2.76492098657732,28.29,18.9915178828672,,364.698102,56.0171482819501,100.0,13.4252921807959,,25.6240177498382,2.66253822629969,
New Zealand,2014.0,,8.0480847596,100.0,7.07864496844902,4.77685746074917,79.2023905298242,1.46792757511139,0.678734974111724,57.8483957219251,23.3076657855419,3.81083683791805,28.99,17.382365148131,,363.801852,55.1646268595212,100.0,13.5168460308739,,20.6711872198598,3.01987767584098,
New Zealand,2015.0,128.2,8.0480847596,100.0,7.00334099882848,4.47129317772382,80.0814387512725,1.51113760471344,0.480778915000058,59.6357409133271,24.5786675715417,3.73643071502539,29.32,18.0318451785236,,375.21086,54.9212814286833,100.0,13.9876097391326,,19.7896165592128,3.01987767584098,
New Zealand,2016.0,152.5,8.0480847596,100.0,6.61540909187332,5.55164392802769,,1.50114333629608,0.333800409990242,62.4730724823605,,3.80175804809272,30.09,18.7173723038178,,377.678471,52.5080085965695,100.0,,,,3.01987767584098,
New Zealand,2017.0,198.3,8.0480847596,100.0,6.84049360146252,5.91484955746124,,1.56213212013245,0.34598108894944,,,3.52441324940476,28.4,19.3770498532339,,390.078471,54.2140078222552,100.0,,,,3.01987767584098,
New Zealand,2018.0,211.2,8.0480847596,100.0,6.61327184426397,5.66435142098612,,1.51216089725494,0.419178999282089,,,3.52518320036963,28.93,20.0601263593874,,395.378471,55.8029722660345,100.0,,,,3.01987767584098,
New Zealand,2019.0,194.5,8.0480847596,100.0,6.83005302056555,5.68748512120997,,1.41574943065643,0.4002142881728,,,2.44598315515373,27.93,20.5507936710406,,401.478471,54.3841804066818,100.0,,,,3.01987767584098,
New Zealand,2020.0,178.2,8.0480847596,100.0,6.16079918274331,5.65200811482786,,1.46777844429016,0.254600640202847,,,-0.653921432098016,28.61,20.4164076267594,,353.578471,43.9750453789716,100.0,,,,3.01987767584098,
Nicaragua,2013.0,,2.5141391233,81.8954238891602,0.73100554811199,16.4917320369757,52.3043686989918,-0.249215871095657,0.0361636021096833,91.389153674833,41.3586173787806,4.92679226883017,54.28,8.06141903680803,3.5,106.0,110.984421610872,59.2739307740273,3.18147154752007,3.5,47.6956313010082,0.922543080148518,
Nicaragua,2014.0,,2.4652659709,81.853073,0.766443602468546,16.7093056812028,53.8686459739091,-0.0407801233232021,0.0301291567658868,90.9816596638655,44.9842555105713,4.78517074681967,53.02,8.61463432725727,3.5,111.1,106.697729918321,59.2726848434114,3.34174918847901,3.5,46.1313540260909,0.904609470904552,
Nicaragua,2015.0,,2.4163928186,83.2425537109375,0.839345517843812,16.1101157008631,50.0545970735969,-0.092195525765419,0.0,94.5626755218216,43.6121423891679,4.79270223158466,50.0,9.21009545590998,3.5,114.7,98.1938816302231,61.3270631714713,,3.5,49.9454029264031,0.886675861724602,
Nicaragua,2016.0,,2.3675196663,83.9479675292969,0.846846296935392,14.9150188949169,,-0.0954835712909698,0.0067455276076273,97.4685873605948,,4.56292760915053,49.54,9.82914647067726,3.5,118.0,93.8134597026779,62.339356010002,,3.5,,0.868742252544651,
Nicaragua,2017.0,,2.318646514,84.6272811889648,0.837724433734761,14.9968620256831,,-0.0538232065737247,0.011052112794889,,,4.63082155203914,48.91,10.5010927296514,3.0,122.8,96.3799845515111,63.2984280035463,,3.0,,0.850808643364701,
Nicaragua,2018.0,,2.2697733617,85.2143325805664,0.764549887382264,15.3218585457483,,-0.950931131839752,0.0183749245859617,,,-3.36264928841204,51.44,10.3664858217526,3.0,118.7,93.984739213797,64.4347577651321,,3.0,,0.832875034184751,
Nicaragua,2019.0,,2.2198185625,85.661979675293,0.770101819888702,15.5294402944267,,-0.992481052875519,0.013993925813168,,,-2.89702791954369,50.72,10.2926948394162,3.0,121.1,94.04228104628,65.2430799677335,,2.5,,0.81454452339799,
Nicaragua,2020.0,,2.2209002094,86.003303527832,0.678252104273379,15.736285441955,,-0.58572518825531,0.0073238878585793,,,-1.7662584519904,52.13,10.1059749271236,3.0,118.0,88.9298223452268,65.8517183116727,,2.5,,0.814941425004801,
Nicaragua,2021.0,,,86.2914733886719,,15.5288678960856,,-0.47199821472168,0.0185138495292042,,,10.3468976209071,,,2.5,,106.681473292799,66.3371347947688,,2.5,,,
Niger,2013.0,,6.1981418278,15.1519823074341,0.105880498031464,32.2350107295479,0.90293453724605,-1.32179939746857,2.83790366570211,86.0413407821229,0.90293453724605,5.31513063394726,78.7,5.98729952964152,3.5,121.6,46.2951491493291,6.60190348241411,0.0119957429061221,3.0,99.0970654627539,41.5098412685714,
Niger,2014.0,,6.4483788396,15.7323713302612,0.111334835913292,33.4290442343639,0.90293453724605,-1.17584049701691,1.78651350864378,83.1557070707071,0.90293453724605,6.64213665495603,78.08,6.13720724088312,3.5,127.4,45.7416008365932,7.29603551363095,0.0119184142965537,3.0,99.0970654627539,43.1857142857143,
Niger,2015.0,,7.3442832765,16.6,0.104907441945409,32.4169952714448,0.753295668549906,-1.05970323085785,0.534779419069772,84.6946700507614,0.753295668549906,4.39264883207291,78.88,5.62525002988256,3.5,132.3,44.727430371186,8.14216421159731,,3.5,99.2467043314501,49.1857142857143,
Niger,2016.0,,7.4539249147,16.9739780426025,0.100195284876599,35.2629582125475,,-1.10075747966766,0.602444300834968,82.8332487309645,,5.74089315058157,80.25,5.86069622077801,3.5,133.6,36.4881092245519,8.75938824038937,,3.5,,49.92,
Niger,2017.0,2181,6.7461134812,17.5764389038086,0.0874508612184734,35.8168682043005,,-1.25950515270233,0.775759677592846,,,5.00536078545952,82.01,6.79973603367397,3.0,135.4,39.0711117375011,9.21441056565426,,3.5,,45.1796857142857,
Niger,2018.0,2687.8,10.3733404437,17.6,0.0866494651340312,37.5776218585304,,-1.35823786258698,0.739768818628485,,,7.21141802870243,81.97,4.74097980235419,3.0,141.9,37.5388483985262,11.6982017879697,,3.5,,69.4717428571429,
Niger,2019.0,3888.4,11.0209377133,18.4574337005615,0.092100576055693,36.9919203926995,,-1.4049586057663,0.439130161844699,,,5.93985257070464,80.74,4.72745662387482,3.5,149.2,37.1025664250326,9.70680044897649,,3.5,,73.8087942857143,
Niger,2020.0,,11.0209377133,18.7219104766846,0.0903255776910309,38.3755798591005,,-1.66716468334198,0.184340901310253,,,3.55064109384932,81.91,4.89531164145602,3.5,159.9,35.5129906572481,9.72373499103413,,3.5,,73.8087942857143,
Niger,2021.0,7705.8,,18.6,,36.4810258009691,,-1.53848505020142,0.238220505040745,,,1.38359636202017,,,3.0,,37.0158935504145,9.08250193993247,,3.5,,,
Nigeria,2013.0,,9.6682170543,55.6,0.618778681422468,20.7586228322439,18.4399127514455,-2.08847832679749,5.15673822947642,56.2370484104046,0.0,6.67133539306172,82.19,36.2235495547464,3.5,5972.0,,31.6345943366856,0.277955771593848,3.5,81.5600872485545,5.64343891402715,
Nigeria,2014.0,,9.6682170543,54.1536521911621,0.640072080671911,19.9902547680805,17.5913129318855,-2.1302764415741,3.65978499350569,57.365512908778,0.0,6.30971865525467,80.64,38.5091536185977,3.5,6064.8,,27.1251785260755,0.274463995659247,3.5,82.4086870681145,5.64343891402715,
Nigeria,2015.0,20325.4,9.6682170543,52.5,0.58559167537452,20.6318934800012,18.1951250556864,-1.92170512676239,1.48796897074401,50.1207526583449,0.0,2.65269329543003,82.18,39.530683354765,3.5,6048.5,,25.9039720250132,,3.5,81.8048749443136,5.64343891402715,
Nigeria,2016.0,23154.9,9.6682170543,59.3,0.587371085185034,20.9831097083173,,-1.87388896942139,1.26813852174609,56.8753661686036,,-1.61686894906529,82.02,38.8915240102485,3.5,6239.9,,33.9704581428479,,3.5,,5.64343891402715,
Nigeria,2017.0,26333.9,9.6682170543,54.4,0.560638215463648,20.8465714300542,,-1.99671685695648,2.60563035209807,,,0.80588661910221,82.32,39.204945598212,3.5,6325.1,,22.617436386239,,3.5,,5.64343891402715,
Nigeria,2018.0,29892.7,9.6682170543,56.5,0.572783212388204,21.203773720121,,-2.09741425514221,3.80255446619972,,,1.92275734200651,81.64,39.9587615681313,3.5,6487.0,,30.9508457796308,,3.0,,5.64343891402715,
Nigeria,2019.0,35271.4,9.6682170543,55.4,0.588005207479626,21.9062959303516,,-1.93307113647461,3.2835440091152,,,2.20842927714881,80.81,40.841222557388,3.5,6669.3,,25.5497757961019,,3.5,,5.64343891402715,
Nigeria,2020.0,41170.9,9.6682170543,55.4,0.537510175389551,24.1433058670212,,-1.89196145534515,1.58754632268501,,,-1.79425308274458,82.51,40.1084276626215,3.5,6583.3,,24.5769077590438,,3.5,,5.64343891402715,
North Macedonia,2013.0,,11.972410455,99.7195434570313,3.80914636982372,10.0274760854448,26.1404660321628,-0.416076391935349,0.0145254980389802,31.9972451456311,0.147686248769281,2.92525766450484,21.16,18.9033294111461,,62.0,104.857229956305,99.4917282040565,5.92867005777624,,73.8595339678372,9.16111111111111,
North Macedonia,2014.0,,16.4022587932,99.8175964355469,3.60000212820397,10.1775672771312,24.0416821734276,0.256382942199707,0.0179010041466017,33.8891131105398,1.58168961667287,3.62912351276373,21.19,14.298749738742,,61.4,112.537928969299,99.708039186369,5.52938174692284,,75.9583178265724,12.5507654314815,
North Macedonia,2015.0,<100,20.8321071313,99.9032745361328,3.44991319788274,9.72691849418736,35.9369465108041,-0.292592734098434,0.0144349706054265,37.2092647058824,2.90471130003542,3.85586514041738,23.91,11.6922892989355,,61.3,113.698443879103,99.914010342308,,,64.0630534891959,15.9404197537037,
North Macedonia,2016.0,<100,25.2619554695,99.9661178588867,3.35958195214452,9.17290831294816,,-0.355312615633011,0.0107031509486604,38.5059810554804,,2.84820519363306,21.37,9.91659335563618,,61.3,116.185408418026,99.9894336229219,,,,19.3300740740741,
North Macedonia,2017.0,<100,38.6923281704,99.9943161010742,3.5845711404472,7.87324504211252,,-0.258881121873856,0.0004745116359742,,,1.08177273813243,19.0,6.54451484555191,,65.7,124.13728389629,100.0,,,,29.6067962962963,
North Macedonia,2018.0,<100,52.1227008712,99.8,3.34772328711305,8.47039846991427,,-0.21198371052742,0.0004115783660021,,,2.88059670964267,20.87,4.99814536147976,,62.0,133.215207648008,99.8,,,,39.8835185185185,
North Macedonia,2019.0,105.9,38.7023233301,100.0,3.83113737507789,8.13229139447626,,0.0080932611599564,0.0002883283423364,,,3.91041953840173,17.05,6.99451902455907,,68.4,138.576231840539,100.0,,,,29.6144444444444,
North Macedonia,2020.0,126.1,38.7023233301,100.0,3.27942018720106,8.56904257773164,,0.112023413181305,0.0002472907301323,,,-6.11088671102702,20.26,6.56709189098703,,58.6,128.241258081377,100.0,,,,29.6144444444444,
Norway,2013.0,,2.0941444867,100.0,7.80116949624017,1.25303567412594,97.7022692526755,1.3520919084549,6.22653789091165,79.2133420570531,1.66072124464163,1.01619082409272,57.24,135.606481989362,,352.563263,67.9727925936832,100.0,29.1717391777941,,1.98297311070476,0.720890052356021,
Norway,2014.0,,2.1131558935,100.0,7.71680157719176,1.38343133732434,97.6555308512597,1.11995851993561,5.73736562017344,77.1334482758621,1.75251016101851,2.04813199855084,56.32,137.138884962257,,342.679921,69.1373772209037,100.0,32.2757934551016,,1.9706003143897,0.727434554973822,
Norway,2015.0,<100,2.0634980989,100.0,7.76485866052295,1.48183029554502,97.709870624366,1.14562010765076,3.77589038604521,72.5807867494824,1.88435402509693,1.85733972643303,57.28,143.047544590208,,348.788543,70.431856540017,100.0,31.3179314225439,,1.93021219827407,0.710340314136126,
Norway,2016.0,<100,2.0138403042,100.0,7.56103855960786,2.03389884901806,,1.18162095546722,2.88451446890449,61.590139657444,,1.16472423497285,58.37,148.282040689905,,376.158895,69.1168423974699,100.0,,,,0.693246073298429,
Norway,2017.0,<100,2.0464638783,100.0,7.42375166951931,1.91877892439687,,1.15070021152496,4.01726038453833,,,2.46374628510146,59.52,149.513266467204,,406.058895,69.1087817621061,100.0,,,,0.704476439790576,
Norway,2018.0,<100,2.0464638783,100.0,7.26131587924207,1.81119901939869,,1.12063598632813,5.42299407644147,,,0.828931484017275,59.74,150.752629005734,,380.158895,70.0031957894984,100.0,,,,0.704476439790576,0.4
Norway,2019.0,<100,2.0464638783,100.0,7.04232094266605,1.78246102169707,,1.14198648929596,4.58125148190583,,,1.12374696436403,60.6,152.446707097884,,396.258895,70.8958205272987,100.0,,,,0.704476439790576,
Norway,2020.0,<100,2.0464638783,100.0,6.7250800496331,1.8439294251894,,1.22151875495911,3.18099507439657,,,-1.2781717845226,61.29,150.498176301325,,368.158895,65.3539790413323,100.0,,,,0.704476439790576,
Oman,2013.0,,116.7142857143,100.0,16.5105274741398,1.14226556083793,0.0,0.459530204534531,30.8537490125171,17.2557632398754,0.0,5.22770408145942,0.0,45.2841438576395,,289.0,112.543232582619,100.0,0.0,,100.0,116.714285714286,
Oman,2014.0,,116.7142857143,100.0,16.558313527136,1.11270719472095,0.0,0.734907329082489,27.6884954197782,16.5177105630526,0.0,1.29225229411081,0.0,45.8693292455083,,305.9,102.278159964986,100.0,0.0,,100.0,116.714285714286,
Oman,2015.0,,116.7142857143,100.0,16.7307842785492,1.72976080728779,0.0,0.7780522108078,16.5373046097106,13.7284319180088,0.0,5.01705799719045,0.0,48.1706200966777,,323.6,96.3755976513582,100.0,,,100.0,116.714285714286,
Oman,2016.0,,116.7142857143,100.0,16.4157459976763,1.98532211721536,,0.749765634536743,14.2225145970067,8.8853825136612,,5.04642394571691,0.0,50.6015138040368,,312.2,82.8621871430055,100.0,,,,116.714285714286,
Oman,2017.0,,116.7142857143,100.0,15.7717971559632,1.98459925247834,,0.749311625957489,16.9261767595748,,,0.304057565922449,0.01,50.7553715352292,,310.9,88.9528263652563,100.0,,,,116.714285714286,
Oman,2018.0,,116.7142857143,100.0,16.3795758327742,1.84942019099591,,0.642036437988281,21.8635907423169,,,1.28710391543288,0.01,51.4086459095517,,307.4,89.2792178262847,100.0,,,,116.714285714286,
Oman,2019.0,,116.7142857143,100.0,16.4563584347506,1.99471933938581,,0.589168727397919,20.1755256899817,,,-1.1287110618463,0.01,50.8283908364252,,306.5,86.4761336586,100.0,,,,116.714285714286,
Oman,2020.0,,116.7142857143,100.0,15.6362010028175,2.46933965497997,,0.419728547334671,15.3559384145671,,,-3.37971439992238,0.05,49.1105363920777,,256.1,91.8757003977989,100.0,,,,116.714285714286,
Pakistan,2013.0,,112.569780995,89.3315200805664,0.710993636907017,23.7075945934908,31.0061877858488,-2.60330200195313,1.6186664755959,47.898450034459,0.381452015834582,4.36686504978387,48.13,1.50650549748222,2.5,2493.2,30.8902750190393,84.7611163661509,4.00054033014265,3.0,64.1031553864484,333.636363636364,
Pakistan,2014.0,,119.5448132016,90.1381759643555,0.740619420271711,23.4927320097855,31.1025535574083,-2.40127921104431,1.47105128622523,47.4679273768465,0.749616779451901,4.11642817161422,47.22,1.47700193746295,3.0,2612.8,29.4698258334981,85.7958769344521,4.03213940610342,3.0,63.4725389763338,354.309090909091,
Pakistan,2015.0,1924,120.7901355745,90.9774703979492,0.778086202855925,23.2628407756242,31.4303497172134,-2.47188353538513,0.838838251221683,47.171800232288,0.757705595295009,4.21794209572506,45.88,1.52343113527056,3.0,2779.0,26.6881846039541,86.8954117369656,,3.0,63.0871090825448,358.0,
Pakistan,2016.0,1719.5,122.5507637568,91.8323059082031,0.848207168777178,22.3283302035697,,-2.47387385368347,0.621985557166417,45.9771169075705,,6.57383828511043,43.69,1.60025385138279,3.0,2957.8,24.7015795148236,88.0321639310869,,3.5,,363.218181818182,
Pakistan,2017.0,2756.8,122.6734556162,92.6610260009766,0.918472672488548,21.9632035366872,,-2.39691042900085,0.760673199539742,,,4.43262590683975,42.1,1.66951568034054,3.0,3159.3,25.4720364087022,89.139696973895,,3.5,,363.581818181818,
Pakistan,2018.0,3524.4,118.2381448991,93.3974914550781,0.850427079681196,21.6512353593957,,-2.2538845539093,0.910693461240487,,,6.15170261099519,43.36,1.83869823299887,3.0,3114.6,27.6260563651623,90.1095665721062,,3.5,,350.436363636364,
Pakistan,2019.0,10648.9,108.6497760874,93.9,0.824459652346009,20.6778713222887,,-2.25163745880127,0.913737938297803,,,2.49763692943365,45.88,2.05094060392777,3.0,3099.2,28.9055757994453,90.7412058298626,,3.5,,322.018181818182,
Pakistan,2020.0,19736.8,116.3057481136,94.4852828979492,0.81036021551031,21.8541325548966,,-1.79264628887177,0.725184810753193,,,-1.27408744338709,46.6,1.89152417584921,3.0,3109.8,26.7162804594298,91.4552324871298,,3.5,,344.709090909091,
Pakistan,2021.0,29863.8,,94.9228591918945,,22.6625080760743,,-1.7136561870575,0.914493271659386,,,6.51388575852702,,,3.0,,27.030421558764,91.9433118402933,,3.5,,,
"Palestine, State of",2013.0,,43.1322207959,99.9,,7.59868299359994,0.0,-1.77882349491119,0.0,,,4.69856986552234,11.74,44.6177248677249,,,66.2713181162369,99.6271513440528,,,,37.2413793103448,
"Palestine, State of",2014.0,,39.1527599487,99.9,,7.83505007255338,0.0,-1.98501086235046,0.0,,,-0.157866650855297,10.76,49.0750455373406,,,67.7398371659149,100.0,,,,33.8054187192118,
"Palestine, State of",2015.0,,41.5347311368,99.9,,7.40889181529301,0.0,-2.1540961265564,0.0,,,3.72129967114788,10.99,47.9821428571429,,,70.7809681944405,99.5940240100627,,,,35.8620689655172,
"Palestine, State of",2016.0,,40.0228212808,100.0,,7.60382722941306,,-1.97087836265564,0.0,,,8.86461881995935,12.32,54.2088382038489,,,65.4225141833383,100.0,,,,34.5566502463054,
"Palestine, State of",2017.0,,41.0783055199,99.9,,7.0405505952381,,-1.65064537525177,0.0,,,1.41936756294787,10.51,53.565625,,,68.4486607142857,99.5851654056571,,,,35.4679802955665,
"Palestine, State of",2018.0,,42.7471116816,100.0,,7.3596451347333,,-1.80479407310486,0.0,,,1.22707737782703,12.73,52.1061061061061,,,71.4012754506469,100.0,,,,36.9088669950739,
"Palestine, State of",2019.0,,47.0118385394,100.0,,7.05401698427058,,-1.88934803009033,0.0,,,1.36268746558062,13.86,48.0248786407767,,,68.9934922812035,100.0,,,,40.5911330049261,
"Palestine, State of",2020.0,,50.2638710598,100.0,,7.10160510439939,,-2.01818037033081,0.0,,,-11.3184661065134,15.02,39.8337116912599,,,67.2881912475775,100.0,,,,43.3990147783251,
Panama,2013.0,,0.903600119,89.1,2.68275540120307,2.94452400114913,57.9258763116767,-0.141260921955109,0.0134975382692432,89.9987558906692,0.390712212547444,6.90394810915348,20.71,40.0822348512004,,106.1,137.634073758934,71.1997325300499,9.34930385926325,,42.0741236883233,0.889311859443631,
Panama,2014.0,,0.8934096995,90.8482971191406,2.76643678385556,2.84988001137789,55.7984279099817,0.209008201956749,0.0258902442374015,80.4919503546099,1.59362549800797,5.06642233879558,19.78,42.5933195738504,,113.1,119.090610439611,74.4861057659609,8.85658059549827,,44.2015720900183,0.879282576866764,
Panama,2015.0,,0.9307497769,91.6038589477539,2.68123188224505,2.78600453303458,65.3263403263403,0.377415180206299,0.0033580483104261,84.9921495327103,4.55516705516705,5.73305430915852,21.9,43.2284823783265,,117.6,99.9364044088013,76.2998639774914,,,34.6736596736597,0.916032210834554,
Panama,2016.0,,0.9010711098,92.3552703857422,2.64568083736678,2.60051772044132,,0.40072774887085,0.0041155996576465,81.5796843082637,,4.9532114714853,22.1,46.8640261207965,,123.7,87.4084102804981,78.0826995272269,,,,0.886822840409956,
Panama,2017.0,,0.9010711098,93.7,2.47466896871459,2.3847051655314,,0.380333244800568,0.0,,,5.59114887414709,23.6,49.4842635896294,,123.9,87.4279122931963,100.0,,,,0.886822840409956,
Panama,2018.0,,0.9010711098,93.8,2.38131879080632,2.37047773821094,,0.252037286758423,0.0,,,3.68542981594908,24.44,51.3079713941645,,122.7,,,,,,0.886822840409956,
Panama,2019.0,,0.9010711098,93.9,3.09505043316861,2.35729957439774,,0.290878117084503,0.0,,,3.28187497706709,18.91,52.9918348685903,,137.7,,,,,,0.886822840409956,
Panama,2020.0,,0.9010711098,95.3360137939453,2.23144302481653,2.9452449834368,,0.235460698604584,0.0,,,-17.6683327218533,28.43,43.6290611685927,,105.9,,85.6321447859793,,,,0.886822840409956,
Papua New Guinea,2013.0,,0.1322428331,17.7935695648193,0.633608578219704,19.2600193533343,35.7719475277497,-0.520246863365173,2.92822640715711,93.603154875717,,3.82494632800675,58.27,45.7824854558078,2.0,0.0,,10.3075519700318,,3.0,,0.0489513108614232,
Papua New Guinea,2014.0,,0.1322428331,18.0859203338623,0.6896023736811,17.6919442750767,34.5306513409962,-0.339367091655731,5.62931225098821,93.2055195911414,,13.5437706216546,56.82,51.9831602708348,2.0,0.0,,10.7756535337454,,3.0,,0.0489513108614232,
Papua New Guinea,2015.0,,0.1322428331,18.4109210968018,0.733652654277604,17.4569301700841,34.5306513409962,-0.416289240121841,7.24392100297773,86.399766718507,,6.57835632304275,55.15,55.4027977814287,2.0,0.0,,11.2779519868304,,3.0,,0.0489513108614232,
Papua New Guinea,2016.0,,0.1322428331,13.5,0.737248612763731,17.8663404294926,,-0.504316508769989,5.5382297877599,76.3197378768021,,5.48957315278187,54.56,58.4441748943281,2.0,0.0,,5.59045079451893,,3.0,,0.0489513108614232,
Papua New Guinea,2017.0,,0.1322428331,19.2309398651123,0.713597978495624,17.649568905745,,-0.691195011138916,6.00941112814746,,,3.53461081750459,54.45,60.5099490223443,2.0,0.0,,12.2891591376563,,3.0,,0.0489513108614232,
Papua New Guinea,2018.0,,0.1322428331,16.6,0.762549780383734,16.9738355202322,,-0.656307816505432,6.76305284749804,,,-0.279252284959952,52.96,60.3409736070713,2.0,0.0,,10.4728374882,,3.0,,0.0489513108614232,
Papua New Guinea,2019.0,,0.1322428331,23.6,0.782552890305524,16.9761433524604,,-0.705046415328979,7.20712964983024,,,4.48043062171888,53.12,63.0445090660058,2.0,0.0,,17.1239216405393,,3.0,,0.0489513108614232,
Papua New Guinea,2020.0,,0.1322428331,20.4961185455322,0.563251566211675,18.7553276373993,,-0.653707087039948,5.52625195979549,,,-3.16738117629639,54.28,61.0476491531607,2.0,0.0,,13.6107910741939,,3.0,,0.0489513108614232,
Papua New Guinea,2021.0,,,20.9166011810303,,18.9899370757879,,-0.576708912849426,9.36808680050081,,,-0.780328796906943,53.48,,2.0,,,14.0345484494868,,3.0,,,
Paraguay,2013.0,,1.835399711,99.015884,0.882701828211158,12.8648395783675,99.9950315496597,-0.735861599445343,0.169491888555804,93.4739056603774,0.0,8.29307648940471,62.55,13.8419911929648,,189.7,73.3698713841075,97.8732195878365,15.6964751065647,,0.0049684503403388,2.06239316239316,
Paraguay,2014.0,,1.835399711,99.000716,0.924028534552806,11.7708565049879,99.9891465576499,-0.0886275097727776,0.158185915687049,92.4240319715808,0.0,5.30123859237025,62.54,14.5757881720387,,199.5,69.0837249631346,97.7289608791323,16.2964380107799,,0.0108534423501321,2.06239316239316,
Paraguay,2015.0,<100,1.835399711,99.331532,1.03068169862171,9.44042072518412,99.9982060849598,0.0352126285433769,0.0900304817865495,89.401114599686,0.0,2.95715173487106,60.51,15.0068163448393,,212.9,66.9150655259573,98.5827141533253,,,0.0017939150401837,2.06239316239316,
Paraguay,2016.0,<100,1.835399711,98.4,1.14776478210326,10.6965134075561,,0.13447080552578,0.0668037964354051,95.1368531468531,,4.26802583314583,62.49,15.6473111431698,,266.0,67.7593152322047,96.0512810812205,,,,2.06239316239316,
Paraguay,2017.0,165.7,1.835399711,99.3,1.24632517460731,10.1848244821501,,-0.0028560443315655,0.0383267376789851,,,4.81007885554041,60.12,16.399959147928,,283.2,71.0801344038377,98.5080101531139,,,,2.06239316239316,
Paraguay,2018.0,262.3,1.835399711,99.6,1.29748167406657,9.95020338546986,,-0.0868015140295029,0.0584887381620262,,,3.20425034076639,59.24,16.925454894811,,291.8,72.069223625915,99.1190549142616,,,,2.06239316239316,
Paraguay,2019.0,340.4,1.835399711,99.7,1.24066887329392,9.66747366416583,,-0.0180594231933355,0.0461215816368336,,,-0.40185510068001,60.09,16.8574390910029,,290.6,71.2221617342433,99.3753547467552,,,,2.06239316239316,
Paraguay,2020.0,370.6,1.835399711,99.7,1.14459119207034,10.72799028221,,0.0166849344968796,0.0251307362043053,,,-0.819785390971916,61.44,16.7192442680429,,270.3,62.7602174748561,99.3711373428281,,,,2.06239316239316,
Peru,2013.0,,4.7411290797,92.135365,1.65625408117878,6.66831016491401,53.9396864800257,-0.805739760398865,0.576908865552091,52.5539155896607,2.66170183422976,5.85251821084928,28.35,7.05480400544723,,564.9,49.7871424471444,69.9050114897088,8.43171079816171,,46.0603135199743,1.55090681899452,
Peru,2014.0,,5.1839525111,92.919989,1.75159405113357,6.80424741378252,52.3684555832568,-0.550656914710999,0.591112982801342,49.2243192577163,3.82058347548441,2.38215737180541,28.56,6.60586956905293,,571.4,46.8531210912899,72.7675028572342,7.18231926435614,,47.6315444167432,1.69576216207191,
Peru,2015.0,,5.6267759425,93.852179,1.7763005780535,7.04564405972046,52.7305133572361,-0.398910075426102,0.24877815163583,51.7141025641026,3.58956291061325,3.25224477218451,27.43,6.28392349765224,,592.1,45.1627686891148,76.692689134919,,,47.2694866427639,1.84061750515539,
Peru,2016.0,,6.069599374,94.2,1.8263804846975,6.93503461650105,,-0.207934841513634,0.114996035543677,56.4807518131965,,3.95331871520767,27.2,6.05576263000492,,628.8,45.3888411964154,77.9748393653812,,,,1.98547284823279,
Peru,2017.0,,6.5124228054,94.8,1.71724301281113,6.77975956010925,,-0.263510197401047,0.157566712184688,,,2.51883544233135,27.59,5.78615343102941,,626.1,47.5135503619971,80.4978448676186,,,,2.13032819131627,0.0
Peru,2018.0,,6.9552462368,95.2,1.69513088210562,6.88584285144097,,-0.276951968669891,0.321731219100192,,,3.969351341365,27.89,5.63281332366331,,637.3,48.631470171736,81.7999810536238,,,,2.27518353439366,
Peru,2019.0,,7.1814456036,95.551360223182,1.73564177469023,6.85303103477238,,-0.1636593490839,0.327780706797745,,,2.24063176875049,27.14,5.57762764177212,,656.8,46.9435053754409,82.9478253388103,,,,2.34917733089579,
Peru,2020.0,,7.1814456036,96.2,1.39856601861908,7.69543564349422,,-0.35773891210556,0.157267891279944,,,-10.8696407826493,31.62,4.97135955291775,,557.7,43.8346828753392,86.0985574555857,,,,2.34917733089579,
Philippines,2013.0,,25.8168755732,87.5,0.957913716180866,12.4734251047231,26.4036882523317,-1.08425319194794,0.170690542906977,42.3579744376278,13.0922328807164,6.75053130394745,33.05,3.20855642609626,,1048.3,55.8247812334196,81.8996931700845,3.09709334037404,,73.5564531129594,17.6298538622129,
Philippines,2014.0,,25.8122898196,89.762336730957,1.00490794980017,12.2716816208658,25.5973182159406,-0.713820934295654,0.192911842071795,42.1769974140408,13.7713235484455,6.34798748029741,32.33,3.41284139638324,,1089.3,57.4681720862891,84.6014811937711,2.90636149038805,,74.359969972302,17.6267223382046,
Philippines,2015.0,,26.4139406909,89.08,1.07725351401488,10.9964991547046,25.4134663220608,-0.854724228382111,0.118811167070858,45.7479783584059,14.8993484037713,6.34830971539886,30.75,3.54682721350368,,1190.0,59.1415921044611,83.1949802612112,,,74.5634790627692,18.0375782881002,
Philippines,2016.0,,26.6309996943,91.9827194213867,1.15275130744364,10.2051255326965,,-1.37869036197662,0.114863742137228,44.9803402177394,,7.14945675286656,28.51,3.76943044750829,,1275.9,61.7760657662036,87.9373454824726,,,,18.1858037578288,
Philippines,2017.0,,28.0621461327,93.0,1.25031454207887,10.1829541315339,,-1.18929064273834,0.130523087003029,,,6.93098832521765,27.69,3.82512738658772,,1359.9,68.1683697434961,90.0231666645405,,,,19.1631064718163,
Philippines,2018.0,3491.8,28.1742007918,94.189826965332,1.28139072984074,9.65014035825873,,-1.09619224071503,0.183688122349183,,,6.34148557098946,27.53,4.05151920934696,,1401.3,72.1633982998175,91.3173737736991,,,,19.2396264697286,
Philippines,2019.0,4369.2,26.2510385326,95.2904739379883,1.32152779028498,8.82032374716967,,-0.928045392036438,0.152600780502982,,,6.11852566118505,26.8,4.61438923853083,,1456.9,68.8418422585097,93.0239783185136,,,,17.9263354989562,
Philippines,2020.0,5426.8,26.2510385326,96.3902893066406,1.18967945167284,10.1853110317615,,-0.778701364994049,0.10987413609413,,,-9.5182947406494,29.06,4.17517807032665,,1288.9,58.1695603022281,94.7424866306334,,,,17.9263354989562,
Poland,2013.0,,38.9061959155,100.0,7.84182079398329,3.24619078525218,10.405311482606,0.973354995250702,0.176177897937229,19.1099953072101,8.91831583568058,0.85655708060645,11.41,39.1624997226758,,2244.305098,90.7793630676402,100.0,0.748831705149234,,89.5062857421565,20.9701492537313,
Poland,2014.0,,36.7982000692,100.0,7.5168891922455,2.9930281461549,12.5186110480228,0.842940807342529,0.134234298123509,19.6221845033947,11.1413934943347,3.83695849351797,11.58,42.9946637251757,,2181.976535,92.5686482977292,100.0,0.932936674464885,,87.360259419083,19.8339552238806,
Poland,2015.0,697.3,36.1647628937,100.0,7.6100211833642,2.50307066391396,13.8023986710559,0.862319052219391,0.0998186801504259,20.2944123854005,12.687643375664,4.38329863507276,11.87,45.6653223554007,,2218.572294,92.8187888489723,100.0,1.14302403851018,,86.0813795705271,19.4925373134328,
Poland,2016.0,454.3,35.6143994462,100.0,7.89575225360953,2.64536303323162,,0.496157646179199,0.0802010308669439,22.1030523120037,,2.95350884167718,11.34,47.7405784861539,,2297.525748,97.5399375676193,100.0,,,,19.1958955223881,
Poland,2017.0,285.5,34.8909657321,100.0,8.23624313643991,3.01034802405091,,0.50975513458252,0.0992918997714656,,,5.14001757409446,11.13,51.2351907646376,,2464.525748,101.281222355928,100.0,,,,18.8059701492537,
Poland,2018.0,<100,33.2225683628,100.0,8.20953133332017,2.41461815767273,,0.480340898036957,0.122084570912255,,,5.94520847705498,15.05,57.0071676459323,,2706.525748,103.450495789807,100.0,,,,17.9067164179104,
Poland,2019.0,<100,31.0971928003,100.0,7.76885578278686,2.36946425855979,,0.550631165504456,0.0915204988141914,,,4.44998787878788,15.62,63.6135855976831,,2657.425748,102.688713790566,100.0,,,,16.7611548507463,
Poland,2020.0,360.3,30.0,100.0,7.36756337292709,2.56883771547078,,0.49156528711319,0.0520976228306071,,,-2.02007073357655,16.14,64.6080939095167,,2560.025748,100.324211437704,100.0,,,,16.169776119403,
Portugal,2013.0,,17.5722992432,100.0,4.45193522799156,2.09548269898385,58.3191514623818,0.74876344203949,0.0469168511517236,52.1460631443299,31.1493252067915,-0.922644674527888,30.17,22.221597284908,,528.895011,78.1144346199064,100.0,10.0140348015673,,41.0891676890806,23.0150877192105,
Portugal,2014.0,,17.4382604425,100.0,4.41600098143824,2.07611116482919,60.7401990030601,0.8062744140625,0.0472877787735754,52.8852775963423,30.7761889181855,0.792190301875365,30.46,22.5697935434422,,528.942192,80.2823078763457,100.0,10.7045933404571,,38.7671048326565,22.8395321636842,
Portugal,2015.0,422,17.3042216418,100.0,4.81285327506769,2.09944392552801,47.526374290673,0.904212951660156,0.0199325643436486,49.7049528585757,30.6390281000761,1.79204604555983,27.21,23.1522136106359,,555.737371,80.4908943813068,100.0,8.04425464477711,,51.8730133967746,22.6639766081579,
Portugal,2016.0,366.7,17.1701828411,100.0,4.71603567572635,2.06581098417221,,0.958625793457031,0.0147742824102917,53.3354470877769,,2.01948539561312,29.0,23.8041565927074,,547.700896,79.2742296253386,100.0,,,,22.4884210526316,0.0
Portugal,2017.0,334.1,12.3798874824,100.0,5.1719561566168,2.09586857603127,,1.10616815090179,0.0226972707742777,,,3.5063452848124,24.42,34.1725978099475,,558.900896,84.4391405215721,100.0,,,,16.2143947368421,
Portugal,2018.0,301,12.3157122765,100.0,4.8096126128982,2.03652988278957,,1.11509525775909,0.0340519319849068,,,2.84932593436179,27.47,35.3294281767433,,551.900896,86.4287609308408,100.0,,,,16.1303421052632,
Portugal,2019.0,329.5,12.3157122765,100.0,4.33244804259817,2.08854854180033,,1.05163240432739,0.0299845550484761,,,2.68275992118076,28.19,36.2772319162513,,540.600896,86.5647174091784,100.0,,,,16.1303421052632,
Portugal,2020.0,330.2,12.3157122765,100.0,3.78490758691711,2.1739396592118,,1.00865364074707,0.0187355835586288,,,-8.3005165411776,31.21,33.2660342803615,,479.600896,76.237488464863,100.0,,,,16.1303421052632,
Qatar,2013.0,,431.3793103448,100.0,37.6028800771898,0.0960229515645713,0.0,1.21254646778107,13.6418454212956,15.8034919571046,0.0,5.55604064306607,0.04,585.857780270767,,292.88,102.383208106327,100.0,0.0,,100.0,446.785714285714,
Qatar,2014.0,,434.6551724138,100.0,37.1050343988277,0.117168462919326,0.0,0.977457761764526,11.2353705876425,5.50962189054726,0.0,5.33432329196459,0.05,612.458365494028,,338.68,99.0343747414317,100.0,0.0,,100.0,450.178571428571,
Qatar,2015.0,,431.0344827586,100.0,35.2904219503821,0.161318389310859,0.0,0.983597457408905,7.04835615803389,3.21759332613132,0.0,4.75334572438737,0.05,646.959822307692,,339.18,93.7076041736357,100.0,,,100.0,446.428571428571,
Qatar,2016.0,,432.4137931034,100.0,33.5495686981102,0.183872269651982,,0.884123742580414,5.89659334848897,2.92826805816135,,3.06419188430156,0.06,664.657010244753,,355.58,89.5476001199351,100.0,,,,447.857142857143,
Qatar,2017.0,,431.0344827586,100.0,32.2566382287485,0.214741536757396,,0.647981882095337,6.90375115724273,,,-1.49760470227838,0.07,656.798125447242,,360.48,91.4945879195194,100.0,,,,446.428571428571,
Qatar,2018.0,,431.0344827586,100.0,31.4809674373955,0.218257646242842,,0.649283885955811,8.68050113455019,,,1.23487220191065,0.05,664.90874292106,,332.88,91.838448978201,100.0,,,,446.428571428571,
Qatar,2019.0,,431.0344827586,100.0,31.8772030129291,0.260005311222201,,0.68427562713623,7.81001689751393,,,0.688240959581748,0.06,669.484917233683,,339.48,90.0463755501859,100.0,,,,446.428571428571,
Qatar,2020.0,,431.0344827586,100.0,31.7268424513247,0.338750393788987,,0.66954380273819,6.31442665462309,,,-3.55760399909477,0.06,645.667295044841,,331.28,90.019094887286,100.0,,,,446.428571428571,
Romania,2013.0,,6.0088006741,98.0986328125,3.60747135176666,5.50999686670216,34.4215525488588,0.179133072495461,1.19960869455283,30.7374142480211,8.86975536422031,0.269963878633803,23.07,25.8039658711164,,661.38935,81.4016211768502,97.1002537897782,13.3781140713347,,45.7308323083231,15.1439358187824,
Romania,2014.0,,5.8814717723,98.4268951416016,3.5933033029971,4.94855252779138,41.6060857028926,0.0491361282765865,0.927262364199475,30.5489189189189,12.763412165271,4.12067496319813,24.31,27.4489170182062,,647.914199,83.3787079346797,97.6243296372567,14.5154624939702,,40.4864881445354,14.8230297310052,
Romania,2015.0,1117.5,6.0528040446,98.761360168457,3.69982946782982,4.42596074120938,39.7469736961864,0.181799337267876,0.594729032766152,32.600585733882,14.5156396953976,3.16050387041089,23.67,27.5149084313608,,653.8477,83.5211627751621,98.2010769530124,,,42.5957950304906,15.2548371873525,
Romania,2016.0,949.2,5.9676060294,99.1,3.63334838574668,4.2922478488702,,0.266823202371597,0.353977168708578,33.5205243182457,,2.8575460568877,24.4,28.7052081728118,,674.782732,85.8939786447949,98.6323210329036,,,,15.0401132609722,
Romania,2017.0,795.4,6.3411665574,100.0,3.78830872775473,4.43884752783431,,0.0485135391354561,0.467934703203696,,,8.19650650309624,23.35,29.2283919522218,,706.882732,87.1561566741587,100.0,,,,15.9815950920245,
Romania,2018.0,670.3,6.0069281902,99.8226547241211,3.86106171468889,4.56455945444835,,0.0362158752977848,0.633341570059485,,,6.02901904128214,23.03,32.7149594512824,,703.882732,86.470670301064,99.8599813484744,,,,15.1392166116092,
Romania,2019.0,655.1,6.0069281902,100.0,3.81706295716296,4.42008259865203,,0.542171180248261,0.468319019268381,,,3.85316383348211,23.54,33.9755204369975,,743.782732,84.5030610232464,100.0,,,,15.1392166116092,
Romania,2020.0,710.4,6.0069281902,99.9952163696289,3.56413750145988,4.17885403792064,,0.508895397186279,0.223723663983243,,,-3.67751079121797,24.06,32.7260670065545,,723.882732,78.0591133789941,100.0,,,,15.1392166116092,
Russian Federation,2013.0,,3.8793089742,100.0,11.3770043056089,2.99360048776678,17.1746302202462,-0.736093640327454,6.86955540740977,22.8274712749843,0.0459535793205111,1.75542214874298,3.61,22.63532957245,,6855.428254,46.287149400499,100.0,7.72623000155985,,66.1551888304436,1.41465677179963,
Russian Federation,2014.0,,4.5031781716,100.0,11.2082077063911,3.36060548804252,16.5682511980707,-0.943617463111877,6.85132278871911,24.5087395292683,0.0699404047506761,0.736267221765672,3.3,19.6430045355524,,6732.87711,47.8013412628116,100.0,8.15652485967214,,66.0132933835248,1.64216141001855,
Russian Federation,2015.0,1003.7,3.9708861041,95.5,11.0520055015768,3.87310448732299,15.8557951545716,-1.03222346305847,4.85637576651285,23.2213746765712,0.0910265638035215,-1.97271922580408,3.2,21.8366781261644,,6789.77973,49.3593493116887,96.6414258091953,,,65.481225536611,1.44805194805195,
Russian Federation,2016.0,1065.5,4.1203348925,99.4102249145508,10.8874269283473,3.84021728459951,,-0.947688162326813,3.93524554840116,25.5628871905415,,0.193690071260534,3.36,21.0854007070231,,6624.735356,46.5181198396096,100.0,,,,1.50255102040816,
Russian Federation,2017.0,872.7,4.0961687054,100.0,11.0351992095822,3.55363208990976,,-0.642759621143341,4.84110207786159,,,1.82579006401834,3.25,21.5970447422089,,6733.435356,46.8765243371311,100.0,,,,1.49373840445269,
Russian Federation,2018.0,280.9,4.1222427493,100.0,11.4965712497165,3.3942533806976,,-0.538375675678253,7.61167091839979,,,2.80724541059601,3.18,22.0628861233492,,7369.535356,51.5809003703964,100.0,,,,1.50324675324675,
Russian Federation,2019.0,,4.1222427493,99.7779693603516,11.7971941673637,3.53030291392166,,-0.551099121570587,6.51508032615868,,,2.19807571335009,3.22,22.5478450648906,,7925.035356,49.2287536619033,100.0,,,,1.50324675324675,
Russian Federation,2020.0,,4.1222427493,99.8977813720703,11.2322880672434,4.00635163401546,,-0.667409420013428,3.40699538503196,,,-2.65365450102773,3.72,21.9495031594414,,7563.435356,45.9669082029127,100.0,,,,1.50324675324675,
Rwanda,2013.0,,14.9261315541,15.2,0.0814036130740856,24.9175379208898,35.8812993174227,-0.110951617360115,0.0,95.4360256410256,,4.71985027083323,88.47,16.4018438891056,3.5,118.1,42.6892455528019,5.75246399025423,,4.5,,4.74493866210526,
Rwanda,2014.0,,15.7497012399,19.8,0.0812705266531034,24.6856376024163,44.0581475957398,-0.313469648361206,9.83507000970181e-06,95.0703703703704,,6.16716724466386,87.95,16.5028080683288,4.0,119.2,43.8984671876578,9.17429750477935,,4.5,,5.00674713052632,
Rwanda,2015.0,,16.5732709257,22.8,0.0927977157696768,23.9783167678113,56.8878281622912,0.0025183784309774,0.0002568136687285,91.4778494623656,,8.85684199832404,86.31,17.0717353563972,4.0,121.5,45.1974238683984,12.5356435193761,,4.5,,5.2685556,
Rwanda,2016.0,,17.3968406115,29.37,0.0962207458130356,25.1501388987487,,-0.0665186643600464,0.0005072782416308,82.0709523809524,,5.97075620427256,85.5,17.2346135062601,4.0,120.8,49.4803676427411,18.9649853905102,,4.5,,5.53036406842105,
Rwanda,2017.0,,18.2204102973,34.1,0.102654554383161,26.3454425742705,,0.078270360827446,0.0005854861709726,,,3.92887558562897,84.46,17.1021223602902,4.0,124.1,53.6752716384763,23.6235267183661,,4.5,,5.7921725368421,
Rwanda,2018.0,,19.0439799831,37.9568328857422,0.111987033315544,24.6274667182471,,0.101642534136772,0.0011128309303471,,,8.53615837521969,82.82,17.7592610517,4.0,127.4,55.7936853700085,28.0146648756503,,4.5,,6.05398100526316,
Rwanda,2019.0,,20.1986754967,46.6,0.113057797770289,23.568319481602,,0.056940533220768,0.000929529716115,,,9.46228643043381,81.8,18.3283863465334,4.5,131.9,57.9923275443865,38.2666797576534,,4.5,,6.42105263157895,
Rwanda,2020.0,,20.1986754967,45.1901092529297,0.105124140047262,26.6621088844446,,0.0694212764501572,0.0006502315838377,,,-3.37651719288358,81.7,17.7095252303646,4.5,135.7,55.1992588045618,34.897398822138,,4.5,,6.42105263157895,
Rwanda,2021.0,,,48.7004356384277,,24.096307269711,,0.0719058215618134,0.0011730893902069,,,10.8757712506973,81.39,,4.5,,54.7112895595753,38.1961558582986,,4.5,,,
Saint Kitts and Nevis,2013.0,,50.8333333333,100.0,4.75642179747524,1.08330299464063,4.09090909090909,0.958863377571106,0.0,97.2552173913044,,5.70982297813258,1.38,72.399647762546,,0.0,,100.0,,,,50.8333333333333,
Saint Kitts and Nevis,2014.0,,50.8333333333,100.0,4.77934252652284,0.936838219579958,4.65431540894713,0.572488188743591,0.0,100.443913043478,,7.58147888339975,1.63,77.8886117693192,,0.0,,100.0,,,,50.8333333333333,
Saint Kitts and Nevis,2015.0,<100,50.8333333333,100.0,4.97175141242938,0.849081065182645,4.5716822015091,0.564717531204224,0.0,97.7866666666667,,0.714014853728685,1.63,78.4447480267152,,0.0,,100.0,,,,50.8333333333333,
Saint Kitts and Nevis,2016.0,<100,50.8333333333,100.0,5.1184397756759,0.789017001000059,,0.606805443763733,0.0,95.342,,3.92265802209508,1.69,81.5218672280975,,0.0,,100.0,,,,50.8333333333333,
Saint Kitts and Nevis,2017.0,<100,50.8333333333,100.0,5.08527780684315,0.901458921678757,,0.628548622131348,0.0,,,0.0181152216463687,1.28,81.5366350950361,,0.0,,100.0,,,,50.8333333333333,
Saint Kitts and Nevis,2018.0,<100,50.8333333333,100.0,5.13389585645192,0.916083073799405,,0.677222847938538,0.0,,,2.05283385607633,1.31,83.2104467453724,,0.0,,100.0,,,,50.8333333333333,
Saint Kitts and Nevis,2019.0,<100,50.8333333333,100.0,5.18737424547284,0.900539253074278,,0.700797915458679,0.0,,,4.0494855356965,1.29,86.5800417505147,,0.0,,100.0,,,,50.8333333333333,
Saint Kitts and Nevis,2020.0,<100,50.8333333333,100.0,4.84866294446077,1.12711701066781,,0.929504930973053,0.0,,,-14.5595160834041,1.36,73.9744066468305,,0.0,,100.0,,,,50.8333333333333,
Saint Lucia,2013.0,,14.3,97.162109375,2.91071284875099,2.62414670057556,0.0,0.85335773229599,0.0,127.1990625,,-2.00502437372521,12.1,41.5320430622637,3.5,0.0,,97.6881734464294,,4.5,,14.3,
Saint Lucia,2014.0,,14.3,98.062126159668,2.89409853321434,2.21677380014736,0.0,0.816450417041779,0.0,113.065833333333,,1.32800257162373,11.72,42.0835896621785,3.5,0.0,,98.7233541064565,,4.5,,14.3,
Saint Lucia,2015.0,<100,14.3,98.957160949707,2.85384032843079,2.15308504337526,0.0,0.837734758853912,0.0,108.08,,0.101913353821743,11.52,42.1264784598118,3.5,0.0,,99.7288238405756,,4.5,,14.3,
Saint Lucia,2016.0,<100,14.3,99.8480377197266,2.86543508698339,2.08071093604196,,0.998592257499695,0.0,118.391714285714,,3.42785383786526,11.17,43.5705125684539,3.5,0.0,,100.0,,4.5,,14.3,
Saint Lucia,2017.0,<100,14.3,99.8968353271484,2.99667537804169,1.56961818694446,,0.974609792232513,0.0,,,3.38701955301912,10.22,45.0462543484981,3.5,0.0,,100.0,,4.0,,14.3,
Saint Lucia,2018.0,,14.3,99.9905014038086,2.96759758949451,1.6348342119667,,0.993263125419617,0.0,,,2.88076820485463,10.22,46.3439325212476,3.5,0.0,,100.0,,4.0,,14.3,
Saint Lucia,2019.0,,14.3,100.0,2.9935660169221,1.72085119581807,,0.906494319438934,0.0,,,-0.650152680551955,10.02,46.0426262016875,3.5,0.0,,100.0,,3.5,,14.3,
Saint Lucia,2020.0,,14.3,100.0,2.78513922906543,1.84025854108957,,0.864660143852234,0.0,,,-24.3645761031684,9.96,34.82453550088,3.5,0.0,,100.0,,3.5,,14.3,
Saint Lucia,2021.0,<100,,100.0,,1.5204910292729,,0.831884622573853,0.0,,,12.2299055478083,9.66,,3.5,,,100.0,,3.5,,,
Saint Vincent and the Grenadines,2013.0,,7.9,96.7764282226563,2.10609585853886,6.54391422693896,17.9856115107914,0.85335773229599,0.0,95.0086363636364,,2.4624841721544,5.37,95.7689258879422,3.5,0.0,,98.6942389946183,,4.0,,7.9,
Saint Vincent and the Grenadines,2014.0,,7.9,98.1148376464844,2.50205776713559,6.55414786949357,15.8750317500635,0.816450417041779,0.0,75.8689655172414,,1.1457271877622,3.32,96.8661765092682,3.5,0.0,,100.0,,4.0,,7.9,
Saint Vincent and the Grenadines,2015.0,,7.9,99.4482650756836,2.31494524896227,6.26030041907991,15.6626506024096,0.987564265727997,0.0,100.009090909091,,2.78509791763551,4.3,99.5639943741209,3.5,0.0,,100.0,,4.0,,7.9,
Saint Vincent and the Grenadines,2016.0,,7.9,99.7442474365234,2.40838783348905,6.75105293320355,,0.998592257499695,0.0,81.4888888888889,,4.1496810046981,4.1,103.695582536183,3.5,0.0,,100.0,,4.0,,7.9,
Saint Vincent and the Grenadines,2017.0,<100,7.9,99.9655151367188,2.13265876512331,6.76905524595199,,0.871098697185516,0.0,,,1.54810173239956,5.28,105.300895645847,3.5,0.0,,100.0,,4.0,,7.9,
Saint Vincent and the Grenadines,2018.0,<100,7.9,100.0,2.39644380277543,7.10938187118093,,0.822919726371765,0.0,,,3.1756114423991,4.93,108.644842936925,3.5,0.0,,100.0,,4.0,,7.9,
Saint Vincent and the Grenadines,2019.0,<100,7.9,100.0,2.24066943692577,7.00102071108183,,0.937967896461487,0.0,,,0.661727443679865,5.39,109.363775678782,3.5,0.0,,100.0,,3.5,,7.9,
Saint Vincent and the Grenadines,2020.0,<100,7.9,100.0,2.100695771848,8.59754538481207,,1.03254508972168,0.0,,,-3.73956205351385,4.9,105.274049423208,4.0,0.0,,100.0,,3.5,,7.9,
Saint Vincent and the Grenadines,2021.0,<100,,100.0,,5.35668789808917,,1.04016363620758,0.0,,,0.795293934587079,5.01,,3.5,,,100.0,,3.5,,,
Samoa,2013.0,,,97.0029907226563,0.983800059018,9.36698750874469,36.4738882930451,0.989007890224457,0.0,99.009,,0.107293276488932,42.61,,4.0,0.0,77.8777520191543,96.4348622733885,,3.5,,,
Samoa,2014.0,,,97.9,1.02747364403713,8.9774300428756,33.7952270977675,1.1219048500061,0.0,99.5328571428571,,0.659923768782861,41.24,,3.5,0.0,80.5007764245463,97.5447404719138,,3.5,,,
Samoa,2015.0,,,98.1554260253906,1.14112520938641,8.3239527560992,30.3504847129008,1.16604828834534,0.0,97.7866666666667,,3.8503618166494,37.47,,3.5,0.0,74.6343545643839,97.8235827253779,,3.5,,,
Samoa,2016.0,,,98.8603820800781,1.20022963453081,8.64439725121838,,1.17588353157043,0.0,81.8963333333333,,7.9838628784713,36.82,,3.5,0.0,75.2118171706314,98.6761929137723,,3.5,,,
Samoa,2017.0,<100,,96.8,1.22910947358282,9.90757686101202,,1.16163265705109,0.0,,,1.40628239971301,35.79,,3.5,0.0,74.011085031494,96.1358573983056,,3.5,,,
Samoa,2018.0,<100,,99.8192749023438,1.18597431581156,9.14766174411215,,1.13318884372711,0.0,,,-0.609647103380141,36.63,,3.5,0.0,78.9349676190658,99.8236160543099,,3.5,,,
Samoa,2019.0,<100,,99.2,1.31521200537977,9.10454988435195,,1.16372573375702,0.0,,,4.45185891688691,34.21,,3.5,0.0,83.3310820410377,99.0457559475475,,3.5,,,
Samoa,2020.0,<100,,100.0,0.960782397908146,9.53628135657337,,1.14607357978821,0.0,,,-3.10844401053139,37.54,,3.5,0.0,77.4836007319308,100.0,,3.5,,,
Samoa,2021.0,<100,,98.3,,9.85278876366393,,1.10623216629028,0.0,,,-7.07883094291508,37.57,,3.5,,60.8888852382817,97.9333329628621,,3.5,,,
Sao Tome and Principe,2013.0,,1.6733147188,64.9584655761719,0.62604189784111,13.4069603438231,8.33333333333333,0.111840724945068,0.0,94.7308333333333,,5.11970088264353,42.77,6.69116265589706,3.5,0.0,,50.385180438199,,3.0,,1.67331472018349,
Sao Tome and Principe,2014.0,,1.7409254089,68.6,0.603553471698304,13.2795768636645,10.4477611940298,0.18418300151825,0.0,94.7308333333333,,4.90620987261865,38.39,6.74683752814574,3.5,0.0,,52.4133513149022,,3.0,,1.74092540825688,
Sao Tome and Principe,2015.0,,1.8085360989,67.3061828613281,0.614546250074581,14.1348690685509,10.4734576757532,0.13627190887928,0.0,94.7308333333333,,1.53969216893665,39.24,6.59460937747609,3.5,0.0,,53.7963986112295,,3.0,,1.80853610091743,
Sao Tome and Principe,2016.0,,1.876146789,69.3609313964844,0.628933891082529,13.0514022257346,,0.215979158878326,0.0,100.8425,,5.17682174955398,38.06,6.68604794908137,3.5,0.0,,58.618781710062,,3.0,,1.87614678899083,
Sao Tome and Principe,2017.0,,1.876146789,74.27,0.64604203118691,12.7475187137291,,0.183460846543312,0.0,,,4.11296860682981,39.24,6.96104300226467,3.5,0.0,,76.1954977107876,,3.0,,1.87614678899083,
Sao Tome and Principe,2018.0,,1.876146789,71.0,0.650598077068665,11.8181222110283,,0.515797019004822,0.0,,,4.37813939939196,40.59,7.26580716855544,3.5,0.0,,55.7417230640756,,3.0,,1.87614678899083,
Sao Tome and Principe,2019.0,,1.876146789,75.1229476928711,0.6533115252168,11.9296553435236,,0.500569343566895,0.0,,,2.01431934293439,38.62,7.41216372777196,3.5,0.0,,68.2407544689589,,3.0,,1.87614678899083,
Sao Tome and Principe,2020.0,<100,1.876146789,76.813606262207,0.645350140184137,14.1470498019151,,0.489546567201614,0.0,,,2.62485949543812,41.61,7.60672261119781,3.5,0.0,,71.0090600183249,,3.0,,1.87614678899083,
Sao Tome and Principe,2021.0,<100,,78.4511108398438,,15.2661767634549,,0.585094690322876,0.0,,,1.89929891337832,40.75,,3.5,,,73.7191493439435,,3.0,,,
Saudi Arabia,2013.0,,894.2395833333,100.0,15.9839190651263,2.16999758163359,0.0003520916001506,-0.431784123182297,14.5678626995041,72.0248498137691,0.0003520916001506,2.85034299106097,0.01,28.6431464486355,,3094.5,81.9172099141101,100.0,4.47494423048718e-05,,76.7028030012288,894.239583333333,
Saudi Arabia,2014.0,,894.7083333333,100.0,16.8252361265938,2.28862160288814,0.0003207122377375,-0.285844653844833,13.3021905388007,76.9789242003689,0.0003207122377375,4.02765121507389,0.01,29.7811815352566,,3291.4,79.5616685616254,100.0,4.02800456119996e-05,,75.0636613791909,894.708333333333,
Saudi Arabia,2015.0,,948.875,100.0,17.2577930743373,2.77292505769267,0.0002955641728932,-0.634387195110321,8.30884917569003,74.046423887087,0.0002955641728932,4.69014507334364,0.01,29.3981636731608,,3507.8,69.5038838593918,100.0,,,76.2100397238248,948.875,
Saudi Arabia,2016.0,,929.5833333333,99.9,16.795103103967,2.94703118090106,,-0.472771108150482,7.10503333993184,57.9248209217947,,2.36307457927667,0.01,30.7173821854012,,3475.4,59.9054606223979,100.0,,,,929.583333333333,
Saudi Arabia,2017.0,,955.9583333333,99.97,16.0777919021258,2.86746458942992,,-0.649576365947723,7.55002121090031,,,-0.0696980156093616,0.01,29.8490673718444,,3409.1,61.8143105987526,100.0,,,,955.958333333333,
Saudi Arabia,2018.0,,974.1666666667,99.89,15.0655004937014,2.48162167750864,,-0.660840630531311,9.21548820098041,,,2.76224373755605,0.01,30.1002458447863,,3219.3,61.9555891418504,100.0,,,,974.166666666667,
Saudi Arabia,2019.0,,974.1666666667,99.99,14.7030166496769,2.55953514248071,,-0.623455822467804,7.79255965318172,,,0.832280326830841,0.03,30.3507642692801,,3221.2,60.1981894249545,100.0,,,,974.166666666667,
Saudi Arabia,2020.0,,974.1666666667,99.99,14.2665853675408,2.96026201716585,,-0.650508463382721,5.06636514056738,,,-4.34138767799323,0.06,29.0331199291168,,2912.5,49.7134711250205,100.0,,,,974.166666666667,
Senegal,2013.0,,12.804122974,57.0,0.589383332771876,13.7248803755401,10.4184217916316,-0.0607228353619576,0.0073654936202495,61.6202496878901,1.76916596461668,2.41238527605579,42.69,6.53183540751191,3.5,90.7,60.6267663596737,31.7806467925391,0.626300363359503,4.0,87.7843302443134,9.33509895891473,
Senegal,2014.0,,12.894744757,61.0,0.613587044752342,13.3687650760268,10.4172274562584,-0.198223099112511,0.0059998151941344,66.8788914819137,1.77658142664872,6.22407443790986,42.53,6.88962009489112,3.5,103.5,58.4425289760992,41.0149557397787,0.609516756427603,4.0,87.7792732166891,9.40116856124031,
Senegal,2015.0,1071.6,12.9853665401,60.5,0.64679457579979,14.2726325455696,10.417193426043,-0.120225243270397,0.0033272261519979,73.9722413793103,1.76991150442478,6.36704365066983,39.11,7.27714285502582,3.5,108.3,58.1103376742017,38.1357292172345,,4.0,87.787610619469,9.46723816356589,
Senegal,2016.0,1057.8,13.0759883232,64.5,0.686906342711816,14.4140203888971,,-0.22595489025116,0.0018494004272623,68.8671471774194,,6.35606857208136,36.72,7.68604397305772,3.5,115.0,54.1081692072139,44.5002371098052,,3.5,,9.53330776589147,
Senegal,2017.0,1064.7,13.1558028708,61.7,0.646584895307648,14.9820338201197,,-0.0557231269776821,0.0020123255491237,,,7.40748618589598,37.93,8.20530226004811,3.5,97.5,57.7052798455617,35.3725528831081,,3.5,,9.59149813953488,
Senegal,2018.0,1350.6,16.0861244019,66.0,0.65339707602786,14.9875195578847,,-0.107445858418941,0.0019470953163097,,,6.20924103388887,36.01,7.12726363628947,3.5,102.2,61.7898394793183,41.4245572353266,,3.0,,11.7279069767442,
Senegal,2019.0,1593.6,16.2764486975,70.4,0.768574983933597,14.8962721234445,,0.0375259704887867,0.0022412840639014,,,4.6136280976221,36.89,7.36890329243667,3.5,118.4,64.2362506061005,47.8238380482929,,3.5,,11.8666666666667,
Senegal,2020.0,1842.4,16.2764486975,64.3,0.649800561203009,16.1487794824433,,-0.143128573894501,0.0014735400070538,,,1.34207377285524,38.64,7.46779941087153,3.5,115.7,60.0468716137065,38.6054954243889,,3.5,,11.8666666666667,
Senegal,2021.0,1880.1,,67.975341796875,,15.4687239582175,,-0.179818049073219,0.0011305286192511,,,6.5396737259742,,,3.5,,69.1248299639219,43.4250979978558,,3.5,,,
Serbia,2013.0,,5.3071114617,99.92,6.48682910923473,7.41421637318177,26.0636806281388,-0.0756380930542946,0.909555033210027,17.814548212351,0.0535345552808015,2.89263673355808,20.03,8.40552114737751,,294.4,87.920271381138,99.9075437362472,4.07651390541765,,73.9312208427869,56.0128464374926,
Serbia,2014.0,,4.4348022089,99.6607979324826,5.4666972205331,7.06588326034416,32.9845123482629,0.184110775589943,0.813940210233551,21.2329907024793,0.0867069305746577,-1.58951031990257,23.25,9.89896962663124,,268.7,92.2314185257064,99.4658765002329,5.65491497382229,,67.0065179692639,46.8062329011538,
Serbia,2015.0,159.9,5.284571171,99.9,6.39995050302429,6.7138523841046,26.9051735603139,0.234833031892776,0.400202932880039,18.8140810451727,0.0930974863678681,1.80605926509682,21.24,8.4572296292134,,294.2,97.3957666573256,99.9,,,73.0841867269584,55.7749494468895,
Serbia,2016.0,210.3,5.3048574327,99.947395324707,6.60709443405954,6.81115126768369,,0.133281603455544,0.278848798264468,19.2390614186851,,3.33858676542988,20.91,8.70616061627768,,299.9,101.860024969348,99.8815168102681,,,,55.9890567384323,
Serbia,2017.0,176,6.0599571734,100.0,6.7431359528992,6.01415375732373,,0.083367332816124,0.361069826497212,,,2.10116384741241,20.0,7.78146788594736,,305.4,107.527719112101,100.0,,,,63.9586059236351,
Serbia,2018.0,183.2,6.2633832976,99.9919052124023,6.61535438641515,6.34278337092698,,0.0052213342860341,0.477559523718165,,,4.4951212927627,21.05,7.86716228559041,,300.9,109.494865710998,99.9820515327373,,,,66.1056262638278,
Serbia,2019.0,238.4,6.3322438859,99.8,6.62757991630233,5.95441634483779,,-0.0780941098928452,0.396504237084222,,,4.33173490608283,21.53,8.11868880133116,,309.5,111.954597500673,99.6713763304657,,,,66.8324015701201,
Serbia,2020.0,339.7,6.0007889102,100.0,6.71451717217514,6.34335002788481,,-0.170778825879097,0.199411982740051,,,-0.903218501520755,26.01,8.48974660046922,,334.8,104.719014896836,100.0,,,,63.334126323302,
Seychelles,2013.0,,,98.0,4.58259680485608,2.71153914849578,1.96205747840325,0.825588941574097,0.0,80.4951219512195,,1.25373496242949,1.47,113.623603514997,,0.0,196.429267215963,96.1526703183841,,,,,
Seychelles,2014.0,,,100.0,4.99896014623628,2.3307573195209,2.14994487320838,0.361632436513901,0.0,106.024130434783,,4.0636918123521,1.37,118.240916587935,,0.0,213.159120640954,100.0,,,,,
Seychelles,2015.0,<100,,100.0,5.35008938224558,2.30967076734283,2.38095238095238,0.674569547176361,0.0,98.2756,,4.19458692437438,1.36,123.200634614393,,0.0,192.996805094437,100.0,,,,,
Seychelles,2016.0,<100,,100.0,5.97399579623351,2.28192546513531,,0.715953171253204,0.0,112.047222222222,,5.10482682890945,1.21,129.489813663575,,0.0,194.447400625155,100.0,,,,,
Seychelles,2017.0,<100,,100.0,5.95452980395021,2.82652060410314,,0.779472529888153,0.0,,,2.78671033812937,1.24,133.098319687762,,0.0,216.236610685273,100.0,,,,,
Seychelles,2018.0,,,100.0,6.22455096008764,2.68475527806852,,0.673826813697815,0.0,,,3.70668006027121,1.23,138.031848564185,,0.0,208.691246429047,100.0,,,,,
Seychelles,2019.0,,,100.0,6.09782330345711,2.71031876022071,,0.65869414806366,0.0,,,4.87698566447115,1.21,144.763642031064,,0.0,196.972328714042,100.0,,,,,
Seychelles,2020.0,,,100.0,6.08051837257013,2.70690200263209,,0.701772809028625,0.0,,,-7.72839441237589,1.34,133.575736809184,,0.0,179.292369037084,100.0,,,,,
Sierra Leone,2013.0,,0.4957943925,13.5,0.148000124625638,47.9833089264125,64.1097390352211,-0.174718275666237,0.0,96.6442990654206,,21.0790141636427,74.62,24.1030784260864,3.0,0.0,87.4528010181363,,,3.0,,0.132625,
Sierra Leone,2014.0,,0.4957943925,18.8293685913086,0.159312379983553,51.7922908732553,65.3569452130603,-0.104039676487446,0.0,96.6472033898305,,4.55925353270443,73.04,25.2019988807182,3.5,0.0,83.1854137624193,1.75930224052957,,3.0,,0.132625,
Sierra Leone,2015.0,1956.9,0.4957943925,19.6586170196533,0.148261607024579,58.7561374416267,60.9756097560976,-0.106272891163826,0.0,96.3562765957447,,-20.4910741068,74.03,20.0378386136753,3.5,0.0,66.2793573605817,1.87185519014008,,3.0,,0.132625,
Sierra Leone,2016.0,2394.8,0.4957943925,20.3,0.156233465747467,57.7467378243217,,-0.167113155126572,0.0,97.0227083333333,,6.34672785193587,73.61,21.3095856978954,3.0,0.0,75.5523052186785,1.64035718996995,,3.0,,0.132625,
Sierra Leone,2017.0,2501.5,0.4957943925,23.4,0.145879585519628,60.6098810903395,,-0.0394270978868008,0.0,,,3.75380321400363,74.58,22.1095056107139,3.0,0.0,74.4863435952051,5.35136007359181,,3.0,,0.132625,
Sierra Leone,2018.0,2546.8,0.4957943925,26.1,0.132764621949018,58.9344132874328,,-0.088885597884655,0.0,,,3.47290262012461,75.86,22.877347210365,3.0,0.0,56.6958341347335,6.43150981324938,,3.0,,0.132625,
Sierra Leone,2019.0,2590.3,0.4957943925,22.7,0.129094346244259,58.1544708640891,,-0.0569588094949722,0.0,,,5.25374631307365,75.44,24.0792649959586,3.0,0.0,56.1906488750949,1.50084589865551,,3.0,,0.132625,
Sierra Leone,2020.0,2590.4,0.4957943925,26.3106842041016,0.127277607278142,59.4873958863112,,-0.302403092384338,0.0,,,-1.96848689118619,75.07,23.6052678210192,3.0,0.0,51.5579377492233,4.72224404821298,,3.0,,0.132625,
Sierra Leone,2021.0,2683.1,,27.4940490722656,,57.4487866394187,,-0.0970258787274361,0.0,,,4.10470008884118,71.17,,3.5,,58.3908280709773,4.92032525852914,,3.0,,,
Singapore,2013.0,,132.4278333333,100.0,8.13316955483092,0.0343752167938134,1.54683232921262,1.378178358078,0.100691890479743,78.833820582878,1.54683232921262,4.81763099120676,0.56,362.171835581167,,224.76,367.041780049019,100.0,0.198830885025383,,97.135650107361,132.427833333333,
Singapore,2014.0,,108.5055833333,100.0,8.11713717182074,0.0345408510735362,1.66261644390441,1.18627142906189,0.088918765674542,76.2597435897436,1.66261644390441,3.93554027709007,0.59,459.415813209272,,227.76,360.467319166237,100.0,0.192789211552613,,97.0615633859862,108.505583333333,
Singapore,2015.0,<100,84.5833333333,100.0,8.20810904856042,0.0326135138026483,1.82088664088069,1.29889214038849,0.029930689557271,84.1475758241758,1.82088664088069,2.97679931634806,0.65,606.893685259897,,235.96,329.471398940262,100.0,,,96.9235346623029,84.5833333333333,
Singapore,2016.0,<100,84.9666666667,100.0,8.0198912735455,0.0315821929976016,,1.47746896743774,0.0252770514418778,34.3423765164645,,3.60165603913242,0.71,625.915248088531,,241.16,303.136506542074,100.0,,,,84.9666666666667,
Singapore,2017.0,<100,83.2166666667,100.0,8.43229982682534,0.0307783764923241,,1.59912312030792,0.0,,,4.54472821784424,0.7,668.12224947924,,238.06,316.47756986259,100.0,,,,83.2166666666667,
Singapore,2018.0,<100,81.3833333333,100.0,8.01821207673574,0.0301374638183222,,1.46800899505615,0.0,,,3.57543271019112,0.78,707.599525103299,,221.76,325.197359076865,100.0,,,,81.3833333333333,
Singapore,2019.0,<100,82.1666666667,100.0,7.91841038479591,0.03219430968008,,1.4803055524826,0.0,,,1.33126132689951,0.89,710.183840842144,,220.16,321.703497216311,100.0,,,,82.1666666666667,
Singapore,2020.0,<100,83.1166666667,100.0,7.68668370206727,0.0328901382009906,,1.43841421604156,0.0,,,-3.90105340221118,0.92,674.678645776639,,214.26,332.77382652314,100.0,,,,83.1166666666667,
Slovakia,2013.0,,2.7426850258,100.0,6.08128765083193,2.22230625719726,22.2802833695728,1.11951816082001,0.0098818928496342,23.2666363084396,5.27810899908817,0.632740007294188,10.68,129.138346382918,,216.136607,181.350683145952,100.0,27.1642768726013,,22.2627481237287,5.05873015873016,
Slovakia,2014.0,,2.406626506,100.0,5.6172857847039,2.7487513379037,22.9445999705319,1.03912115097046,0.0065813200995788,23.2664827586207,7.44069544717843,2.69718980707125,12.24,151.140557750892,,219.916659,178.033496744738,100.0,28.2979304505631,,19.4378959776042,4.43888888888889,
Slovakia,2015.0,<100,2.4681583477,100.0,5.67013797150744,2.19588017120225,22.6794833283268,0.865759432315826,0.0041681378192594,25.7226634146341,8.16311204565936,5.16718160614154,13.41,154.987592626983,,228.827163,180.188031986802,100.0,27.4677924020321,,19.9759687593872,4.55238095238095,
Slovakia,2016.0,<100,2.3894148021,100.0,5.79984746256443,2.24238058513536,,0.708230555057526,0.0032964551552412,27.2289301587302,,1.94395086102337,13.09,163.207406111862,,232.175968,184.033445461284,100.0,,,,4.40714285714286,
Slovakia,2017.0,<100,2.3937177281,100.0,6.17302222078411,2.09037388822473,,0.902730107307434,0.0051370837563603,,,2.93806867784903,12.43,167.700551877425,,251.675968,188.059113396374,100.0,,,,4.41507936507937,
Slovakia,2018.0,<100,2.3945783133,100.0,6.05957180869179,2.14505211161055,,0.736512184143066,0.0040836315190446,,,4.03038971425349,12.43,174.396838825514,,251.375968,189.804029706115,100.0,,,,4.41666666666667,
Slovakia,2019.0,<100,2.4036144578,100.0,5.68970729978492,1.72554547278509,,0.667275547981262,0.0036289229407866,,,2.51125619776377,17.64,178.104298556558,,275.875968,183.493447095806,100.0,,,,4.43333333333333,
Slovakia,2020.0,<100,2.3881239243,100.0,5.31905480792852,1.7292339154311,,0.633921086788177,0.0012543709099194,,,-3.33549888710313,17.64,173.28036873055,,258.275968,168.489236601957,100.0,,,,4.40476190476191,
Slovenia,2013.0,,7.8133874239,100.0,7.06234559720537,1.97122520387357,32.323360111329,0.882251679897308,0.0111228110371404,45.988198630137,3.04257068758302,-1.02928277204056,22.48,35.513465456945,,173.678819,143.75635401147,100.0,25.9097764936095,,34.1071541526978,6.18960899839314,
Slovenia,2014.0,,6.6281271129,100.0,6.35927603565505,2.01709653525567,38.5189069509992,0.965773403644562,0.006887890696085,49.7843280182232,3.02394686243664,2.76815883065036,22.91,43.0229474332431,,161.183175,145.549750211855,100.0,31.8626373022008,,24.3255841053429,5.25066952329941,
Slovenia,2015.0,<100,6.0649087221,100.0,6.36758061788265,2.09659621336938,29.3919146925828,0.947492003440857,0.0055935376657533,49.1996127562642,3.69170547344267,2.21008160650594,21.38,48.0574203169737,,160.507255,146.295856696074,100.0,28.2258477362562,,32.4357157319295,4.80449919657204,
Slovenia,2016.0,<100,5.9993238675,100.0,6.73255071809677,1.98017135976102,,0.979141891002655,0.0065355695341151,48.9635319454415,,3.19185251782498,20.96,50.1334768857594,,164.673147,146.657774528668,100.0,,,,4.75254418853776,
Slovenia,2017.0,<100,6.2974983097,100.0,6.83497000563302,1.83972417134003,,0.866364181041718,0.0083352582263401,,,4.81538063231366,19.71,50.0595670046381,,166.573147,157.27443872417,100.0,,,,4.9887520085699,
Slovenia,2018.0,,6.4976335362,100.0,6.78573736169737,2.2453747955101,,0.894077658653259,0.0100073231271799,,,4.45436574721896,20.63,50.6788242978757,,173.173147,161.142403438809,100.0,,,,5.14729512587038,
Slovenia,2019.0,,6.3826910074,100.0,6.54333372438511,2.02087768289801,,0.801483511924744,0.0061686570661827,,,3.52267923999254,20.86,53.4088747122778,,172.373147,158.638466880546,100.0,,,,5.05623995715051,
Slovenia,2020.0,<100,6.7816091954,100.0,5.93473517885826,2.0874707795243,,0.701404273509979,0.0047566906709314,,,-4.24088372175214,22.4,48.1354037069495,,151.273147,146.586292565221,100.0,,,,5.37225495447241,
Solomon Islands,2013.0,,,44.7,0.667965966361303,33.6180364008136,0.0,0.300382703542709,0.0,49.8335897435897,,5.23774017780327,41.83,,2.5,0.0,99.6070245689517,40.4170681919016,,3.0,,,
Solomon Islands,2014.0,,,50.478687286377,0.570328520611006,34.758332233536,2.32755872037411,0.470224827528,0.0,57.1620588235294,,1.18921747092358,45.89,,2.5,0.0,93.4540064769601,45.53303519096,,3.0,,,
Solomon Islands,2015.0,,,55.1,0.496360134495479,33.2225624776607,2.26263043702862,0.639986574649811,0.0,61.5109677419355,,1.67614615649777,48.64,,2.5,0.0,88.1884134973,51.5000439381166,,3.0,,,
Solomon Islands,2016.0,,,58.1968612670898,0.474604443227374,34.4469373609135,,0.49175438284874,0.0,46.8561111111111,,5.55473153366954,48.7,,2.5,0.0,85.5495968771661,54.8840181675439,,3.0,,,
Solomon Islands,2017.0,,,62.9,0.458335016484524,33.280139396867,,0.188087984919548,0.0,,,3.07534803424636,48.98,,2.5,0.0,82.1975709060796,60.5245088879116,,3.0,,,
Solomon Islands,2018.0,,,65.7860870361328,0.456428451161852,33.9687555946478,,0.354402095079422,0.0,,,2.74599542334096,48.64,,2.5,0.0,88.4946797331694,63.5695833702824,,3.0,,,
Solomon Islands,2019.0,,,69.3951644897461,0.451560238402472,32.6711500680067,,0.495676666498184,0.0,,,1.74951428706819,48.36,,2.5,0.0,82.9983376152335,67.5925817714985,,3.0,,,
Solomon Islands,2020.0,,,72.8979263305664,0.323065549175264,34.1198383133867,,0.562479496002197,0.0,,,-3.38111604772683,49.01,,2.5,0.0,60.2203376396925,71.5089801609901,,3.0,,,
Somalia,2013.0,,24.527740592,51.5496597290039,0.0505271937683646,,0.0,-2.75868654251099,0.0,97.0344615384615,,,94.4,1.79149172920285,,0.0,77.168214642177,39.7140459295418,,,,54.9666666666667,
Somalia,2014.0,,24.527740592,51.3791885375977,0.0485302122924421,,0.0,-2.51582813262939,0.0,97.0344615384615,,7.52639158294046,94.64,1.92632641191865,,0.0,76.5106390438926,38.8719208112253,,,,54.9666666666667,
Somalia,2015.0,,24.527740592,51.2413673400879,0.046948882097858,,0.0,-2.37008881568909,0.0,97.0344615384615,,9.94679995234841,94.5,2.11793424654144,,0.0,71.9435500242801,38.0876670834214,,,,54.9666666666667,
Somalia,2016.0,,24.527740592,51.1190757751465,0.0457851399374806,,,-2.34715795516968,0.0,97.7866666666667,,6.42430700453119,94.78,2.25399684469337,,0.0,71.187989238297,37.2821301030777,,,,54.9666666666667,
Somalia,2017.0,,24.527740592,52.1,0.0440588174785614,,,-2.2499098777771,0.0,,,9.5001896424989,94.9,2.46813081947518,2.0,0.0,68.0815231163304,38.4019654322797,,1.5,,54.9666666666667,
Somalia,2018.0,,24.527740592,50.7300186157227,0.0425732267936332,,,-2.24898767471313,0.0,,,2.99402006360616,94.93,2.54202715140632,,0.0,75.3906733676099,35.2657798004757,,,,54.9666666666667,
Somalia,2019.0,,24.527740592,49.2,0.041029202880867,,,-2.38628840446472,0.0,,,3.62683006401679,95.03,2.63422215636899,2.0,0.0,69.572186456566,,,1.0,,54.9666666666667,
Somalia,2020.0,6884.6,24.527740592,49.8635635375977,0.0399346532651356,,,-2.58138513565063,0.0,,,-2.55978883616278,95.52,2.56679163169053,2.0,0.0,76.0092709232087,32.3365216671686,,1.0,,54.9666666666667,
Somalia,2021.0,7399.4,,49.3240242004395,,,,-2.72717571258545,0.0,,,3.30762095231761,95.37,,2.0,,82.0839190980876,30.6397161797332,,2.0,,,
South Africa,2013.0,,45.7444764649,85.2,8.11643495398564,1.92684924597199,0.609023981800373,-0.0462945364415646,2.35603384735383,11.7009590953831,0.151268602483491,2.48546800826588,7.94,23.6186530756091,,3001.2,58.875027630051,82.3579734238801,2.7687404681877,,93.8197099434421,31.8883928571429,
South Africa,2014.0,,52.7473583093,85.9,8.19115252745267,2.12574854869936,1.29313627636078,-0.146388962864876,1.78971842407441,12.6533519353543,0.902309286450128,1.41382645223793,7.72,20.7725706064913,,2994.0,59.4995740550593,84.0598786611582,2.66495356753026,,93.1775637248418,36.7700892857143,
South Africa,2015.0,,59.7502401537,85.3,7.60718852417825,2.23397839045912,2.25504182608132,-0.220544874668121,1.0214306873634,14.2915300790812,1.93040334608651,1.32186223678229,7.73,18.5803746226454,,2920.8,56.7266761447156,82.1434351748492,,,92.7854062641852,41.6517857142857,
South Africa,2016.0,,60.9990393852,83.9,7.54458957113285,2.41418607394576,,-0.149085000157356,1.17687438558489,14.2115870925255,,0.664552307858116,7.97,18.3209374473819,,2891.7,55.8612575048782,77.8857031616011,,,,42.5223214285714,
South Africa,2017.0,,62.055715658,84.4,7.68370781068603,2.49379863931574,,-0.284803956747055,1.43355275539777,,,1.15794695147646,8.03,18.2175053511807,,3012.0,53.535931829298,79.084357117571,,,,43.2589285714286,
South Africa,2018.0,3982.3,62.888248479,84.7,7.66737702463575,2.26070382718508,,-0.237621992826462,1.6780844264264,,,1.5567838465238,8.07,18.2561894534052,,3017.2,54.4855451275723,79.7400348248983,,,,43.8392857142857,0.4
South Africa,2019.0,4327.1,64.0409862312,85.0,7.68890762322173,1.95032114527971,,-0.283249706029892,1.35372733503513,,,0.25993557707082,8.84,17.9741781966854,,3007.2,53.8979964086103,80.4259221087558,,,,44.6428571428571,0.0
South Africa,2020.0,4672.5,65.0336215178,90.0,6.68756314737781,2.58242014439534,,-0.252887934446335,1.09808097715436,,,-5.96335818283997,9.76,16.644326509498,,2664.2,50.6868433374929,95.5344073849285,,,,45.3348214285714,0.45
South Sudan,2013.0,,4.2260757868,3.80569219589233,0.130838820817266,9.635809346303,0.423728813559322,-1.73032867908478,4.02148800545409,99.8941379310345,0.423728813559322,13.1297311406943,30.13,19.7728261609063,2.0,24.5,50.8112465907463,2.10486636417264,0.0254005759432917,2.5,99.5762711864407,2.53076923076923,
South Sudan,2014.0,,4.2260757868,4.31008577346802,0.13551783759334,7.59650844428456,0.409836065573771,-2.64657664299011,14.437286503065,100.423071895425,0.409836065573771,3.37364847715736,29.26,20.4398918095747,2.0,24.8,64.6345178070809,2.63892096430375,0.024563287596111,2.0,99.5901639344262,2.53076923076923,
South Sudan,2015.0,,4.2260757868,4.80950117111206,0.175928836633719,10.3550274477245,0.606060606060606,-2.37200832366943,5.44494830769692,98.6553299492386,0.606060606060606,-10.7933646271143,27.49,18.2337397571796,2.0,27.3,65.5513491845003,3.17046325248743,,2.0,99.3939393939394,2.53076923076923,
Spain,2013.0,,44.1036128153,100.0,5.22940078672168,2.6214953408375,39.5835776084137,0.0120177594944835,0.0048442757857191,52.9766717462932,26.4851036614614,-1.40334186790638,16.92,35.1184666403956,,2506.862013,61.9763157198604,100.0,20.812756639996,,40.0188313880154,29.091726618705,
Spain,2014.0,,44.7975460123,100.0,5.20600921471327,2.53523118162943,40.1052558838185,0.243121743202209,0.0031110069037886,53.5516529714475,25.859341186911,1.39577536727975,17.33,35.0570484205121,,2529.97163,63.8382619541975,100.0,21.6004959937526,,38.8031962291189,29.5494604316547,
Spain,2015.0,521.9,42.9584185412,100.0,5.5388552164426,2.73408948401435,34.949890565603,0.24116013944149,0.0011642571522764,53.2922643202747,24.8200092155282,3.83851887667484,16.3,37.9611860133192,,2610.78721,64.1832051439024,100.0,19.9753766538585,,44.0671437622394,28.3363309352518,
Spain,2016.0,624.9,42.5644171779,100.0,5.34058533869093,2.82424938533049,,0.402214497327805,0.0004183765647301,56.7722199732826,,3.03777414172446,16.71,39.4764267143159,,2607.016077,63.7398826295293,100.0,,,,28.0764388489209,-0.4
Spain,2017.0,667.1,41.0279481936,100.0,5.68159077854133,2.787029932249,,0.270845115184784,0.0004499642386738,,,2.97576072924863,15.18,42.173508890814,,2732.916077,66.6570608657952,100.0,,,,27.0629496402878,
Spain,2018.0,819.4,40.0940695297,100.0,5.52105983547843,2.75621978985911,,0.275779157876968,0.0006686658031013,,,2.28446941947622,16.9,44.1417038123693,,2803.316077,67.5749402546311,100.0,,,,26.4469424460432,-0.4
Spain,2019.0,860.7,39.8289025222,100.0,5.13179880095904,2.46894251605563,,0.292700946331024,0.0004710660454381,,,1.9839662230883,16.68,45.3171709304642,,2716.116077,66.8738905174013,100.0,,,,26.2720323741007,-0.4
Spain,2020.0,925.2,43.2540392297,100.0,4.2795945712141,2.81150302499531,,0.411397874355316,6.0002578126e-05,,,-11.1672978596983,19.35,40.5262773581528,,2323.216077,60.119480612327,100.0,,,,26.0971223021583,
Sri Lanka,2013.0,,90.7854137447,90.2,0.683729265092783,7.9246041166418,59.8769026033436,-0.612895429134369,0.0,82.4062016574586,2.33718705813857,4.05174632926911,56.88,5.93278543182584,2.5,378.1,,88.4647809820831,5.39951636077481,4.0,40.1230973966564,24.5189393939394,
Sri Lanka,2014.0,,90.7854137447,92.697624206543,0.821974874404746,8.08070792347262,39.2023112109783,-0.330464035272598,0.0,74.4442670454546,2.67233769360404,6.37797889289399,54.23,6.31117723442838,2.5,399.1,,91.3282401476474,3.43447351989789,4.0,60.7976887890218,24.5189393939394,
Sri Lanka,2015.0,140,90.7854137447,94.3307495117188,0.901775002944458,8.21693887941169,48.4751934456076,0.0831826627254486,0.0,67.5405206286837,3.19374905173722,4.2059554759927,51.27,6.57662253891943,2.5,422.1,46.9179708092755,93.160106871884,,4.0,51.5248065543924,24.5189393939394,
Sri Lanka,2016.0,132.9,90.7854137447,97.5,1.08130995719399,7.26171847777838,,-0.0113400500267744,0.0,75.1793524851801,,5.05362489256818,45.13,6.90898037263651,,463.8,46.4715370258015,97.163767494496,,,,24.5189393939394,
Sri Lanka,2017.0,129.7,90.7854137447,97.5,1.0759613709386,7.4306787796126,,-0.0754485204815865,0.0,,,6.4606812707036,45.78,7.35534757356803,,450.0,47.14040980146,96.9428933752454,,,,24.5189393939394,
Sri Lanka,2018.0,149.6,90.7854137447,99.585578918457,1.00093677895708,7.59206651696938,,-0.139389723539352,0.0,,,2.31008425192161,47.86,7.52526229953912,,435.5,49.8093967507459,99.4916575770923,,,,24.5189393939394,
Sri Lanka,2019.0,185.9,90.7854137447,99.7613525390625,1.07452644131542,7.25624893779769,,-0.21556980907917,0.0,,,-0.220483886072614,46.13,7.50867030878394,3.5,451.0,49.4255258543722,99.7068753092337,,4.0,,24.5189393939394,
Sri Lanka,2020.0,236.6,90.7854137447,99.9740982055664,0.99668324284867,8.23801242188465,,-0.0891569182276726,0.0,,,-4.62451581633715,49.32,7.16143066275761,,426.5,37.0292890900604,99.9681353798881,,,,24.5189393939394,
Sudan,2013.0,,118.6563876652,43.1008567810059,0.440480408496594,29.6076364571032,80.853753403345,-2.19300961494446,1.23421642221594,94.5580206896552,0.0,1.95514463302422,64.3,2.95814586822694,2.0,458.2,26.8585245020134,26.6870985071125,3.75261767655491,3.0,19.146246596655,673.375,
Sudan,2014.0,,118.6563876652,44.9,0.450190246828352,32.6242708162674,78.3491561181435,-2.36308455467224,0.58269682423945,91.9979256360078,0.0,4.66137954229873,63.77,3.09603627455982,2.0,468.2,20.8451090041313,28.9473741403978,4.36539048900116,3.0,21.6508438818565,673.375,
Sudan,2015.0,5132,118.6563876652,48.0156898498535,0.504548222221489,31.5564513257888,64.5359086380011,-2.15515303611755,0.167385970965201,100.945505617978,0.0,1.91017689052751,61.91,3.15517604399881,2.0,483.5,18.3782728546541,32.7470428735502,,3.0,22.618226412202,673.375,
Sudan,2016.0,5694.2,118.6563876652,50.5049591064453,0.546080394961862,22.9775814159681,,-2.33110570907593,0.119661875087839,87.87908203125,,3.46764218409288,58.85,3.26458625948291,2.0,511.4,15.2816698903461,35.8139997736566,,3.0,,673.375,
Sudan,2017.0,6276,118.6563876652,52.9681205749512,0.530471761090042,21.2305403131037,,-1.97152423858643,0.165824663757208,,,0.70925628476644,59.38,3.28774054269991,2.0,515.7,17.8313898297102,38.8200252132669,,3.0,,673.375,
Sudan,2018.0,6871.1,118.6563876652,55.3390274047852,0.515971084018811,21.9934731580502,,-1.82177793979645,0.455182165153788,,,-2.6809305497999,59.74,3.19959850209251,2.0,526.2,21.8679187274323,41.687923609525,,3.0,,673.375,
Sudan,2019.0,7243.5,118.6563876652,57.5705184936523,0.511922936509227,20.1640153484443,,-1.69619822502136,0.41842370491885,,,-2.17825104530091,59.64,3.12990321427525,2.0,537.1,26.1196204552625,44.3656442591433,,2.5,,673.375,
Sudan,2020.0,7741.8,118.6563876652,59.6956977844238,0.467953928316626,20.3208627544265,,-1.65706396102905,0.244237713777447,,,-3.62980082410752,62.13,3.01629396160972,2.0,521.9,9.95514507626151,46.8998003954612,,2.5,,673.375,
Sudan,2021.0,8247.2,,61.7677192687988,,6.35709212819819,,-1.98757219314575,0.436337399103125,,,-1.8685204827207,,,2.0,,4.12754863840759,49.3633418410828,,2.5,,,
Suriname,2013.0,,3.950609365,94.5752868652344,4.06032836419025,8.48595489076026,59.9358974358974,0.132779225707054,6.17878218146426,88.712576419214,0.0,2.9334416518612,17.63,8.59514233799681,,19.4,,87.6730391642101,14.5342247280001,,40.0641025641026,0.622121212121212,
Suriname,2014.0,,3.950609365,94.5550689697266,4.59905701777483,9.38475771944027,62.3394495412844,0.249270841479301,5.59688290424205,81.951893939394,0.0,0.255503031645475,12.85,8.61710318724464,,20.9,,87.2691404337764,15.1876247264929,,37.6605504587156,0.622121212121212,
Suriname,2015.0,,3.950609365,94.983528137207,4.73365480689865,10.4084312975306,60.0531443755536,0.249509304761887,2.15478946270299,59.6054181818182,0.0,-3.41109601307089,11.59,8.32316552398233,,21.5,,88.2498870457553,,,39.9468556244464,0.622121212121212,
Suriname,2016.0,,3.950609365,95.8207473754883,5.08189999879612,10.768043659892,,0.152817890048027,2.58395604814156,71.5938095238095,,-4.91578646874108,11.1,7.91401647938349,,28.2,,90.3688003712208,,,,0.622121212121212,
Suriname,2017.0,,3.950609365,96.6318588256836,4.16014391746191,10.9177579616735,,0.119800709187984,3.67837725846019,,,1.56839798246668,15.53,8.03813975417822,,23.3,,92.3272716139713,,,,0.622121212121212,
Suriname,2018.0,,3.950609365,97.4,3.61542154063819,10.0324669859288,,0.0581610128283501,5.19808854599688,,,4.94827108468886,18.32,8.4358886993811,,19.7,,94.2858014858045,,,,0.622121212121212,
Suriname,2019.0,,3.950609365,97.9301605224609,4.42581305045302,8.59607814021171,,0.0876266658306122,3.91223048528538,,,1.16758977233877,14.84,8.53438527304095,,25.1,,95.382688826717,,,,0.622121212121212,
Suriname,2020.0,<100,3.950609365,98.4032897949219,4.28507655687612,8.1360284150591,,0.418793022632599,2.89754411150257,,,-15.9751917148622,14.66,7.17100086398769,,23.1,,96.4995947595218,,,,0.622121212121212,
Sweden,2013.0,,3.6083694084,100.0,4.2069276640016,1.46654001874605,54.0334964811051,1.12777805328369,0.0155009140836057,81.2798914919852,13.9363919728682,1.187775715906,47.27,188.309705471701,,1040.037797,80.8156652769752,100.0,46.7712185753299,,1.54478504355327,1.46233918128655,
Sweden,2014.0,,3.5177489177,100.0,4.02150965696553,1.44329819446845,55.8376857652682,1.06541478633881,0.0134461495694928,82.8967084398977,14.3122289227243,2.65779827531642,48.61,198.294561776396,,1048.180451,82.9335316938536,100.0,47.4723215329032,,1.03937377079073,1.42561403508772,
Sweden,2015.0,<100,3.4271284271,100.0,3.99217853401293,1.44955838205644,63.2627477135323,0.932670474052429,0.0075069039011891,69.0836607142857,16.7540495643206,4.48928158790491,51.91,212.675276357792,,1089.951248,83.7238145087279,100.0,43.2411503756414,,1.08503004366057,1.38888888888889,
Sweden,2016.0,100.7,3.4582972583,100.0,3.89911000460038,1.39874442557708,,1.00078213214874,0.0059575399089464,82.8218277906677,,2.07059315052096,50.89,215.122434135612,,1135.679992,82.3206450872032,100.0,,,,1.40152046783626,
Sweden,2017.0,104.1,3.4894660895,100.0,3.79492404723228,1.44353822862843,,0.968601584434509,0.0076576645387183,,,2.56792452526476,51.82,218.675742130803,,1193.079992,84.9347494342818,100.0,,,,1.41415204678363,
Sweden,2018.0,117,3.5206349206,100.0,3.52974394445168,1.39278662122906,,0.921225249767303,0.0201589457969788,,,1.95002284569983,51.56,220.966240340092,,1182.279992,89.1311983954621,100.0,,,,1.42678362573099,
Sweden,2019.0,128,3.5518037518,100.0,3.40159396635064,1.39212483159621,,1.01176965236664,0.0191894103170098,,,1.98619587380391,52.87,223.37746077303,,1182.379992,91.4338289680865,100.0,,,,1.43941520467836,0.4
Sweden,2020.0,134.5,3.582972583,100.0,3.24298914312747,1.32935387209544,,0.99729984998703,0.0098306080100192,,,-2.17021317885872,58.4,216.628670167441,,1186.779992,83.2110028742464,100.0,,,,1.45204678362573,
Switzerland,2013.0,,6.5598779558,100.0,5.38130029300267,0.662533713556518,59.1938300349243,1.4011402130127,0.0002049086032846,70.2195078196872,3.22613504074505,1.79214405707484,21.83,387.911990322468,,529.772693,133.693708414477,100.0,38.8670912293051,,1.18597206053551,4.25742574257426,
Switzerland,2014.0,,6.4988558352,100.0,4.85956840988056,0.708877666889646,58.0154631822202,1.40265262126923,0.0001897170997152,67.0268160080544,3.75738210036804,2.34988127508626,22.2,400.755418932287,,513.318319,120.213423375239,100.0,42.4228241470122,,0.803115460329235,4.21782178217822,
Switzerland,2015.0,125.8,6.5061670481,100.0,4.71974534905117,0.62644626050893,62.1979817540887,1.32649421691895,9.62147096556018e-05,67.7685652062516,4.31638349698171,1.64462768699285,23.94,406.888603829863,,506.177513,117.138482218872,100.0,39.8865358839965,,1.06964007443606,4.22256683168317,
Switzerland,2016.0,106.6,6.4988558352,100.0,4.73723860185747,0.658010471667002,,1.28985404968262,9.02323824943346e-05,62.8231810148952,,2.0686896670996,24.1,415.773085433523,,517.24791,123.565924513577,100.0,,,,4.21782178217822,
Switzerland,2017.0,<100,6.4988558352,100.0,4.57876628047857,0.631333510334041,,1.24231481552124,0.0001394841951421,,,1.36279955711416,24.99,421.43923920041,,521.34791,123.621807602301,100.0,,,,4.21782178217822,
Switzerland,2018.0,<100,6.4988558352,100.0,4.40214372735655,0.643750702339479,,1.31924939155579,0.0001754152514143,,,2.86044579461633,24.2,433.494280194982,,522.74791,124.428504325808,100.0,,,,4.21782178217822,
Switzerland,2019.0,<100,6.4988558352,100.0,4.35860986463416,0.647745526895984,,1.31083822250366,0.0003540963024016,,,1.14198232505277,24.76,438.444708254923,,527.24791,124.127612180467,100.0,,,,4.21782178217822,0.4
Switzerland,2020.0,<100,6.4988558352,100.0,4.04207281475341,0.705477633321729,,1.17615520954132,0.0001817597045947,,,-2.14173720650054,26.37,429.054374808295,,499.94791,121.785977998371,100.0,,,,4.21782178217822,0.4
Syrian Arab Republic,2013.0,,124.360138926,90.4017791748047,1.42802640569067,25.1049303726541,12.0317638565814,-2.68114280700684,2.66448513248801,77.2436193907632,0.0,-26.3000876641997,3.07,1.37223854995391,,159.0,44.705254783599,79.780874637138,1.60768019142343,,87.9682361434186,195.799214806506,
Syrian Arab Republic,2014.0,,124.360138926,90.2162628173828,1.32540815590414,26.8601256187584,11.1074191864053,-2.74882411956787,1.22597755033216,70.4139859623199,0.0,-10.3103399024413,2.68,1.23075609118133,,144.9,54.2644225207985,79.8273470098644,1.35082872186579,,88.8925808135947,195.799214806506,
Syrian Arab Republic,2015.0,,124.360138926,90.0257568359375,1.31530673654782,33.1304622129369,2.30971422179968,-2.965176820755,0.81738519775143,72.0444393241167,0.0,-4.17979161679355,0.58,1.17931305125896,,138.5,51.0862078228369,79.1473430280957,,,97.6902857782003,195.799214806506,
Syrian Arab Republic,2016.0,,124.360138926,89.8311080932617,1.29080229475964,34.1668728227147,,-2.90603613853455,0.644133392082892,74.6565721844293,,-6.4055907393619,1.32,1.10377108365943,,128.8,67.1119365330928,78.4397489135327,,,,195.799214806506,
Syrian Arab Republic,2017.0,,124.360138926,89.6331405639648,1.35878908347847,40.6356075288157,,-2.61291766166687,0.600599579051769,,,-0.723281777470547,1.07,1.09578770854633,,126.5,61.0508521719631,77.7056775082817,,,,195.799214806506,
Syrian Arab Republic,2018.0,,124.360138926,86.0,1.46394362975738,39.0098811896256,,-2.73627853393555,0.687954262286091,,,1.39317607830837,0.88,1.11105396077084,,158.9,50.6590991144828,69.4576560134406,,,,195.799214806506,
Syrian Arab Republic,2019.0,,124.360138926,89.2305679321289,1.33545948848982,40.7410447915959,,-2.73033118247986,0.749159417023206,,,1.22070522070523,0.99,1.12461665447482,,140.1,41.9994711236162,76.1627485036355,,,,195.799214806506,
Syrian Arab Republic,2020.0,,124.360138926,89.0276184082031,1.21480248375323,36.641863266624,,-2.71175765991211,1.36841967382418,,,-0.182330467026262,1.08,1.12256613567646,,128.9,48.4013621792551,75.3568074085591,,,,195.799214806506,
Tajikistan,2013.0,,69.8774391227,99.0402450561523,0.392681964601966,21.32088784652,99.7429155711364,-1.18237400054932,0.0181656628434265,58.2542405063291,0.0,7.39999974700379,55.12,0.690323167420905,3.0,22.1,71.7437428882341,98.9115545711982,44.4758878741804,3.0,0.25708442886357,16.6908638862275,
Tajikistan,2014.0,,69.309348932,99.1175308227539,0.550493445625862,23.7737836738595,99.0286546867411,-0.69334077835083,0.0219257142417577,57.3430201342282,0.0,6.70000069016253,45.89,0.742612118632995,3.0,35.8,54.6071596053705,99.024061333969,37.481949469167,3.0,0.971345313258864,16.5551703610148,
Tajikistan,2015.0,,68.7412587413,98.0,0.575406352580923,21.5905747207608,98.4733714019345,-0.882318019866943,0.0109478026180246,53.2331302521008,0.0,6.01930331771186,48.11,0.793818684849234,3.0,32.8,49.9378160689555,97.8174806767749,,3.0,1.52662859806549,16.4194768358021,
Tajikistan,2016.0,,57.7186963979,99.2580032348633,0.629971308782098,20.8569765086156,,-0.78061830997467,0.0350227574097173,40.1770302013423,,6.89999999999999,43.67,1.01064815815831,3.0,36.4,55.7246446907573,99.2477280457877,,3.0,,13.7866372518122,
Tajikistan,2017.0,,52.6982451511,99.3,0.757120729592937,20.2832963188861,,-0.674310863018036,0.0728389855209614,,,7.09999999999999,44.23,1.18552255232395,3.0,37.0,53.7861046057767,99.3369525289847,,3.5,,12.5874566656161,
Tajikistan,2018.0,,64.4808022167,99.3,0.887070870578997,19.7719647842925,,-0.74773895740509,0.140631467213909,,,7.59999999939372,41.58,1.04252820371921,3.0,40.3,55.8461114113303,99.337238211148,,3.0,,15.4018279231012,
Tajikistan,2019.0,,69.9432642829,99.4458847045898,0.960233171179232,20.8670733588,,-0.512072920799255,0.137954396553636,,,7.40000000004744,40.07,1.03223036146289,3.0,43.1,56.0450159145896,99.583020791085,,3.0,,16.7065868263473,
Tajikistan,2020.0,,69.9432642829,99.505744934082,0.977533024275801,22.6904308448361,,-0.500084042549133,0.0936941276325496,,,4.40000000058538,38.75,1.0776484973733,3.0,51.0,55.7491040194954,99.6984909636504,,3.0,,16.7065868263473,
Tajikistan,2021.0,,,99.5654678344727,,22.4490805460825,,-0.676817953586578,0.24037213919608,,,9.40000000022746,,,3.0,,71.825937435383,99.8137349087621,,3.0,,,
"Tanzania, United Republic of",2013.0,,12.9632408102,16.4,0.217202207763596,26.7908679172376,29.5068170341693,-0.162120848894119,0.119796032758884,73.1703885291397,0.60595859282949,6.78158560065316,85.57,8.07199453215302,3.5,823.6,48.6316275295495,1.73544788223663,0.505786033350254,3.5,70.4931829658307,6.17142857142857,
"Tanzania, United Republic of",2014.0,,12.9632408102,23.5,0.198919396160375,25.8025774475571,42.2897571956906,-0.597118556499481,0.0887508829616315,72.4164085820896,0.643190223508603,6.73246186832483,86.38,8.61543848604348,3.5,802.9,45.3560223433065,10.0374205868088,0.723885118164249,3.5,57.7102428043094,6.17142857142857,
"Tanzania, United Republic of",2015.0,10814.3,12.9632408102,26.2212181091309,0.20489763178503,26.745885729563,34.154090548054,-0.423460692167282,0.0830731354988388,77.072874251497,0.667196187450357,6.16062877406682,86.24,9.14620366842671,3.0,821.7,40.7576808778314,11.3444656705965,,3.5,65.845909451946,6.17142857142857,
"Tanzania, United Republic of",2016.0,13517.9,12.9632408102,32.8,0.195708590682345,27.4441425717754,,-0.448246777057648,0.0755955774193679,73.6758058608059,,6.86711619644551,86.67,9.77428410190113,3.0,835.0,35.4204704002636,17.2706794785525,,3.5,,6.17142857142857,
"Tanzania, United Republic of",2017.0,14411.4,12.9632408102,32.0970230102539,0.207213701977385,28.7534809528128,,-0.570162177085876,0.0920141578549128,,,6.72726996832438,85.29,10.431826580907,3.5,853.3,33.1125919853124,15.9745874536775,,3.0,,6.17142857142857,
"Tanzania, United Republic of",2018.0,14489.7,12.9632408102,34.9296112060547,0.206899782120787,27.868599477377,,-0.580516219139099,0.186336892518203,,,5.50267599384966,85.29,11.0058561978946,3.0,864.6,32.6426099043737,18.0908584418885,,3.0,,6.17142857142857,
"Tanzania, United Republic of",2019.0,14625.5,12.9632408102,37.7,0.249877326981355,26.5943119516018,,-0.388441443443298,0.171346159055069,,,5.79999999996723,83.54,11.6441958573689,3.0,937.5,33.0185892502311,19.0015263789597,,3.0,,6.17142857142857,
"Tanzania, United Republic of",2020.0,15941.1,12.9632408102,39.9,0.233945592120175,25.254901665343,,-0.480818122625351,0.116572048760699,,,1.99196460647855,83.95,11.8761441175567,3.0,945.5,27.9630151969884,21.9528455271331,,3.0,,6.17142857142857,
"Tanzania, United Republic of",2021.0,16712.5,,42.7433624267578,,24.7884506158783,,-0.335592776536942,0.208866700729448,,,4.32138429480482,,,3.0,,29.9151840074048,23.3364258479985,,3.0,,,
Thailand,2013.0,,23.0139351833,99.4044036865234,3.80405746007947,11.3222153379773,8.27793001871879,-1.31168270111084,2.05867609838119,44.3376430694201,4.90502708063163,2.68749556320556,23.21,6.72358296550451,,2401.8,132.462274174269,98.9709777862037,0.899895081759354,,91.7220699812812,25.5253663533918,
Thailand,2014.0,,23.0139351833,99.5061721801758,3.73604169400633,10.0889216151042,8.51453474894525,-0.906386315822601,2.11668688914565,44.8288127271321,5.30390838703695,0.984468863619426,24.41,6.78977454631952,,2453.3,130.905495444398,99.1565375554174,1.10807573900785,,91.4854652510547,25.5253663533918,
Thailand,2015.0,465.5,23.0139351833,99.6,3.82467609758428,8.87272364786793,8.53847884788479,-0.995044946670532,1.38897087616473,43.7787501900563,5.87252475247525,3.13404724911635,22.65,7.00256928870965,,2551.7,124.839662152526,99.5088173425576,,,91.4615211521152,25.5253663533918,
Thailand,2016.0,467.6,23.0139351833,99.8852081298828,3.7944702310621,8.47807696285562,,-0.991300225257874,1.03173253841723,46.0597253758822,,3.43515771692182,22.43,7.24311858801356,,2871.9,120.57522728913,99.8921558798121,,,,25.5253663533918,
Thailand,2017.0,469.4,23.0139351833,99.9,3.76789668093416,8.40641258665047,,-0.754879355430603,1.05847464551561,,,4.1776810321001,22.25,7.54571297939752,,2943.7,120.891427433638,99.9,,,,25.5253663533918,
Thailand,2018.0,471,23.0139351833,99.82,3.71842785188273,8.20181926195524,,-0.799434542655945,1.37519249934744,,,4.22287028746071,23.7,7.86435865078156,,3031.8,120.841864730984,99.7301834120146,,,,25.5253663533918,
Thailand,2019.0,577,23.0139351833,99.9,3.84904375698898,8.1285680400948,,-0.49142050743103,1.14261232362985,,,2.11455779628278,23.95,8.0306550597593,,3193.9,109.689514715166,99.9,,,,25.5253663533918,0.4
Thailand,2020.0,771.9,23.0139351833,100.0,3.71425580600412,8.7027667068553,,-0.578276574611664,0.688355229537307,,,-6.0669259685517,20.83,7.54344116249395,,3029.3,97.7996948626876,100.0,,,,25.5253663533918,
Timor-Leste,2013.0,,28.2682103232,59.1818885803223,0.313717387467662,21.3199869831315,0.0,-0.384680241346359,,96.4580434782609,,3.10436683211147,22.57,1.26737568846901,2.0,0.0,79.6341248298199,46.2432369381898,,2.0,,14.2665855143031,
Timor-Leste,2014.0,,28.2682103232,62.4069442749023,0.379632521121174,21.0507074370281,0.0,-0.179694876074791,,96.8641509433962,,4.47249846569638,18.08,1.3240590466904,2.0,0.0,82.7357773406823,49.7669860352887,,2.0,,14.2665855143031,
Timor-Leste,2015.0,,28.2682103232,67.2815339423354,0.36257695015728,17.7727428278658,0.0,-0.271709710359573,38.4676399154335,82.3572131147541,,2.7972661120109,18.0,1.36109650170648,2.0,0.0,59.8915274280404,55.6042152817135,,2.0,,14.2665855143031,
Timor-Leste,2016.0,,28.2682103232,76.5,0.423743346600662,16.9377389146593,,-0.017668042331934,28.1558572787886,71.745652173913,,3.36817482791557,12.67,1.4069406114606,2.0,0.0,59.8676137539811,67.1811743478109,,2.0,,14.2665855143031,
Timor-Leste,2017.0,,28.2682103232,79.5406646728516,0.451885604893685,16.9865206565051,,0.0663820803165436,27.1412022564198,,,-3.1445700238548,13.21,1.36269837873917,2.0,0.0,58.1457024002627,70.943920453946,,2.0,,14.2665855143031,
Timor-Leste,2018.0,,28.2682103232,85.1562805175781,0.404249333317484,17.6559734872081,,0.233176738023758,37.5541864787634,,,-0.692800735541169,12.71,1.35325759434806,2.0,0.0,64.3983311509215,78.7592258138133,,2.0,,14.2665855143031,
Timor-Leste,2019.0,,28.2682103232,90.6324844360352,0.482334951008952,14.1676064634338,,0.243016809225082,28.4290578650032,,,23.4120167614743,11.67,1.67008248916275,2.0,0.0,70.8064146926001,86.451155809024,,2.0,,14.2665855143031,
Timor-Leste,2020.0,,28.2682103232,96.0023727416992,0.343155165981408,13.1229390731387,,0.197355657815933,27.2716128388022,,,31.9619188685361,11.42,2.20387289938658,2.0,0.0,84.7503111042388,94.1793457846676,,2.0,,14.2665855143031,
Timor-Leste,2021.0,,,100.0,,8.6205996866888,,0.192315369844437,57.1989917274677,,,5.31553743115596,11.11,,2.0,,99.891798855757,100.0,,2.0,,,
Togo,2013.0,,3.391634981,40.9523391723633,0.246122099358183,19.1395466909651,81.7204301075269,-0.353710830211639,0.0,92.6179428571429,5.37634408602151,5.82426583399493,76.19,23.1661344530748,2.5,69.2,82.1477877564195,17.1098578819188,2.15792100789185,3.0,18.2795698924731,1.93913043478261,
Togo,2014.0,,3.391634981,45.7,0.217949578116298,19.3388381580273,86.2068965517241,-0.16712686419487,0.0,104.936163522013,3.44827586206897,5.63324021651326,81.44,24.4711384556969,3.0,64.0,70.9156517502517,21.1354875225775,2.40600370949386,3.0,13.7931034482759,1.93913043478261,
Togo,2015.0,1206.7,3.391634981,44.7450904846191,0.24428530157446,18.9218601496344,75.3086419753086,-0.232123047113419,0.0,99.7343406593407,6.17283950617284,5.46803129300602,81.04,25.8092279642093,3.5,69.0,69.1281378813376,19.8325517132195,,3.0,24.6913580246914,1.93913043478261,
Togo,2016.0,1250,3.391634981,46.7748603820801,0.300938972406183,20.385078914717,,-0.17511710524559,0.0,97.2552173913043,,4.21489560918502,80.65,26.8970599804373,4.0,71.0,66.4450409805081,21.0449450925759,,3.0,,1.93913043478261,
Togo,2017.0,1241.3,3.391634981,48.0,0.257067706466296,20.3155597844213,,-0.874444484710693,0.0,,,4.00791259566937,78.39,27.975070635258,4.0,70.7,58.2088602526732,19.4570655359201,,3.0,,1.93913043478261,
Togo,2018.0,1357.6,3.391634981,50.0,0.272149541444365,19.6494784155019,,-0.886004209518433,0.0,,,4.79518333086139,76.74,29.3165265591565,4.0,77.1,57.5737388499452,26.3227529938374,,3.5,,1.93913043478261,
Togo,2019.0,1419.4,3.391634981,52.4619178771973,0.296284380597868,19.5145900500186,,-0.908243715763092,0.0,,,4.92283321360694,76.2,30.7597302656866,4.0,80.7,56.3421740349757,23.8522533062173,,3.5,,1.93913043478261,
Togo,2020.0,1588.6,3.391634981,54.1275978088379,0.286061843654428,19.1725179891178,,-0.890690088272095,0.0,,,2.16228657424364,76.62,31.4248437834951,4.0,84.8,55.0659513954403,24.3230686783747,,3.5,,1.93913043478261,
Togo,2021.0,1675.7,,55.7401161193848,,18.814454668635,,-0.695711433887482,0.0,,,5.99156914603942,,,4.0,,54.0895677104114,24.6554121643341,,3.5,,,
Tonga,2013.0,,,95.1126022338867,1.07107172538729,17.1078419389399,3.84521598859565,0.935446381568909,0.0,94.7308333333333,,0.312307909294702,1.58,,3.0,0.0,82.9404221721051,94.0867850494003,,3.0,,,
Tonga,2014.0,,,95.8893890380859,1.06353047099207,16.355336553635,4.57836183354411,0.847196459770203,0.0,103.342727272727,,2.01870046039205,1.7,,3.0,0.0,74.9208095812253,95.0486164009026,,3.0,,,
Tonga,2015.0,,,100.0,1.03560053523303,16.8686026962594,5.90740907860301,0.868294656276703,0.0,110.01,,1.17188825589601,1.94,,3.0,0.0,81.451405104512,100.0,,3.0,,,
Tonga,2016.0,,,97.02,1.17210780742997,16.6176150953383,,0.897029459476471,0.0,85.5633333333333,,6.57100050107448,2.03,,3.0,0.0,84.9477353336123,96.5330523656974,,3.0,,,
Tonga,2017.0,,,98.209831237793,1.26073139496277,16.8054005033665,,0.771566808223724,0.0,,,3.32243254438831,1.96,,3.0,0.0,87.9674817359412,97.7916876832743,,3.0,,,
Tonga,2018.0,<100,,99.0059814453125,1.27627199239182,17.0723020522938,,0.833516359329224,0.0,,,0.241227960275054,1.78,,3.0,0.0,87.5947736062266,98.7573293798332,,3.0,,,
Tonga,2019.0,<100,,98.4,1.53881335099237,19.6351208241071,,1.03778612613678,0.0,,,0.706483433860413,1.77,,3.0,0.0,87.1654471936074,97.9306253656626,,2.5,,,
Tonga,2020.0,<100,,99.8634948730469,1.12204761814278,17.8115669242968,,1.0890086889267,0.0,,,0.488645323313833,1.89,,3.0,0.0,85.5340228866952,99.8234563709149,,2.5,,,
Tonga,2021.0,<100,,100.0,,16.3232484642545,,1.0789657831192,0.0,,,-2.66750617523127,2.06,,3.0,,73.367469327191,100.0,,3.0,,,
Trinidad and Tobago,2013.0,,20.3264812576,100.0,15.3993568533708,1.25707906648061,0.0,0.0936860963702202,15.6465441265051,22.1504223493181,0.0,3.53192565369508,0.36,78.0105572500489,,66.7,,100.0,0.0,,100.0,8.75520833333333,
Trinidad and Tobago,2014.0,,20.3264812576,100.0,15.1752890578846,1.44291949902169,0.0,0.247864335775375,12.6896468028623,20.7774361313869,0.0,3.85364078923793,0.35,81.0168039041486,,75.7,,100.0,0.0,,100.0,8.75520833333333,
Trinidad and Tobago,2015.0,,20.3264812576,100.0,14.5945320327604,1.65829407061422,0.0,0.279361039400101,5.97114515389691,23.6474929444967,0.0,-0.777478729405431,0.37,80.3869154865497,,75.2,,100.0,,,100.0,8.75520833333333,
Trinidad and Tobago,2016.0,,20.3264812576,100.0,12.4489393124758,1.61808628615819,,0.277257770299912,3.50778666949029,31.299243006034,,-7.52712257987442,0.43,74.3360938196971,,67.8,,100.0,,,,8.75520833333333,
Trinidad and Tobago,2017.0,,20.3264812576,100.0,12.3255875293435,1.72011444531291,,0.269298404455185,4.86773088182409,,,-4.8008157464911,0.42,70.7673549222747,,68.3,,100.0,,,,8.75520833333333,
Trinidad and Tobago,2018.0,,20.3264812576,100.0,11.8054055634678,1.70197971518082,,0.230616614222527,9.78084913042602,,,-0.602435915455416,0.46,70.3410269598051,,57.5,,100.0,,,,8.75520833333333,
Trinidad and Tobago,2019.0,,20.3264812576,100.0,11.3130322937192,1.58505601257357,,0.081537127494812,9.75831219525267,,,0.361250889870604,0.43,70.5951345456415,,62.9,,100.0,,,,8.75520833333333,
Trinidad and Tobago,2020.0,155.2,20.3264812576,100.0,10.1571191722541,1.77700442372342,,0.110377036035061,5.14814782246322,,,-9.07789616880692,0.47,64.1865815313586,,53.6,,100.0,,,,8.75520833333333,0.0
Tunisia,2013.0,,86.8547342762,99.7,2.53107797998705,7.96930864809374,2.33393177737881,-0.902563273906708,3.44472138844983,42.5739110945088,2.00750775257059,2.42993096446429,13.17,12.8578483338505,,161.3,98.9549566862038,99.0847008592372,0.664110615423163,,96.322289320494,81.5399284862932,
Tunisia,2014.0,,89.4396059213,99.8,2.71031069526259,8.57165956609159,3.06202155913139,-0.851661503314972,2.68249945456365,41.1472251127298,2.77040045826173,3.09032803070775,12.86,12.8721128675083,,171.1,96.1071038558701,99.3794215600541,0.797658449883838,,95.6881737228558,83.9666269368296,
Tunisia,2015.0,1052.9,92.0244775665,99.9,2.73646000671928,9.20592301747619,2.83594226468794,-0.960177004337311,1.27648292565219,45.7787933940007,2.48526123195771,0.967703153193497,12.5,12.6316136090529,,179.0,87.2485306596052,99.9,,,96.0764383004676,86.3933253873659,
Tunisia,2016.0,1089.7,94.6093492116,100.0,2.59444326113349,8.5254177646665,,-1.13972234725952,0.958451749125307,45.5117833735771,,1.11742585932831,12.4,12.4237911826687,,176.8,87.0926643641466,100.0,,,,88.8200238379023,
Tunisia,2017.0,1079.8,89.5310159206,100.0,2.60278104885237,8.98606402219358,,-1.02349030971527,1.05088052435349,,,2.23783869165773,11.82,13.4222815892202,,186.8,95.8091979825804,100.0,,,,84.0524433849821,
Tunisia,2018.0,1159.7,95.9987812,99.8,2.59976480429423,9.88850801473107,,-0.868218719959259,1.40865536252543,,,2.62493009339495,11.91,12.8465648413821,,188.5,103.87164039343,99.5779906719348,,,,90.1244338498212,
Tunisia,2019.0,1285.4,96.3105908641,100.0,2.57649522620126,9.76636388032756,,-0.877072870731354,1.13919913733434,,,1.5878467320356,12.19,13.0082968911852,,186.0,100.936008262245,100.0,,,,90.4171632896305,
Tunisia,2020.0,1526.9,98.1133991824,99.9,2.4086225282388,10.3804221079653,,-0.59433114528656,0.677160519787388,,,-8.81792562613296,12.88,11.6432878236372,,180.0,82.8176028500521,99.6713985684086,,,,92.1096543504172,
Turkmenistan,2013.0,,144.4713549717,99.9431304931641,11.4730953338027,8.47439420658294,0.0,0.249095499515533,12.6315788851696,28.1922941870758,0.0,10.200000101399,0.06,1.08679381834138,,200.5,98.5928226795449,99.8880446585904,0.0,,100.0,1995.8640569395,
Turkmenistan,2014.0,,144.6015455951,99.9820404052734,10.9813404266741,8.2954435522879,0.0,0.0742060318589211,9.91368693842051,28.7755806590876,0.0,10.2999999705459,0.06,1.19765431295554,,218.5,91.0934829576602,99.964137474729,0.0,,100.0,1997.66263345196,
Turkmenistan,2015.0,,144.7317362184,100.0,11.0601514177487,9.30653875928778,0.0,-0.0895711407065392,5.89775459141088,27.9247544395117,0.0,6.49999990951666,0.06,1.27435448929531,,219.3,81.2999305660859,100.0,,,100.0,1999.46120996441,
Turkmenistan,2016.0,,144.8619268418,100.0,10.9191162876214,10.5274383259738,,-0.195148065686226,4.00058687043119,27.7494445987226,,6.1999999664301,0.06,1.35214816857035,,222.3,62.0460846966262,100.0,,,,2001.25978647687,
Turkmenistan,2017.0,,148.6666666667,100.0,10.7016590590785,11.1178074761568,,-0.128823503851891,5.9776539588876,,,6.50000004682975,0.06,1.40318374746421,,222.3,53.5753567069955,100.0,,,,2053.82206405694,
Turkmenistan,2018.0,,138.485316847,100.0,10.4397215133356,11.0415688363389,,-0.0129793277010322,9.25162024271754,,,6.19999994137119,0.06,1.5997382806086,,222.8,50.9002726399821,100.0,,,,1913.16725978648,
Turkmenistan,2019.0,,142.7516743946,99.9,10.2675361537537,10.8113571045068,,-0.178149864077568,6.20186081092512,,,6.30000004226711,0.06,1.6496990336706,,223.2,44.2857594037204,99.9,,,,1972.10676156584,
Tuvalu,2013.0,,,97.5798492431641,0.796849239787507,19.0145,0.0,1.28392601013184,0.0,110.01,,4.34782608695652,0.7,,3.0,0.0,,95.7173983681166,,2.5,,,
Tuvalu,2014.0,,,97.8543014526367,0.779888063125057,18.2441860465116,0.0,1.29932725429535,0.0,110.01,,0.0,0.65,,3.0,0.0,,96.013115263792,,2.5,,,
Tuvalu,2015.0,,,98.1237716674805,0.707915785602648,15.9163265306122,28.169014084507,1.36598539352417,0.0,110.01,,10.4166666666667,2.98,,3.0,0.0,,96.2747542063395,,2.5,,,
Tuvalu,2016.0,,,97.3,0.691116844821231,,,1.38275027275085,0.0,110.01,,5.66037735849056,7.27,,3.0,0.0,,93.784409898719,,2.5,,,
Tuvalu,2017.0,,,98.7211837768555,0.711119320280754,,,1.21373701095581,0.0,,,2.44839285714286,6.98,,3.0,0.0,,97.0251398329201,,2.5,,,
Tuvalu,2018.0,,,98.966911315918,0.809940174873447,,,1.39100873470306,0.0,,,1.38728384151602,6.59,,3.0,0.0,,97.4038210766864,,2.5,,,
Tuvalu,2019.0,,,99.7,0.812340270171595,,,1.17167043685913,0.0,,,13.8220984406966,6.51,,3.0,0.0,,99.5281389578164,,2.5,,,
Tuvalu,2020.0,,,99.4254760742188,0.596259824735748,,,1.21819925308228,0.0,,,-4.27493206901397,6.67,,3.0,0.0,,98.4062947611578,,2.5,,,
Türkiye,2013.0,,38.0598677858,100.0,4.19039469964289,6.67610812297851,28.8231717980962,-1.24993252754211,0.0860887119243914,24.3471650375585,4.08071487462212,8.48581699653026,13.8,15.1520212289245,,1653.963295,52.5272987998138,100.0,6.11513779657651,,71.0548231551421,22.5726872246696,
Türkiye,2014.0,,38.6020946297,100.0,4.4268354475514,6.55723547339657,20.8871937546386,-1.08603596687317,0.0815983751187947,23.3192091357445,4.75585701075158,4.9397151613658,11.51,15.6771406765536,,1706.502146,53.7663011662543,100.0,4.95017358246282,,78.9738969610617,22.8942731277533,
Türkiye,2015.0,,39.8945257372,100.0,4.51829036460809,6.86837534505832,31.9566205597766,-1.49530971050262,0.0397420558747258,26.0347717511875,6.30713224311739,6.08448690443663,13.34,16.0922325538821,,1857.711021,51.0885436007552,100.0,6.65430058653642,,67.8458876244829,23.6607929515419,
Türkiye,2016.0,,44.2769070787,100.0,4.74783900221855,6.14229206403875,,-2.00721478462219,0.0315356199108909,26.5311497904375,,3.32308420845746,13.23,14.9813065964808,,2011.416131,48.3281862338973,100.0,,,,26.2599118942731,
Türkiye,2017.0,,43.6670764317,100.0,5.20587915001934,6.03862979568919,,-1.78637540340424,0.0481724871218538,,,7.50199748917491,11.4,16.330120361384,,2134.216131,55.762168749568,100.0,,,,25.898231277533,
Türkiye,2018.0,,45.3788754364,100.0,5.08691958023764,5.79162005080339,,-1.31516599655151,0.0950737135041577,,,3.01317990846508,11.83,16.1876038077378,,2154.716131,62.6142111728118,100.0,,,,26.9134713656388,
Türkiye,2019.0,,45.7056970957,100.0,4.82896105858795,6.40176069349971,,-1.37813580036163,0.0883228867356227,,,0.81852593620826,14.12,16.2034055459511,,2170.516131,63.1932903231036,100.0,,,,27.1073039647577,
Türkiye,2020.0,,45.7056970957,100.0,4.8858639260833,6.66994125264828,,-1.14386320114136,0.0525090554096133,,,1.85983969001542,13.72,16.5047629134289,,2112.016131,61.3437550984754,100.0,,,,27.1073039647577,
Uganda,2013.0,,5.8279963403,13.9,0.104732807028038,26.0303237402959,96.267673662949,-0.838690638542175,0.0,79.6091100702576,,3.58690582623025,92.55,45.9874528096902,3.5,438.1,43.1091548734687,2.79521432582904,,4.0,,1.63333333333333,
Uganda,2014.0,,5.8279963403,20.4,0.113169831612196,24.8199759353437,91.3589635262639,-0.9411261677742,0.0,78.2138607594937,,5.10630732539796,91.84,48.3357134812753,3.5,447.0,36.0144010819085,11.9075422654143,,4.0,,1.63333333333333,
Uganda,2015.0,8066.8,5.8279963403,18.5,0.125731921963759,23.4723696930371,92.9505269826643,-0.804575800895691,0.0,85.9405967078189,,5.18785986002466,91.07,50.8433025590269,3.5,473.6,37.6892983324358,9.04652257555165,,4.0,,1.63333333333333,
Uganda,2016.0,9293.1,5.8279963403,26.7,0.127652055126342,22.6603227869887,,-0.71827632188797,0.0,78.2552028218695,,4.78100029254482,90.81,53.2741210031135,3.5,526.4,31.2093620232119,17.6943757370284,,4.0,,1.63333333333333,
Uganda,2017.0,10269.1,5.8279963403,32.3853492736816,0.128890498774082,23.4588353827426,,-0.569948792457581,0.0,,,3.13140551723596,90.73,54.9423497674639,3.5,533.1,36.8370529334101,23.0209690197433,,3.5,,1.63333333333333,
Uganda,2018.0,10325.2,5.8279963403,41.92,0.14131143398732,23.2502935412734,,-0.701724708080292,0.0,,,6.30392378262997,91.47,58.4058736211908,3.5,569.9,36.6384055999567,32.5446367472178,,3.5,,1.63333333333333,
Uganda,2019.0,10052.5,5.8279963403,41.3,0.138373161893107,22.9455088065564,,-0.694264531135559,0.0,,,6.43874503276439,91.62,62.1664789078179,3.5,629.2,39.3610539647435,31.7989560200152,,3.0,,1.63333333333333,
Uganda,2020.0,10319.6,5.8279963403,42.139476776123,0.127793034826946,23.9290337204808,,-0.811034500598907,0.0,,,2.95130642219563,92.91,64.0012021922772,3.5,544.5,37.0006923915988,32.8394825878501,,3.0,,1.63333333333333,
Uganda,2021.0,11404.2,,45.2203483581543,,23.8418038272007,,-0.937743246555328,0.0,,,3.53658034070294,93.03,,3.5,,41.7136307424995,35.928120473266,,3.0,,,
Ukraine,2013.0,,15.4013345426,100.0,5.94132317752821,8.69230562102956,7.80099738779387,-0.777284979820251,0.779950974870513,10.2760644080417,0.676282613858115,0.045439094492707,3.49,9.43903978997513,,1201.0,94.0016694501782,100.0,19.6131917480218,,49.2426667217329,21.5730490018149,
Ukraine,2014.0,,14.1215340762,100.0,5.25110191904936,10.1546081548161,5.58703118560242,-2.02083349227905,0.806864505203705,12.6070969235302,0.928149471081192,-10.0788949840953,3.5,9.25690758955392,,1054.8,100.691782483624,100.0,22.5308723985058,,45.8387141090809,19.7803992740472,
Ukraine,2015.0,904.8,11.8022803835,100.0,4.23146670654202,12.0593761063371,4.38164680336566,-1.95953238010406,0.623689356302003,15.4503138261644,1.05238482986651,-9.7729872128676,4.15,9.99351935328485,,886.0,107.806616298156,100.0,,,41.2700175191847,16.5317604355717,
Ukraine,2016.0,964,12.0821456336,100.0,4.48076580847504,11.7257009089167,,-1.8533319234848,0.422582846644037,16.4518474534161,,2.44098194492067,5.48,10.0003235685887,,938.0,105.521204913122,100.0,,,,16.9237749546279,
Ukraine,2017.0,887.9,13.8701736201,100.0,3.902160853166,10.1776550393512,,-1.86741673946381,0.591598433571082,,,2.35997228099491,6.48,8.91674569229521,,859.3,104.034982911399,100.0,,,,19.4283121597096,
Ukraine,2018.0,724.8,13.8701736201,100.0,4.15986834270536,10.1395331070229,,-1.87208938598633,0.815487419149946,,,3.48836234022659,6.92,9.22779409099902,,897.5,99.1998150718675,100.0,,,,19.4283121597096,
Ukraine,2019.0,1093.1,13.7289453226,100.0,3.93365253612705,8.96518101437243,,-1.42832672595978,0.528220731710352,,,3.19950386354134,7.44,9.6210002630069,,856.3,90.5112342910763,100.0,,,,19.2304900181488,
Ukraine,2020.0,1383,12.2557657424,100.0,3.75381618922792,9.31015109807472,,-1.16391623020172,0.252452065249458,,,-3.75280409994949,8.72,10.3730157223102,,832.3,79.1564523761815,100.0,,,,17.1669691470054,
United Arab Emirates,2013.0,,1730.4242424242,100.0,21.1339160750868,0.633172495058869,0.0941424563649715,0.894792199134827,7.78797412296484,36.6839429657795,0.0941424563649715,5.05555965425988,0.1,128.244552560372,,832.4,161.100482455799,100.0,0.025763191848601,,99.905857543635,1730.4242424,
United Arab Emirates,2014.0,,1713.3939393939,100.0,21.1227744472553,0.628716004185158,0.258307016339421,0.7689089179039,6.80411322998423,39.8574815056571,0.258307016339421,4.16569184256178,0.14,134.914613542679,,859.4,164.029509861227,100.0,0.0969070800104919,,99.7416929836606,1713.3939394,
United Arab Emirates,2015.0,,1696.3636363636,100.0,21.9145018912965,0.723671593030506,0.23240111175667,0.748049259185791,4.13980617426691,21.6554076479076,0.23240111175667,6.78677287945216,0.13,145.51733352035,,775.8,169.47623670322,100.0,,,99.7675988882433,1696.36363633333,
United Arab Emirates,2016.0,,1679.3333333333,100.0,22.2807027101609,0.750862912190636,,0.549646139144897,3.62806689609405,26.238556101474,,5.56149075496799,0.12,155.168045084426,,857.6,170.903087759838,100.0,,,,1679.33333333333,
United Arab Emirates,2017.0,,1630.0,100.0,21.1654979061116,0.761757601656358,,0.601948618888855,4.3006241727717,,,0.735068713165646,0.19,161.039450385103,,925.3,172.803424996025,100.0,,,,1630.0,
United Arab Emirates,2018.0,,1667.3333333333,100.0,19.060949529489,0.711463999831489,,0.689086735248566,5.47300508999735,,,1.31391388141118,0.32,159.502151076109,,920.5,157.920573135862,100.0,,,,1667.33333333333,
United Arab Emirates,2019.0,,1628.6666666667,100.0,20.1533448325312,0.746712201018526,,0.667445123195648,5.15832714874024,,,1.10834813893099,0.67,165.098749688084,,879.9,167.383564925995,100.0,,,,1628.66666666667,
United Arab Emirates,2020.0,<100,1587.3333333333,100.0,20.2522716801426,0.963890712780097,,0.592546582221985,3.41338166463756,,,-4.95705243652739,0.92,161.000695633612,,783.8,166.571899322058,100.0,,,,1587.33333333333,
United Kingdom,2013.0,,13.0451832907,100.0,7.07610042765381,0.633392108618073,14.988480137732,0.48620143532753,0.616746469498848,34.8359334304507,13.6651728823286,1.79232221590813,5.18,362.77785426476,,3529.641656,61.9991119149908,100.0,11.4340020904081,,64.5925288277872,5.27655172413793,
United Kingdom,2014.0,,12.42114237,100.0,6.43334699951386,0.745014534118938,19.2628536831965,0.415347635746002,0.49151553983355,38.9010492949259,17.5052864211302,3.19578246561922,6.53,393.179948956372,,3497.774408,59.0948041195932,100.0,11.5812862238081,,60.9687646327242,5.02413793103448,
United Kingdom,2015.0,1213.4,13.9130434783,100.0,6.15937636059612,0.631166672145544,24.8400504227664,0.503706395626068,0.302954009537778,41.5023031196144,22.9703052717954,2.2202583222271,7.71,358.812639818227,,3455.258742,57.2035496863734,100.0,13.1204197977575,,53.1808559978118,5.62758620689655,
United Kingdom,2016.0,1381.9,14.3546462063,100.0,5.82450269116313,0.57891843174863,,0.347932636737823,0.247595239214295,44.2916382063396,,1.9210634135702,7.68,354.455181212344,,3350.50803,59.7003984143761,100.0,,,,5.80620689655172,
United Kingdom,2017.0,1130.4,14.3546462063,100.0,5.55329149720857,0.594050752899665,,0.380708187818527,0.354470949854152,,,2.65506966811928,8.81,363.866213215791,,3316.20803,63.1216500310687,100.0,,,,5.80620689655172,
United Kingdom,2018.0,853.4,14.3546462063,100.0,5.42512840439105,0.571108913982411,,0.07756457477808,0.561546989274838,,,1.40379208588568,10.09,368.974138320126,,3401.60803,64.542648250433,100.0,,,,5.80620689655172,
United Kingdom,2019.0,484.7,14.3546462063,100.0,5.17584247261224,0.604721474036011,,0.527470409870148,0.487798795551318,,,1.64161099628876,11.39,375.031258348251,,3445.00803,64.6651336372235,100.0,,,,5.80620689655172,
United Kingdom,2020.0,765.3,14.3546462063,100.0,4.60114225090135,0.660080749403124,,0.481457024812698,0.26016789745745,,,-10.3599008187799,13.5,336.17839194395,,2980.60803,58.7745593759029,100.0,,,,5.80620689655172,51.45
United States,2013.0,,27.5131601435,100.0,16.1111752638496,1.32108416447024,12.6379191222813,0.643072605133057,0.24793731814635,40.7311871893113,6.32000921832263,1.84187539518688,9.08,39.9159476398638,,54635.8,30.0023671411205,100.0,11.6849567099973,,67.8246484698098,15.4065886112385,0.0
United States,2014.0,,27.8375722066,100.0,16.0409167568247,1.17206510494526,12.9538270902926,0.582419633865356,0.274257169834736,40.7126558917254,6.90002861670197,2.28777593255359,9.22,40.353322614857,,54828.4,29.9979997800853,100.0,11.680856159034,,67.4619532149337,15.5882501568346,0.4
United States,2015.0,3462.6,28.1619842696,100.0,15.5600154435853,1.03393378310334,13.2285932109672,0.662890195846558,0.021166889773666,42.7982619576583,7.38695495139919,2.70636958176399,9.03,40.9680018763042,,55038.0,27.8122335024973,100.0,11.8743317712829,,67.0787014713357,15.7699117024308,0.4
United States,2016.0,3161.2,28.1619842696,100.0,15.1498827249693,0.942644552842604,,0.385635316371918,0.0830654629866909,43.5101449687439,,1.66747207596187,9.46,41.6511318676711,,55155.3,26.5869993604609,100.0,,,,15.7699117024308,-0.24
United States,2017.0,2984.6,28.1619842696,100.0,14.8232454359428,0.946868677532138,,0.26220178604126,0.134836875414781,,,2.24192121597748,9.92,42.5849174297072,,54934.0,27.2791610220074,100.0,,,,15.7699117024308,-0.2666666666666667
United States,2018.0,2696.3,28.1619842696,100.0,15.2225180998504,0.903900642655548,,0.386042565107346,0.258247054603792,,,2.9453848312678,10.12,43.8392071280897,,56188.0,27.6103792720958,100.0,,,,15.7699117024308,0.4
United States,2019.0,2594.3,28.1619842696,100.0,14.6733807134556,0.838812891431208,,0.117876663804054,0.290869439091883,,,2.29443907769311,10.42,44.8450710277874,,55043.3,26.4519494737854,100.0,,,,15.7699117024308,0.5599999999999999
United States,2020.0,2431.1,28.1619842696,100.0,13.0328279519898,0.948847431791134,,-0.0269290637224913,0.146289957408526,,,-2.76780251140578,11.16,43.6038480256386,,47628.8,23.3837618777961,100.0,,,,15.7699117024308,13.24375
Uruguay,2013.0,,9.7860962567,99.611808,2.17604504936147,7.61620062705491,80.8523409363745,0.804738223552704,0.0320170298431858,95.8601630434783,10.4870519636426,4.63753862902416,51.87,15.2088575939174,,152.3,49.7178464746233,100.0,13.1854430231224,,19.1476590636255,3.96963123644252,
Uruguay,2014.0,,9.7860962567,99.657085,1.91658248964667,6.73546217242537,90.7260852862082,0.99187958240509,0.0380518645392469,95.9061538461538,16.5885516711487,3.23879122952364,56.7,15.7014407397799,,164.4,49.0876240632174,100.0,14.7506892110662,,9.27391471379178,3.96963123644252,
Uruguay,2015.0,<100,9.7860962567,99.70948,1.95637850746058,6.13144194290358,88.5589519650655,0.994889318943024,0.0115314753747784,94.5963581183612,28.3988355167394,0.370741257681345,59.4,15.7596524586527,,185.0,45.3282408087534,100.0,,,11.4410480349345,3.96963123644252,
Uruguay,2016.0,<100,9.7860962567,99.7,1.91140810471485,6.67872020837096,,1.04852175712585,0.008527876631924,96.0832618683002,,1.68979815933486,60.32,16.0259587758166,,190.9,48.4705339533002,100.0,,,,3.96963123644252,
Uruguay,2017.0,<100,9.7860962567,99.8,1.78358950382795,5.30923813613541,,1.04009079933167,0.0047628337511064,,,1.74037649262446,60.82,16.3048707950686,,195.1,46.3779559876727,100.0,,,,3.96963123644252,
Uruguay,2018.0,<100,9.7860962567,99.8,1.91001452564632,5.71880325477986,,1.02394342422485,0.0074687159028193,,,0.156000001137912,60.83,16.3303063936944,,194.2,47.9167109925625,100.0,,,,3.96963123644252,
Uruguay,2019.0,<100,9.7860962567,99.9,1.98538155745128,6.55670764361329,,1.02817916870117,0.0058260904727472,,,0.744431644977666,59.34,16.4518743622109,,198.7,49.5573052535871,100.0,,,,3.96963123644252,
Uruguay,2020.0,<100,9.7860962567,100.0,1.89971905049917,6.49143461609302,,1.05488479137421,0.0034008282205453,,,-6.26297681887324,61.09,15.4214972846355,,194.4,46.0172766973717,100.0,,,,3.96963123644252,
Uzbekistan,2013.0,,144.2946818341,99.7837219238281,3.69856695058724,27.8106018166029,21.3284132841328,-0.536078989505768,7.28856912993282,7.18295058781932,0.0,7.29655036878682,1.19,1.4950094281006,3.5,241.3,42.3669055878349,99.5590661155147,1.91706736502013,3.0,78.6715867158672,307.928736570379,
Uzbekistan,2014.0,,144.7089188414,99.8403930664063,3.40963401034538,28.6963289476955,21.3537906137184,-0.273108631372452,4.88837665581086,7.25677070486671,0.0,6.87383844617584,1.4,1.5932002476642,3.5,224.1,36.3590791417622,99.6752656585092,,3.0,78.6462093862816,308.812729498164,
Uzbekistan,2015.0,579.7,158.1301978778,99.89208984375,3.17449495030177,29.2207185669537,20.6529329608939,-0.374532461166382,2.91556133429393,7.32822121540431,0.0,7.21877350346286,1.71,1.56322569354161,3.5,209.8,30.7505086634936,99.7808930802028,,3.0,79.3470670391062,337.454100367197,
Uzbekistan,2016.0,667.2,156.438199025,99.9363708496094,3.30740488383849,29.2766543055556,,-0.280753701925278,1.75021563421201,6.11109734513274,,5.9321508024275,1.61,1.67386905870637,3.5,216.9,29.1922970389217,99.871065554258,,3.0,,333.843329253366,
Uzbekistan,2017.0,709.4,168.9131058216,99.9721069335938,3.38725662733184,28.6584674004586,,-0.244979038834572,3.32217396691367,,,4.39527463456371,1.75,1.61838477006597,3.5,226.7,47.7846593573224,99.9435933955839,,3.5,,360.46511627907,
Uzbekistan,2018.0,898.7,168.9245770003,99.9921875,3.42032279304893,26.5627125272116,,-0.304469525814056,6.75288149255514,,,5.87974286685132,1.49,1.71342527149382,3.5,332.4,71.2055619132955,99.984224183344,,3.5,,360.489596083231,
Uzbekistan,2019.0,1328.4,168.9245770003,99.9989929199219,3.50466269708326,24.3818233989593,,-0.296665459871292,4.16917666591547,,,5.98156194197317,1.56,1.81591486543764,3.5,342.9,72.5183267330503,99.9979682448338,,3.5,,360.489596083231,
Uzbekistan,2020.0,1893.2,168.9245770003,100.0,3.37630378548758,24.8538332217675,,-0.436710476875305,1.65179797036212,,,1.995585081437,1.03,1.85215299158391,3.5,388.0,61.8391899034761,100.0,,3.5,,360.489596083231,
Uzbekistan,2021.0,2333.4,,99.9,,24.6182884605959,,-0.252974152565002,8.43809016319972,,,7.40336813639082,,,3.5,,63.848290989831,99.7982772935991,,3.5,,,
Vanuatu,2013.0,,,31.7,0.424613142896173,21.5212297048485,15.0664697193501,1.1603866815567,0.0,96.6754545454546,,0.463390415135095,40.92,,3.0,0.0,106.410757127713,13.7640357070809,,3.0,,,
Vanuatu,2014.0,,,49.1151237487793,0.588677679520759,23.3960250766973,15.3153153153153,0.636045277118683,0.0,96.25875,,3.13686729438693,31.51,,3.5,0.0,105.390156062425,36.2227187745659,,3.0,,,
Vanuatu,2015.0,,,52.2605628967285,0.485823222567086,22.4211305974365,21.259842519685,0.458486795425415,0.0,94.2942857142857,,0.366522075389213,35.62,,3.5,0.0,113.047189826381,39.9283852774807,,3.0,,,
Vanuatu,2016.0,,,57.82,0.534217457929934,21.682977794043,,0.489710420370102,0.0,81.4888888888889,,4.68875636558563,33.15,,3.5,0.0,109.543485190126,46.5896435134142,,3.0,,,
Vanuatu,2017.0,,,62.8,0.485806524967354,21.3702325875497,,0.67628401517868,0.0,,,6.31730538443077,35.69,,3.5,0.0,105.524349503104,53.001173071145,,3.0,,,
Vanuatu,2018.0,<100,,61.598991394043,0.597044043350443,21.2191878696463,,0.802380979061127,0.0,,,2.90023027256446,29.7,,3.5,0.0,98.3408089548684,50.8897420810468,,3.0,,,
Vanuatu,2019.0,<100,,64.5021820068359,0.548284516629216,,,1.00210762023926,0.0,,,3.24118765540442,31.63,,3.5,0.0,99.3829688227082,54.2777651451802,,3.0,,,
Vanuatu,2020.0,<100,,67.2990570068359,0.389174968317372,,,0.88242495059967,0.0,,,-4.99249142889525,26.03,,3.5,0.0,62.9663867948803,57.535905741391,,3.0,,,
Vanuatu,2021.0,<100,,70.0427703857422,,,,0.900379121303558,0.0,,,0.648653484834938,22.73,,3.5,,60.4694023394892,60.7313451736013,,3.0,,,
"Venezuela, Bolivarian Republic of",2013.0,,7.5403666667,99.3690948486328,6.04673480188247,4.90255007324048,67.8345241961676,-1.07763242721558,1.6005002987095,55.2883093563512,0.0,1.34309403607476,15.29,,,1389.38,54.2777612672313,94.7153767012845,8.24705905142355,,32.1654758038324,2.81007453416149,
"Venezuela, Bolivarian Republic of",2014.0,,7.5403666667,100.0,5.93629544714916,5.02675356618482,68.2627042346144,-0.852002203464508,1.01230165098152,55.3388946110964,0.0,-3.89438647450662,12.01,,,1357.88,48.0908135255646,100.0,,,31.7372957653856,2.81007453416149,
Viet Nam,2013.0,,18.1303153792,98.5282669067383,1.82011205575892,15.2156122465137,41.6620020151295,0.25057727098465,1.89759224165418,28.3086766907505,0.115949909639036,5.55351081026072,37.37,2.5669692641444,3.5,1630.58,130.846355271514,97.8285986805144,6.93720399976552,3.5,58.3379979848705,22.7761393355962,
Viet Nam,2014.0,,18.1303153792,99.2,1.98057545667748,14.8803489262721,42.9814065130943,-0.0223473571240902,1.81559710006401,27.7265751067869,0.104610754845413,6.42224312118567,36.69,2.73182627113386,4.0,1701.38,135.410520598482,98.8534275274218,,3.5,57.0185934869057,22.7761393355962,
Viet Nam,2015.0,,18.1303153792,99.2542114257813,2.18581455940173,14.4747261789554,36.7320576972006,0.0638082250952721,0.955360688400479,24.3613604206501,0.118082240039665,6.98715430598611,26.54,2.92270318806945,4.0,1528.58,144.914227878445,98.8738975855119,,3.5,63.2679423027994,22.7761393355962,
Viet Nam,2016.0,,18.1303153792,99.2,2.38415951269911,13.818255373086,,0.226832523941994,0.647751850214497,23.477514182338,,6.69000892660424,26.97,3.11823229224944,,1670.68,145.409507144464,98.7784394595682,,,,22.7761393355962,
Viet Nam,2017.0,190.1,18.1303153792,100.0,2.44464478063074,12.9298794852358,,0.211421594023705,0.709986950508226,,,6.94019037359206,28.52,3.33464354962238,,1730.38,160.980083499995,100.0,,,,22.7761393355962,
Viet Nam,2018.0,198.3,18.1303153792,100.0,3.01471126646524,12.3066684310427,,0.0327426008880138,0.748404606639639,,,7.46500685572751,24.59,3.58357491921576,,1987.68,164.663936753937,100.0,,,,22.7761393355962,
Viet Nam,2019.0,484.4,18.1303153792,99.4,3.56784836932601,11.7845285540384,,0.0389102399349213,0.524430209128803,,,7.35926270105006,20.65,3.8472996116098,,2205.68,164.704214531318,99.0532096121598,,,,22.7761393355962,
Viet Nam,2020.0,596.9,18.1303153792,99.8,3.67644008813984,12.6554035685555,,-0.0385358110070229,0.23723570962839,,,2.86541320912272,19.11,3.95754064287539,,2081.68,163.245862900709,99.7404085540462,,,,22.7761393355962,
Yemen,2013.0,,169.7619047619,75.6,1.03116654082667,17.6849846839613,0.0,-2.37482810020447,6.09806128564715,80.9801631878558,0.0,4.82351908167425,0.76,16.5659609687776,3.0,198.9,52.5118781366933,64.0333307675776,0.0,3.0,100.0,169.761904761905,
Yemen,2014.0,,169.7619047619,66.1,0.988347189221146,17.6765738204306,0.0,-2.66557502746582,4.80996195243974,77.7607188318982,0.0,-0.188690238506624,0.76,16.5347026175147,3.0,203.1,49.837171254394,50.6249449510896,,3.0,100.0,169.761904761905,
Yemen,2015.0,3494.7,169.7619047619,67.4148864746094,0.475239900205302,20.2059373993482,0.0,-2.66801619529724,0.336626365904688,65.9595496129486,0.0,-27.9945462449555,1.96,11.9058876467887,3.0,83.4,31.6375376299038,53.6530549518926,,2.5,100.0,169.761904761905,
Yemen,2016.0,3591.7,169.7619047619,68.8558654785156,0.34280246342813,25.0909130889417,,-2.78448867797852,0.0412424916439234,74.4859375,,-9.37512382197683,2.64,10.7896959377968,3.0,70.5,32.6462708048237,55.6391999169126,,2.5,,169.761904761905,
Yemen,2017.0,3379.2,169.7619047619,79.2,0.322370466733983,26.9610663617908,,-2.93431544303894,0.194366502137242,,,-5.07179564170332,2.94,10.2424646094706,2.5,66.7,44.9524329173266,71.4220755246116,,2.5,,169.761904761905,
Yemen,2018.0,2916.9,169.7619047619,62.0,0.36861354015115,28.7451403143326,,-2.9960310459137,0.716948954598172,,,0.7524475922704,2.91,10.3195337878137,2.5,79.4,58.9022786113933,,,2.5,,169.761904761905,
Zambia,2013.0,,2.8354978355,30.0527019500732,0.278215075625981,8.22652318427817,99.8571428571429,0.435933291912079,0.0020511474516541,61.2319811320755,0.0,5.05723173979734,84.56,12.5456031573689,3.5,271.6,80.4560202470082,8.40793519568485,9.67483336418316,3.5,0.142857142857143,1.96009975062344,
Zambia,2014.0,,2.8354978355,27.9,0.297754583504815,6.77959785217865,97.1630224190423,0.156212016940117,0.0016115178346137,60.8874791666667,0.0,4.69799236252986,83.77,13.1349946355354,3.5,281.7,76.1936630889598,4.17972605412577,,3.5,2.83697758095765,1.96009975062344,
Zambia,2015.0,3640.6,2.8354978355,31.1,0.305054765965277,4.98083656431146,96.993823945234,0.144709780812263,0.0014979739639855,59.2361538461538,0.0,2.92037511217961,83.09,13.5185857498577,3.5,292.4,79.8654168098113,4.69757116262552,,3.5,3.00617605476598,1.96009975062344,
Zambia,2016.0,3994.6,2.8354978355,35.3772201538086,0.316995214805364,6.22847198956029,,0.132928282022476,0.0034572971675369,52.610626118068,,3.77667914626731,83.07,14.0291393587428,3.5,298.4,73.958561254616,9.90986030475032,,3.5,,1.96009975062344,
Zambia,2017.0,4169.4,2.8354978355,40.3,0.393726369451731,4.0242711937365,,0.142042592167854,0.0092176081959433,,,3.50433609558682,81.89,14.5207675531914,3.5,303.6,71.5856946542566,13.9976972725785,,4.0,,1.96009975062344,
Zambia,2018.0,4665.7,2.8354978355,40.2293395996094,0.440527424110472,3.34112399209449,,0.0825254991650581,0.0152571219163883,,,4.03449389667165,81.87,15.1066070338748,3.5,312.7,74.8883695274665,12.4141770718347,,4.0,,1.96009975062344,
Zambia,2019.0,5176.7,2.8354978355,43.0,0.414336363523101,2.86077493680796,,-0.117029570043087,0.0107172693849178,,,1.44130602603785,81.48,15.3243394713839,3.5,324.0,68.791204936096,14.248923431746,,4.0,,1.96009975062344,
Zambia,2020.0,6164.4,2.8354978355,44.6040687561035,0.40190271250386,2.9770863463156,,-0.131005376577377,0.0130335660475314,,,-2.78505506545167,81.84,14.8975481786891,3.5,327.1,79.3254878228148,13.9711759167821,,4.0,,1.96009975062344,
Zambia,2021.0,6243.6,,46.685115814209,,3.00091831966268,,0.0523477457463741,0.023071220580272,,,6.23492204190059,,,3.5,,86.2085111865148,14.500954556116,,4.0,,,
Zimbabwe,2013.0,,32.2826699211,40.6441612243652,0.901248223773483,7.1444794463575,53.9393939393939,-0.665949761867523,0.237782924928686,33.2878155339806,1.73458725182863,3.1967308868621,79.04,5.60695501168996,3.0,450.7,58.6564939956063,18.9130144456438,3.2958428009259,2.0,46.0606060606061,28.0485318107667,
Zimbabwe,2014.0,,32.0773094255,32.3,0.866838489398591,8.74530422877265,55.605425892679,-0.713570177555084,0.354320371773567,30.6941481481481,1.43626570915619,1.48454262162193,80.45,5.72662153880965,3.0,453.4,54.6716154208067,7.69180952171169,,2.0,44.394574107321,27.8701060358891,
Zimbabwe,2015.0,5022.1,31.8719489298,33.7,0.846962441443576,8.28424690276128,52.724276444536,-0.619207262992859,0.183142290827071,29.2472822580645,1.3286641260686,2.02364999592871,81.0,5.88015334315169,3.5,460.6,56.7488111052137,10.9493185304854,,2.0,47.275723555464,27.6916802610114,
Zimbabwe,2016.0,5307.1,31.9376642884,42.4655876159668,0.723061926681678,7.87398582101493,,-0.620809733867645,0.0898781064370367,28.7954595086442,,0.900955396308504,82.07,5.9209228137323,4.0,453.2,51.2190246437312,21.9460896699768,,2.0,,27.7487765089723,
Zimbabwe,2017.0,5295.3,31.3462260608,43.9790649414063,0.663069149889218,8.34096887222262,,-0.710430860519409,0.228355560157652,,,4.08026390333053,82.63,6.2787859030648,4.0,455.0,50.0297122591029,24.2441696422057,,2.5,,27.2349102773246,
Zimbabwe,2018.0,5144.6,35.405385383,45.4002876281738,0.73543480467685,7.31937514619024,,-0.721038401126862,0.145214272207707,,,5.00986678330221,80.43,5.83743042524569,4.0,480.8,54.5502703965288,26.3791379428225,,2.5,,30.7616774143556,
Zimbabwe,2019.0,4934,35.405385383,46.6820945739746,0.663338328142275,9.8192615952631,,-0.943286120891571,0.107138787781479,,,-6.33244642559313,81.52,5.46777827093573,4.0,476.8,55.7959609917419,28.2849595250086,,3.0,,30.7616774143556,
Zimbabwe,2020.0,4909.3,35.405385383,52.7476674999602,0.530483547000938,8.77285875274445,,-1.05272817611694,0.0788954436046531,,,-7.81695061846828,84.36,5.04036474356934,4.0,464.4,47.3133654207503,37.0602477714791,,3.0,,30.7616774143556,
Zimbabwe,2021.0,4576.5,,48.9799270629883,,8.84989924895694,,-0.954425930976868,0.113046926206251,,,8.46801690894254,,,4.0,,50.847128366698,31.6354636274113,,3.0,,,
